source_uid,target_uid,layer,head,attention_weight
77016152,5407978252,1,0,0.017359334975481033
250831971,2002400427,1,0,0.008154211565852165
1008219412,1306484861,1,0,0.02428940311074257
1009728383,5531506227,1,0,0.02218053862452507
1020217901,1306484861,1,0,0.02424866519868374
1035487817,7866135934,1,0,0.014625949785113335
1041705884,1041705884,1,0,0.006742366123944521
1050630677,7767144248,1,0,0.01712283305823803
1060462954,6420654776,1,0,0.042543403804302216
1076663271,7765668071,1,0,0.042513158172369
1079442750,7160110296,1,0,0.011557690799236298
1082972395,7804300115,1,0,0.04554075747728348
1084377574,1647256370,1,0,0.01197102665901184
1087970883,6420654776,1,0,0.02390236407518387
1102009707,3082731712,1,0,0.04256961867213249
1102882352,3847642518,1,0,0.03434786945581436
1104186314,5955730111,1,0,0.04576340317726135
1105009104,3412668714,1,0,0.0078474972397089
1114182737,2201915244,1,0,0.04254034534096718
1136385381,7467277921,1,0,0.05532160773873329
1140574977,7760290512,1,0,0.005201199557632208
1144020075,3317704373,1,0,0.020558414980769157
1155096084,3778125742,1,0,0.005536986049264669
1157920844,3217742437,1,0,0.0061456989496946335
1158316713,5250260756,1,0,0.045475177466869354
1159587683,7844581127,1,0,0.006705205887556076
1163831055,3217035437,1,0,0.020535433664917946
1164839511,3778125742,1,0,0.01975799910724163
1188472987,1188472987,1,0,0.013113108463585377
1190090017,2201915244,1,0,0.023251116275787354
1190090017,3317704373,1,0,0.045345257967710495
1195589664,7240026510,1,0,0.006357128266245127
1204418163,1875293522,1,0,0.02386579103767872
1204547712,1850017837,1,0,0.0424841083586216
1215693853,3082731712,1,0,0.002997608622536063
1216009185,7467277921,1,0,0.025168217718601227
1220094840,2909406375,1,0,0.02247706428170204
1223507343,1297975973,1,0,0.06724081188440323
1224397412,7380722614,1,0,0.04963924363255501
1224415880,6837278495,1,0,0.10695578902959824
1224415880,6839422251,1,0,0.060152530670166016
1225514872,2136848625,1,0,0.045475397258996964
1225514872,5789387121,1,0,0.006428906228393316
1226232803,5543176559,1,0,0.01197675708681345
1247843004,2217048775,1,0,0.0124301603063941
1249909345,6420654776,1,0,0.006755402777343988
1253505270,2090591961,1,0,0.04551916942000389
1265389501,7767144248,1,0,0.012456505559384823
1266362847,3098510521,1,0,0.0316413938999176
1269335542,2090591961,1,0,0.006705205887556076
1273590234,2427613143,1,0,0.02425316721200943
1273802294,3217035437,1,0,0.006425244268029928
1275821037,1306484861,1,0,0.012391826137900352
1276901957,2217048775,1,0,0.0030512225348502398
1279546101,3217035437,1,0,0.0030132276006042957
1289060530,1719397245,1,0,0.012444071471691132
1298177241,2018925253,1,0,0.0333668477833271
1301677522,2090591961,1,0,0.0131527716293931
1306484861,1306484861,1,0,0.017339931800961494
1307484530,6618737705,1,0,0.0029970768373459578
1334278383,3217742437,1,0,0.021216681227087975
1340403461,5407978252,1,0,0.006705205887556076
1342162192,6272876985,1,0,0.014596748165786266
1349210304,5311962099,1,0,0.031636156141757965
1352201130,3217035437,1,0,0.04252077639102936
1354456794,3217742437,1,0,0.04553325101733208
1367884197,2427613143,1,0,0.021244768053293228
1370466901,7467277921,1,0,0.023873528465628624
1381089144,1647256370,1,0,0.022456103935837746
1393613294,5311962099,1,0,0.05456556752324104
1396285351,3082731712,1,0,0.0454169362783432
1398212520,7380722614,1,0,0.02426813915371895
1400667804,1497609517,1,0,0.006750637199729681
1411404647,1647256370,1,0,0.054494451731443405
1413781974,1306484861,1,0,0.012450543232262135
1419770800,7767144248,1,0,0.022474654018878937
1421178721,1497609517,1,0,0.0029916211497038603
1425187440,2090591961,1,0,0.012457520700991154
1428630687,7380722614,1,0,0.023886818438768387
1450000950,1821525001,1,0,0.015292629599571228
1483050955,2090591961,1,0,0.11655343323945999
1491464164,3082731712,1,0,0.020583635196089745
1493067267,3217742437,1,0,0.009090247564017773
1493067267,6560668913,1,0,0.0037563182413578033
1557175617,3778125742,1,0,0.0031530007254332304
1563292752,1816029971,1,0,0.005538884550333023
1565221364,2018925253,1,0,0.020380930975079536
1567038160,5428423860,1,0,0.0038751154206693172
1567946024,3217742437,1,0,0.002998681040480733
1569465592,6483039487,1,0,0.0067263413220644
1571217812,3217742437,1,0,0.0031592538580298424
1579318190,1554226303,1,0,0.0031558722257614136
1580736222,3217035437,1,0,0.01244967058300972
1583856372,5428423860,1,0,0.009103086777031422
1588019775,5428423860,1,0,0.023247959092259407
1589731661,2090591961,1,0,0.005208806600421667
1592906625,1816029971,1,0,0.012416264042258263
1593148562,7240026510,1,0,0.23208048939704895
1596126327,3317704373,1,0,0.029778501018881798
1596325883,2090591961,1,0,0.032679177820682526
1600908824,2891416631,1,0,0.02426578290760517
1600908824,5250260756,1,0,0.006714676972478628
1600908824,7767144248,1,0,0.04700232669711113
1601978401,1306484861,1,0,0.012452132068574429
1605293554,3217035437,1,0,0.04252636060118675
1609307762,2219969573,1,0,0.008786333724856377
1615724125,2090591961,1,0,0.008076086640357971
1616988417,3847642518,1,0,0.042501650750637054
1626205887,5250260756,1,0,0.02035994827747345
1627128191,7804300115,1,0,0.008689668960869312
1628704454,7467277921,1,0,0.025163546204566956
1636097451,6483039487,1,0,0.004627932794392109
1637804344,3217742437,1,0,0.02517559379339218
1638579377,1297975973,1,0,0.013270782306790352
1641587561,6788591973,1,0,0.022441431879997253
1644167225,1297975973,1,0,0.11584972590208054
1645026453,6153121801,1,0,0.00785141158849001
1651909015,1195908387,1,0,0.045522838830947876
1651911632,1275418863,1,0,0.017795266583561897
1657098895,2201915244,1,0,0.051727961748838425
1660689347,1645599505,1,0,0.006705205887556076
1663306463,2090591961,1,0,0.030609631910920143
1665074831,1797539504,1,0,0.0061507755890488625
1668299217,3217035437,1,0,0.024272266775369644
1671739735,6001863056,1,0,0.022079922258853912
1674590241,5250260756,1,0,0.04250093922019005
1677256504,1306484861,1,0,0.02241634763777256
1680847394,7506746741,1,0,0.011686776764690876
1683529827,7765668071,1,0,0.003802335588261485
1683705650,1195908387,1,0,0.02853626012802124
1684577171,3217742437,1,0,0.024272266775369644
1685037187,1719397245,1,0,0.056511346250772476
1686096563,7946457588,1,0,0.11435867846012115
1691573063,1306484861,1,0,0.04255920276045799
1691995232,7380722614,1,0,0.0062330011278390884
1691995232,7844581127,1,0,0.009100422263145447
1694760504,7467277921,1,0,0.0028227155562490225
1696256335,6065301364,1,0,0.02425697259604931
1696707511,1816029971,1,0,0.0239077378064394
1697747120,5926318749,1,0,0.009109513834118843
1698194380,1306484861,1,0,0.05171230807900429
1705189843,5789387121,1,0,0.011968307197093964
1705968887,1816029971,1,0,0.03288424387574196
1706497993,1797539504,1,0,0.003014614339917898
1712344213,6420654776,1,0,0.014539157971739769
1713066740,5070705161,1,0,0.11436103284358978
1713156365,2018925253,1,0,0.0075149149633944035
1713849991,6425881183,1,0,0.04546701908111572
1714852885,1645599505,1,0,0.051714297384023666
1714852885,5939204645,1,0,0.006143898703157902
1722034007,3098510521,1,0,0.017812585458159447
1724962892,1797539504,1,0,0.023272819817066193
1725876043,5250260756,1,0,0.464015930891037
1728534704,2090591961,1,0,0.3436160087585449
1728543651,7240026510,1,0,0.5683115124702454
1728860841,1737850362,1,0,0.558573842048645
1728860841,2090591961,1,0,0.5865084528923035
1728860841,3778125742,1,0,0.6124675273895264
1728860841,5020552519,1,0,0.5444040894508362
1728860841,5311962099,1,0,0.020594758912920952
1728860841,5531506227,1,0,0.0030467924661934376
1728860841,6839422251,1,0,0.09502139687538147
1729321410,3778125742,1,0,0.024274097755551338
1729435613,1719397245,1,0,0.02208257094025612
1729573205,5972505998,1,0,0.002997138537466526
1730107171,1306484861,1,0,0.009275408461689949
1731008637,7506746741,1,0,0.02035994827747345
1731065970,2909406375,1,0,0.038638900965452194
1731086097,6153121801,1,0,0.0131527716293931
1732235607,6483039487,1,0,0.051239289343357086
1732592991,7760290512,1,0,0.016985276713967323
1734230522,3217742437,1,0,0.0031530007254332304
1737002301,6483039487,1,0,0.04244983568787575
1737002301,7767144248,1,0,0.04799185320734978
1737070641,5428423860,1,0,0.005538015626370907
1737089831,2136848625,1,0,0.0071410792879760265
1737765801,2891416631,1,0,0.006303686182945967
1737850362,1737850362,1,0,0.006364240776747465
1739848282,3217742437,1,0,0.02176988497376442
1740655094,3217742437,1,0,0.16443102061748505
1744032673,6243146585,1,0,0.012450543232262135
1744256094,1850017837,1,0,0.04244983568787575
1744365780,3217035437,1,0,0.012462333776056767
1744365780,5226302309,1,0,0.025122348219156265
1744830973,2090591961,1,0,0.023877590894699097
1745099012,2136848625,1,0,0.04258106276392937
1745304521,2090591961,1,0,0.0642390325665474
1748371714,1297975973,1,0,0.046728815883398056
1750189645,3082731712,1,0,0.008085571229457855
1751676312,5250260756,1,0,0.003153923898935318
1751676312,6153121801,1,0,0.008159967139363289
1751676312,7767144248,1,0,0.023913169279694557
1752419970,7804300115,1,0,0.02426578290760517
1756555421,5428423860,1,0,0.006756364367902279
1757730393,2002400427,1,0,0.006366621237248182
1758670473,5789387121,1,0,0.05161385238170624
1759355281,1306484861,1,0,0.002998635172843933
1760266180,7767144248,1,0,0.023921363055706024
1760328720,6276227682,1,0,0.013012386858463287
1761197200,1797539504,1,0,0.0347440205514431
1762198133,6272876985,1,0,0.04558638110756874
1762289434,5789387121,1,0,0.04251968860626221
1762610752,1816029971,1,0,0.03617265820503235
1764669723,1306484861,1,0,0.012444071471691132
1765282493,3412668714,1,0,0.006424371153116226
1766006870,3847642518,1,0,0.009287246502935886
1766797025,6420654776,1,0,0.04568299651145935
1767029373,2090591961,1,0,0.02952764742076397
1767567135,2217048775,1,0,0.01197675708681345
1768036933,6153121801,1,0,0.09292023628950119
1768437524,3412668714,1,0,0.02428429387509823
1768498042,6560668913,1,0,0.021835701540112495
1768661321,6420654776,1,0,0.01955069787800312
1768665863,1275418863,1,0,0.013800835236907005
1769541493,7847210480,1,0,0.03335055708885193
1769699740,5428423860,1,0,0.009105155244469643
1769699740,5926318749,1,0,0.007134422194212675
1769699740,7850599876,1,0,0.0030148818623274565
1769881767,6618737705,1,0,0.024275802075862885
1770019182,1816029971,1,0,0.042535051703453064
1770890027,3217742437,1,0,0.04548297077417374
1771726321,2018925253,1,0,0.042551472783088684
1773011615,1306484861,1,0,0.024305250495672226
1773588075,6437735703,1,0,0.01712515950202942
1774490543,1647256370,1,0,0.024260271340608597
1774609563,3847642518,1,0,0.006155456881970167
1774894487,7847210480,1,0,0.025163546204566956
1775419875,6420654776,1,0,0.0030127239879220724
1776147867,1306484861,1,0,0.04250621050596237
1777652265,5250260756,1,0,0.024304566904902458
1777805561,1297975973,1,0,0.04535213112831116
1778337977,1791873284,1,0,0.022460803389549255
1781054361,7467277921,1,0,0.015486192889511585
1781568237,1306484861,1,0,0.011649655178189278
1783578635,3098510521,1,0,0.0029959010425955057
1783797177,1195908387,1,0,0.04254147782921791
1786175837,5250260756,1,0,0.025122348219156265
1786175837,6788591973,1,0,0.23393982648849487
1789040470,2909406375,1,0,0.12074104696512222
1789723081,6437735703,1,0,0.07671157270669937
1790025437,1297975973,1,0,0.011975129134953022
1792879900,1275418863,1,0,0.006432157009840012
1792879900,2891416631,1,0,0.054622355848550797
1793117301,2008062861,1,0,0.009090247564017773
1793839097,6420654776,1,0,0.0029950083699077368
1796941592,2217048775,1,0,0.05173756554722786
1797539504,1797539504,1,0,0.04256703332066536
1798738522,1497609517,1,0,0.02056443877518177
1800242235,1816029971,1,0,0.02518131025135517
1802067362,1554226303,1,0,0.04251968860626221
1802626467,1797539504,1,0,0.006364918313920498
1803625801,2136848625,1,0,0.028508836403489113
1804091521,3778125742,1,0,0.051736295223236084
1805507904,1297975973,1,0,0.009090247564017773
1805595342,3847642518,1,0,0.011641966179013252
1805824585,6276227682,1,0,0.07116600126028061
1811903663,1811903663,1,0,0.0038730998057872057
1812830637,7946457588,1,0,0.023862546309828758
1816029971,1816029971,1,0,0.006362614221870899
1816555811,1797539504,1,0,0.02389536425471306
1817121380,1816029971,1,0,0.01455969363451004
1819098745,5250260756,1,0,0.006426013074815273
1821525001,1797539504,1,0,0.04799522086977959
1823052635,3217742437,1,0,0.0031530007254332304
1823960932,3082731712,1,0,0.009105155244469643
1824532011,1850017837,1,0,0.009096665307879448
1824681991,3082731712,1,0,0.008078453131020069
1827460937,6425881183,1,0,0.006435089278966188
1827497444,2217048775,1,0,0.11433422565460205
1832054540,2891416631,1,0,0.01586857996881008
1835003467,5428423860,1,0,0.01994139328598976
1835577815,1816029971,1,0,0.026194242760539055
1837376213,1816029971,1,0,0.00675428519025445
1840245473,7804300115,1,0,0.009747679345309734
1840772337,2217048775,1,0,0.07429236173629761
1842782523,5543176559,1,0,0.012455401010811329
1842782523,7341744407,1,0,0.006258712150156498
1842817440,5250260756,1,0,0.03259498253464699
1842817440,7804300115,1,0,0.04545370489358902
1843239054,7767144248,1,0,0.0029975927900522947
1845506087,3217742437,1,0,0.034597110003232956
1845506087,6560668913,1,0,0.02056443877518177
1846119637,2090591961,1,0,0.01680435799062252
1846614551,6065301364,1,0,0.06113870441913605
1847469027,3543420821,1,0,0.10709627717733383
1847912024,3098510521,1,0,0.023854371160268784
1848809100,1554226303,1,0,0.006420711521059275
1851782205,3829981184,1,0,0.045440562069416046
1854400381,3778125742,1,0,0.02325306087732315
1854511882,1737850362,1,0,0.0038730998057872057
1856000570,1306484861,1,0,0.006372667849063873
1856000570,7467277921,1,0,0.02386579103767872
1858291127,3082731712,1,0,0.002998888958245516
1861032474,2217048775,1,0,0.0046231686137616634
1861287570,1647256370,1,0,0.024236055091023445
1862750590,3292333231,1,0,0.017799310386180878
1862817887,3217742437,1,0,0.02427028864622116
1863031164,1850017837,1,0,0.006364918313920498
1863700093,3082731712,1,0,0.003803278785198927
1864594974,6871895822,1,0,0.04250093922019005
1865079010,6788591973,1,0,0.045467764139175415
1865348772,1306484861,1,0,0.04249538853764534
1865394082,2090591961,1,0,0.003871500724926591
1865927432,1306484861,1,0,0.04250350221991539
1866086621,6276227682,1,0,0.020535433664917946
1866280303,1719397245,1,0,0.006152032408863306
1866296807,7765668071,1,0,0.04545857757329941
1868011571,1647256370,1,0,0.10704584419727325
1868790194,6437735703,1,0,0.10705490410327911
1871950051,3217742437,1,0,0.036018241196870804
1874698957,7160110296,1,0,0.023868652060627937
1878982664,3778125742,1,0,0.04542183876037598
1880440934,5250260756,1,0,0.022072620689868927
1881939460,3098510521,1,0,0.0029879894573241472
1882313655,2136848625,1,0,0.021227721124887466
1882313655,7765668071,1,0,0.08276297152042389
1883332187,1297975973,1,0,0.011647571809589863
1884345014,3082731712,1,0,0.006248791236430407
1885397274,5543176559,1,0,0.042520828545093536
1885617617,6420654776,1,0,0.04545168578624725
1887929805,3973292213,1,0,0.01547249499708414
1888550095,5311962099,1,0,0.016979645937681198
1890250623,5070705161,1,0,0.008080288767814636
1890250623,6788591973,1,0,0.015241826884448528
1891371892,6065301364,1,0,0.011964802630245686
1891453755,6437735703,1,0,0.023921363055706024
1893176165,1875293522,1,0,0.006303686182945967
1893673244,5250260756,1,0,0.04805554077029228
1893673244,7767144248,1,0,0.024304049089550972
1895091803,7804300115,1,0,0.006367552559822798
1896492524,5600540896,1,0,0.09300421178340912
1897840032,6420654776,1,0,0.043982166796922684
1899730963,5789387121,1,0,0.019773149862885475
1902835532,6243146585,1,0,0.030204132199287415
1902855323,2891416631,1,0,0.012436626479029655
1903813533,1306484861,1,0,0.04545609652996063
1908350853,1850017837,1,0,0.04269116744399071
1911378152,1275418863,1,0,0.008686082437634468
1913382064,1917488115,1,0,0.0358361154794693
1916727945,2201915244,1,0,0.024272266775369644
1916727945,6420654776,1,0,0.005209052469581366
1916779177,2090591961,1,0,0.003005377948284149
1919125503,1875293522,1,0,0.006156083662062883
1919656940,1188472987,1,0,0.03161567822098732
1921253302,3217742437,1,0,0.009090247564017773
1923512540,3671879202,1,0,0.012455401010811329
1924667901,1306484861,1,0,0.006753868423402309
1925124973,3317704373,1,0,0.024278895929455757
1925196447,1791873284,1,0,0.021227721124887466
1926504564,5250260756,1,0,0.0031536456663161516
1932667390,2427613143,1,0,0.033386096358299255
1934847561,1816029971,1,0,0.0344318263232708
1935780510,2090591961,1,0,0.02250405214726925
1939907527,7767144248,1,0,0.024243155494332314
1941013222,1306484861,1,0,0.011975129134953022
1945421111,5311962099,1,0,0.02950681746006012
1946998331,5428423860,1,0,0.10688844323158264
1947995494,6618737705,1,0,0.09726990014314651
1948136135,5955730111,1,0,0.015278603881597519
1949571457,7380722614,1,0,0.023879392072558403
1951431212,1306484861,1,0,0.001995168859139085
1951605917,6420654776,1,0,0.037163231521844864
1956054824,6560668913,1,0,0.00784902460873127
1957735750,3847642518,1,0,0.024280307814478874
1957735750,7760290512,1,0,0.009090247564017773
1960107865,5600540896,1,0,0.023873528465628624
1961240997,3082731712,1,0,0.0066575245000422
1961811461,7850599876,1,0,0.045456260442733765
1962696443,7734889891,1,0,0.0031516989693045616
1962937910,2201915244,1,0,0.0038730998057872057
1963189641,1306484861,1,0,0.0030132276006042957
1964306911,1816029971,1,0,0.04255736991763115
1964420741,3082731712,1,0,0.0029849691782146692
1964926535,6554603444,1,0,0.02326102927327156
1966296207,1645599505,1,0,0.12070022523403168
1966425923,5428423860,1,0,0.016995759680867195
1970380601,3217742437,1,0,0.009090247564017773
1971294417,2018925253,1,0,0.003871500724926591
1973795483,2136848625,1,0,0.06885894387960434
1977422053,3973292213,1,0,0.02950681746006012
1978279332,3292333231,1,0,0.023873528465628624
1978279913,2891416631,1,0,0.04551508277654648
1978279913,7767144248,1,0,0.04250621050596237
1979879971,1816029971,1,0,0.02215573936700821
1980517153,3217742437,1,0,0.04254317283630371
1982258591,7893929649,1,0,0.012451362796127796
2001689311,6560668913,1,0,0.028530960902571678
2001870045,3082731712,1,0,0.02852448634803295
2002400427,2002400427,1,0,0.024329613894224167
2006967744,1647256370,1,0,0.006147095933556557
2008062861,2008062861,1,0,0.008085993118584156
2009183185,7467277921,1,0,0.02952764742076397
2009827717,5531506227,1,0,0.0038730998057872057
2011253384,7160110296,1,0,0.023891465738415718
2012029167,2090591961,1,0,0.024329984560608864
2012371701,7946457588,1,0,0.007853837683796883
2017571924,7946457588,1,0,0.04544197395443916
2035192127,1306484861,1,0,0.2771214544773102
2038562752,5250260756,1,0,0.07469838112592697
2039509934,7804300115,1,0,0.16391834616661072
2043874157,6560668913,1,0,0.03724749758839607
2044005772,3217742437,1,0,0.0064382171258330345
2044075367,3082731712,1,0,0.014636275358498096
2044556797,1306484861,1,0,0.004633777774870396
2046531181,2201915244,1,0,0.024307020008563995
2052345502,5543176559,1,0,0.03291432186961174
2054440425,5955730111,1,0,0.024549389258027077
2054440425,6153121801,1,0,0.04552505165338516
2054440425,6483039487,1,0,0.04253094643354416
2054440425,6788591973,1,0,0.006705205887556076
2057315464,2217048775,1,0,0.0038730998057872057
2057919773,7866135934,1,0,0.0038730998057872057
2062738765,6788591973,1,0,0.025194918736815453
2063018362,1306484861,1,0,0.027210572734475136
2085049023,5070705161,1,0,0.025216227397322655
2085916463,6001863056,1,0,0.0454430989921093
2090591961,2090591961,1,0,0.04542169347405434
2095733924,1647256370,1,0,0.009090247564017773
2097214345,7765668071,1,0,0.025178611278533936
2100154271,3217035437,1,0,0.023227907717227936
2100200230,3217742437,1,0,0.0030148818623274565
2105442077,3217742437,1,0,0.0030001166742295027
2106690497,1297975973,1,0,0.0030011767521500587
2108758754,7188930130,1,0,0.008081788197159767
2109746983,1297975973,1,0,0.005205377470701933
2109787250,7844581127,1,0,0.0063061402179300785
2110445790,1645599505,1,0,0.04393555968999863
2115035020,1816029971,1,0,0.0030026810709387064
2115941062,1297975973,1,0,0.043927401304244995
2119657280,7240026510,1,0,0.006747126113623381
2122890604,2018925253,1,0,0.009100422263145447
2123003344,1554226303,1,0,0.04250093922019005
2124369041,9165329829,1,0,0.11062886565923691
2125020211,7804300115,1,0,0.08670634031295776
2126460312,3317704373,1,0,0.006159802433103323
2128188492,7341744407,1,0,0.006307459902018309
2128976602,1917488115,1,0,0.002998988376930356
2129407751,1041705884,1,0,0.0029878756031394005
2129487577,1917488115,1,0,0.009103086777031422
2130578203,7767144248,1,0,0.0038742339238524437
2132853267,1816029971,1,0,0.04542183876037598
2133575713,7765668071,1,0,0.00637086620554328
2134427891,1917488115,1,0,0.03601408377289772
2134427891,5955730111,1,0,0.0029892607126384974
2136036001,5250260756,1,0,0.00785059668123722
2138022740,6243146585,1,0,0.01808764971792698
2138083365,2909406375,1,0,0.01808764971792698
2138536734,3973292213,1,0,0.04545613005757332
2141063440,1816029971,1,0,0.02216726914048195
2141559172,3217742437,1,0,0.042541805654764175
2149524777,5543176559,1,0,0.00808714423328638
2150638832,1850017837,1,0,0.006751291919499636
2150694340,1297975973,1,0,0.045468997210264206
2151047035,3973292213,1,0,0.00300263287499547
2159256052,2201915244,1,0,0.02951900288462639
2160474317,6101852007,1,0,0.0030505284667015076
2167400120,6101852007,1,0,0.02539927139878273
2172731622,1647256370,1,0,0.038798216730356216
2172994680,5531506227,1,0,0.005541434045881033
2178709242,3847642518,1,0,0.023896249011158943
2191030060,7804300115,1,0,0.025163546204566956
2194271024,7767144248,1,0,0.003877434879541397
2203458995,7844581127,1,0,0.022489210590720177
2204491133,6272876985,1,0,0.003153923898935318
2204864291,6560668913,1,0,0.002988487482070923
2207438823,1719397245,1,0,0.025236060842871666
2211373945,2201915244,1,0,0.03444496542215347
2211373945,6420654776,1,0,0.007843825966119766
2212708624,3217742437,1,0,0.006749103311449289
2217066377,2217066377,1,0,0.005202982574701309
2217284714,3082731712,1,0,0.04547734931111336
2233131052,1297975973,1,0,0.09087029844522476
2236753315,3217742437,1,0,0.022090837359428406
2237183641,7380722614,1,0,0.0372653529047966
2241131631,5428423860,1,0,0.02035398967564106
2247525322,1821525001,1,0,0.02433089353144169
2250428050,6523666955,1,0,0.051708098500967026
2252557097,5955730111,1,0,0.05169295147061348
2255667324,2201915244,1,0,0.023264190182089806
2257323550,7767144248,1,0,0.011693992651998997
2261355190,3317704373,1,0,0.0546085387468338
2262461494,3098510521,1,0,0.022468961775302887
2266927053,7612876955,1,0,0.04392269253730774
2267814934,7506746741,1,0,0.0061507755890488625
2268551240,3905581452,1,0,0.006755737587809563
2277936631,6483039487,1,0,0.04544680938124657
2280862092,1306484861,1,0,0.2480536550283432
2280966885,1797539504,1,0,0.042599938809871674
2281876423,1797539504,1,0,0.046749528497457504
2282792660,3292333231,1,0,0.03254901245236397
2287336764,3217742437,1,0,0.012433800846338272
2287649464,1497609517,1,0,0.003871500724926591
2288039104,1195908387,1,0,0.04260452464222908
2288985290,1917488115,1,0,0.03728318586945534
2290102181,5250260756,1,0,0.03293994814157486
2296824232,7767144248,1,0,0.03259498253464699
2298212813,1875293522,1,0,0.06898467987775803
2302957412,3671879202,1,0,0.022458797320723534
2302957412,5250260756,1,0,0.012461647391319275
2302957412,7767144248,1,0,0.023874016478657722
2310962647,3543420821,1,0,0.00674818642437458
2314708794,2090591961,1,0,0.012465300038456917
2314909021,3217742437,1,0,0.047954656183719635
2315321560,3847642518,1,0,0.033318132162094116
2317965392,3905581452,1,0,0.006361616775393486
2319237264,5070705161,1,0,0.006237401161342859
2321761900,3543420821,1,0,0.00911534484475851
2326202931,7893929649,1,0,0.014623653143644333
2332234185,7380722614,1,0,0.01528979279100895
2335120563,2090591961,1,0,0.11653181165456772
2339203132,5789387121,1,0,0.03730705380439758
2341530235,7767144248,1,0,0.042560793459415436
2343236425,2090591961,1,0,0.012436626479029655
2345210947,2217066377,1,0,0.04252305254340172
2346206157,6618737705,1,0,0.0030103058088570833
2352384124,1850017837,1,0,0.006747126113623381
2354330157,6065301364,1,0,0.04423781856894493
2354722035,1816029971,1,0,0.014641590416431427
2359735447,7866135934,1,0,0.033363450318574905
2363366540,3217742437,1,0,0.012447718530893326
2363366540,6560668913,1,0,0.0424841083586216
2369923072,3905581452,1,0,0.02395426295697689
2372300315,3847642518,1,0,0.02321498841047287
2374597625,2090591961,1,0,0.004627932794392109
2375312690,7765668071,1,0,0.005540895275771618
2375746444,1791873284,1,0,0.042519450187683105
2376201243,7767144248,1,0,0.0067348298616707325
2381760717,7625326364,1,0,0.009100422263145447
2382554801,7866135934,1,0,0.002999919466674328
2387690287,6618737705,1,0,0.006137031130492687
2390412714,2090591961,1,0,0.023264190182089806
2393499455,7467277921,1,0,0.006314830854535103
2394197215,5789387121,1,0,0.02059708908200264
2397921670,3292333231,1,0,0.004632662050426006
2398050341,6788591973,1,0,0.015286319889128208
2398850425,3217742437,1,0,0.11650533974170685
2400178611,2136848625,1,0,0.03334784135222435
2401362081,7767144248,1,0,0.04252655431628227
2402180855,1816029971,1,0,0.006150037981569767
2406323612,1554226303,1,0,0.023868652060627937
2408657922,5250260756,1,0,0.0028247081208974123
2411988607,3292333231,1,0,0.018120678141713142
2419767744,7341744407,1,0,0.0029989725444465876
2422927235,3778125742,1,0,0.07402947545051575
2423493665,6788591973,1,0,0.006153078284114599
2424689883,3217742437,1,0,0.022482411935925484
2424689883,6560668913,1,0,0.0030003369320183992
2424757174,6618737705,1,0,0.03764904662966728
2425334477,7467277921,1,0,0.04546231031417847
2428371695,5250260756,1,0,0.020517660304903984
2430736564,3082731712,1,0,0.0197285246104002
2435125140,5926318749,1,0,0.04248180240392685
2436824465,6101852007,1,0,0.012433800846338272
2441873181,1554226303,1,0,0.006150037981569767
2441897275,2937990707,1,0,0.002985767787322402
2441977482,5250260756,1,0,0.006753868423402309
2446831020,1195908387,1,0,0.006705205887556076
2446930557,1041705884,1,0,0.006150037981569767
2456708675,7757687460,1,0,0.0029895107727497816
2458255731,1647256370,1,0,0.02023787796497345
2463325380,2002400427,1,0,0.011968307197093964
2463325380,2201915244,1,0,0.09105051308870316
2470834220,3847642518,1,0,0.0037639737129211426
2485916767,2090591961,1,0,0.04396467283368111
2486710787,5250260756,1,0,0.0029474985785782337
2486947565,3973292213,1,0,0.00911327637732029
2495470277,7767144248,1,0,0.023930052295327187
2498998250,3217035437,1,0,0.007842371240258217
2502468967,5250260756,1,0,0.025197770446538925
2506551673,1821525001,1,0,0.025157831609249115
2507350145,5020552519,1,0,0.003001089673489332
2516472111,6420654776,1,0,0.02517559379339218
2526229041,7612876955,1,0,0.020537089556455612
2526315502,6580670764,1,0,0.007940155453979969
2526563811,1917488115,1,0,0.024328460916876793
2526590643,6304429250,1,0,0.01244967058300972
2527660032,1816029971,1,0,0.02384895458817482
2528319882,5789387121,1,0,0.004634250421077013
2530417711,2201915244,1,0,0.0063067045994102955
2538944930,1297975973,1,0,0.002998481271788478
2539430660,1297975973,1,0,0.006723717786371708
2539581455,1554226303,1,0,0.02952764742076397
2540410685,1297975973,1,0,0.006156083662062883
2547901727,2002400427,1,0,0.008078453131020069
2547901727,5428423860,1,0,0.009100422263145447
2553585884,1306484861,1,0,0.007939012721180916
2554148210,2090591961,1,0,0.007108230609446764
2559154297,3082731712,1,0,0.011979478411376476
2561103161,6788591973,1,0,0.023874016478657722
2566732253,6243146585,1,0,0.04254758358001709
2578956847,6871895822,1,0,0.005212354473769665
2586278350,3217035437,1,0,0.002985767787322402
2587445825,6560668913,1,0,0.0029916211497038603
2588284800,5250260756,1,0,0.05458155274391174
2588427110,7804300115,1,0,0.006720942445099354
2589891047,1816029971,1,0,0.03870227187871933
2590335977,5428423860,1,0,0.0030136369168758392
2590335977,5926318749,1,0,0.012457997538149357
2595952642,6420654776,1,0,0.006622442975640297
2598441920,5789387121,1,0,0.0019938305485993624
2598494601,7467277921,1,0,0.012455401010811329
2599391064,3317704373,1,0,0.03462153673171997
2599563620,3973292213,1,0,0.03581897169351578
2605298310,1821525001,1,0,0.015371033921837807
2608144250,1497609517,1,0,0.008156063966453075
2608175473,3217035437,1,0,0.01169502642005682
2615607523,7760290512,1,0,0.006735522300004959
2616514835,2018925253,1,0,0.008155189454555511
2616558492,2090591961,1,0,0.003028676612302661
2618385231,6788591973,1,0,0.023858800530433655
2627429093,7850599876,1,0,0.006705205887556076
2628602713,2090591961,1,0,0.011988530866801739
2630206251,3829981184,1,0,0.04545609652996063
2630802785,3671879202,1,0,0.02321498841047287
2640096287,5574911608,1,0,0.009090247564017773
2643992491,2002400427,1,0,0.003871500724926591
2648474973,3217742437,1,0,0.04252561181783676
2654117967,3217035437,1,0,0.011979478411376476
2656621952,2002400427,1,0,0.023877590894699097
2657931011,1316949123,1,0,0.023921363055706024
2662817813,3082731712,1,0,0.025157831609249115
2667629823,3217035437,1,0,0.09299547225236893
2668466183,6420654776,1,0,0.003009622683748603
2668507541,1875293522,1,0,0.011951426044106483
2669309985,3292333231,1,0,0.005538015626370907
2670258781,1816029971,1,0,0.016800059005618095
2674783177,3217742437,1,0,0.011968307197093964
2680664063,7160110296,1,0,0.006365542765706778
2686415604,6420654776,1,0,0.003154420293867588
2687404797,3082731712,1,0,0.005207020789384842
2692899291,5789387121,1,0,0.050716906785964966
2695720811,1297975973,1,0,0.015479286201298237
2698284755,1275418863,1,0,0.023352501913905144
2706865113,1791873284,1,0,0.004630981478840113
2707136017,6420654776,1,0,0.0031533390283584595
2709987651,3217742437,1,0,0.023264190182089806
2712312611,1737850362,1,0,0.0019957709591835737
2712441052,6420654776,1,0,0.009090247564017773
2712486872,1850017837,1,0,0.016751552000641823
2714856004,5428423860,1,0,0.02527943067252636
2716195911,3317704373,1,0,0.036018241196870804
2717184773,5226302309,1,0,0.04538489505648613
2722434532,5250260756,1,0,0.02425316721200943
2722434532,6153121801,1,0,0.023874016478657722
2729492305,6788591973,1,0,0.008078453131020069
2731081377,5428423860,1,0,0.006150037981569767
2735304482,3292333231,1,0,0.009287246502935886
2737296227,7850599876,1,0,0.008790377527475357
2737348954,1816029971,1,0,0.07678623497486115
2739913222,1816029971,1,0,0.036267999559640884
2739916933,6523666955,1,0,0.12006666511297226
2744083455,1297975973,1,0,0.19657769799232483
2756221917,1647256370,1,0,0.0052062636241316795
2759057317,1306484861,1,0,0.006759053561836481
2759441523,5789387121,1,0,0.054319918155670166
2771986467,7804300115,1,0,0.036051370203495026
2778106523,5250260756,1,0,0.02184149995446205
2778177631,6153121801,1,0,0.045345257967710495
2782266763,5250260756,1,0,0.011975129134953022
2783957877,2008062861,1,0,0.04249655455350876
2785240624,5250260756,1,0,0.015481487847864628
2785240624,6483039487,1,0,0.023355823010206223
2785240624,6618737705,1,0,0.009109513834118843
2790801702,3317704373,1,0,0.02845240756869316
2791403543,7767144248,1,0,0.04533416032791138
2793347685,2201915244,1,0,0.01007445715367794
2793347685,3317704373,1,0,0.04252305254340172
2793347685,5428423860,1,0,0.003154420293867588
2794329980,1875293522,1,0,0.03162751346826553
2803837540,6420654776,1,0,0.011693992651998997
2804576007,7467277921,1,0,0.021222896873950958
2806319925,5250260756,1,0,0.045456260442733765
2806319925,6153121801,1,0,0.006365542765706778
2808086442,1816029971,1,0,0.020368358120322227
2810859462,7946457588,1,0,0.007925244979560375
2812347581,1647256370,1,0,0.030107859522104263
2813454690,7804300115,1,0,0.050716906785964966
2814874944,7765668071,1,0,0.034440282732248306
2815252572,5428423860,1,0,0.003000475699082017
2828835274,2427613143,1,0,0.012455965392291546
2830035983,3217742437,1,0,0.02329886332154274
2831164344,5311962099,1,0,0.005209052469581366
2838496032,1645599505,1,0,0.047933097928762436
2840610715,1850017837,1,0,0.006745874881744385
2854009963,6483039487,1,0,0.002985767787322402
2857550643,5428423860,1,0,0.007134422194212675
2857550643,6420654776,1,0,0.04708639159798622
2864921902,5226302309,1,0,0.006705205887556076
2868558324,5955730111,1,0,0.023862546309828758
2870372034,1554226303,1,0,0.06893601268529892
2875862284,2090591961,1,0,0.020324071869254112
2884540223,7240026510,1,0,0.03680151328444481
2887477154,3317704373,1,0,0.009609019383788109
2890173387,2217066377,1,0,0.04576018452644348
2894051637,7767144248,1,0,0.1861540973186493
2903455721,3973292213,1,0,0.10690679401159286
2904548773,3217742437,1,0,0.014644308015704155
2914587615,6232442780,1,0,0.04549187049269676
2923256815,3217035437,1,0,0.03333407640457153
2925062583,3082731712,1,0,0.008166936226189137
2929543361,7893929649,1,0,0.04255359247326851
2931356587,7804300115,1,0,0.023862546309828758
2931356587,7866135934,1,0,0.00961298868060112
2940677475,3217035437,1,0,0.009746150113642216
2948804022,3412668714,1,0,0.07428070902824402
2953376860,2937990707,1,0,0.006705205887556076
2953376860,5365378896,1,0,0.09939388930797577
2954325032,7866135934,1,0,0.04728454351425171
2954703322,1645599505,1,0,0.003032954642549157
2979443400,6618737705,1,0,0.0425398014485836
2986592521,2002400427,1,0,0.0029996633529663086
2989627804,2136848625,1,0,0.04270879551768303
2991074313,3082731712,1,0,0.009108276106417179
2993063632,3217035437,1,0,0.007824007421731949
2997506332,3217742437,1,0,0.02325640246272087
2997506332,6560668913,1,0,0.023921363055706024
3009528013,3217035437,1,0,0.04547911137342453
3012889857,1297975973,1,0,0.012445406056940556
3012889857,6420654776,1,0,0.012457023374736309
3016651517,1316949123,1,0,0.045492928475141525
3023825623,2136848625,1,0,0.09520749747753143
3027400661,6272876985,1,0,0.006305372808128595
3030300431,1188472987,1,0,0.007848297245800495
3049445697,1816029971,1,0,0.012445406056940556
3053539753,2201915244,1,0,0.023879392072558403
3054456051,7240026510,1,0,0.024330535903573036
3059123933,5789387121,1,0,0.0029950083699077368
3060536095,1647256370,1,0,0.002983995946124196
3061366341,2090591961,1,0,0.00615354347974062
3078105095,2090591961,1,0,0.03950108215212822
3082343995,3098510521,1,0,0.015272114425897598
3083845235,5972505998,1,0,0.009652446024119854
3085284881,6243146585,1,0,0.009603271260857582
3089241893,2201915244,1,0,0.03444496542215347
3092158951,2090591961,1,0,0.047057799994945526
3095061865,3082731712,1,0,0.006422169040888548
3095801057,1306484861,1,0,0.011657847091555595
3097498647,1554226303,1,0,0.009100422263145447
3102885807,5939204645,1,0,0.006426702719181776
3110038137,5250260756,1,0,0.043931666761636734
3117084031,2002400427,1,0,0.012448733672499657
3117084031,5428423860,1,0,0.008078453131020069
3117084031,7850599876,1,0,0.00779160438105464
3123020445,3217035437,1,0,0.04255937412381172
3126175622,5955730111,1,0,0.006420711521059275
3127429293,6502204514,1,0,0.009280234575271606
3136761354,2217048775,1,0,0.05168675258755684
3137474057,2002400427,1,0,0.023874016478657722
3137503355,1816029971,1,0,0.02247823402285576
3142510534,2217048775,1,0,0.03443768247961998
3143975085,1917488115,1,0,0.0029970768373459578
3152920474,2090591961,1,0,0.04249242693185806
3155226064,7804300115,1,0,0.0030166080687195063
3159416630,7200019989,1,0,0.045434944331645966
3165143097,3847642518,1,0,0.06212395802140236
3166454103,2217048775,1,0,0.05973460152745247
3167944545,6153121801,1,0,0.02401868626475334
3168329522,1797539504,1,0,0.036261264234781265
3168363654,5789387121,1,0,0.027277925983071327
3170533115,1195908387,1,0,0.03979341685771942
3171353494,5955730111,1,0,0.006156083662062883
3173322884,6272876985,1,0,0.006705205887556076
3175151102,5365378896,1,0,0.037677496671676636
3177549032,1791873284,1,0,0.02381531521677971
3178522032,3098510521,1,0,0.04255107045173645
3182080140,2002400427,1,0,0.04249655455350876
3182080140,2201915244,1,0,0.04553131014108658
3182080140,5428423860,1,0,0.02056911401450634
3183216730,5250260756,1,0,0.003013000590726733
3183216730,6788591973,1,0,0.008092103525996208
3183216730,7767144248,1,0,0.005544083192944527
3187665272,5250260756,1,0,0.025183754041790962
3191789091,3217035437,1,0,0.01197675708681345
3194863717,7757687460,1,0,0.005538015626370907
3196310282,3082731712,1,0,0.011989098973572254
3197881575,7160110296,1,0,0.022094056010246277
3199193745,7467277921,1,0,0.02977215312421322
3201134251,5543176559,1,0,0.04253401979804039
3202047570,3778125742,1,0,0.004630252718925476
3206133660,2018925253,1,0,0.020558414980769157
3206959331,7804300115,1,0,0.006357128266245127
3217625733,1719397245,1,0,0.008689668960869312
3217878361,1297975973,1,0,0.006756656337529421
3220654543,6420654776,1,0,0.002984649036079645
3220990344,3217742437,1,0,0.045697808265686035
3224220842,6420654776,1,0,0.025178611278533936
3224475965,7506746741,1,0,0.008078453131020069
3226419533,7734889891,1,0,0.0031592538580298424
3229253833,2136848625,1,0,0.006369411945343018
3230571112,6788591973,1,0,0.0038730998057872057
3231231974,3778125742,1,0,0.023874016478657722
3237248910,1850017837,1,0,0.04252973943948746
3253820142,3217742437,1,0,0.018251856788992882
3256979595,7767144248,1,0,0.006745874881744385
3258958961,3973292213,1,0,0.0029920279048383236
3259919771,3412668714,1,0,0.0030103058088570833
3263075754,1297975973,1,0,0.05269526317715645
3264353815,7804300115,1,0,0.0030117472633719444
3266191104,5428423860,1,0,0.04539819061756134
3270271044,6276227682,1,0,0.04700561985373497
3272009764,3217742437,1,0,0.003007617313414812
3272559204,5789387121,1,0,0.02426578290760517
3276247902,7160110296,1,0,0.01547366101294756
3277839405,7866135934,1,0,0.023344015702605247
3281026411,7767144248,1,0,0.002820724155753851
3291242315,1821525001,1,0,0.0061539760790765285
3297536633,1791873284,1,0,0.008166936226189137
3298555275,5987057408,1,0,0.024291405454277992
3305357841,1791873284,1,0,0.002821889240294695
3305927904,1647256370,1,0,0.007841530255973339
3314081325,2219969573,1,0,0.046976134181022644
3320792231,1954778190,1,0,0.009090247564017773
3338118440,1306484861,1,0,0.006754678208380938
3344715030,5250260756,1,0,0.023934492841362953
3344715030,6153121801,1,0,0.04252951592206955
3388330412,5926318749,1,0,0.027155278250575066
3396311052,5250260756,1,0,0.04542169347405434
3412668714,3412668714,1,0,0.006367552559822798
3444444394,2002400427,1,0,0.004513664171099663
3457030580,7847210480,1,0,0.009090247564017773
3478656500,5926318749,1,0,0.04550334811210632
3479606787,2201915244,1,0,0.0038742339238524437
3480486464,6232442780,1,0,0.02951900288462639
3497182123,1816029971,1,0,0.005538015626370907
3506784664,7767144248,1,0,0.006705205887556076
3516613563,5789387121,1,0,0.006309674587100744
3517908584,6437735703,1,0,0.02454311028122902
3541413702,3541413702,1,0,0.020532144233584404
3541678724,7188930130,1,0,0.007938243448734283
3541825070,1645599505,1,0,0.12019281089305878
3543271013,1850017837,1,0,0.039842620491981506
3543583804,5428423860,1,0,0.04769029840826988
3547305065,1816029971,1,0,0.005202982574701309
3549498150,5543176559,1,0,0.052699558436870575
3561643170,3217742437,1,0,0.017339931800961494
3564652312,6560668913,1,0,0.009279238991439342
3592107422,3217742437,1,0,0.06563013046979904
3601293363,3217035437,1,0,0.04543500021100044
3606864955,7341744407,1,0,0.0029473707545548677
3610441363,6001863056,1,0,0.02518131025135517
3612524932,2002400427,1,0,0.009605836123228073
3612524932,5428423860,1,0,0.04256731644272804
3616558417,6483039487,1,0,0.03335307911038399
3616558417,7767144248,1,0,0.003029832150787115
3616558417,7804300115,1,0,0.016987940296530724
3625870344,3317704373,1,0,0.020333997905254364
3630211215,5987057408,1,0,0.0344591923058033
3643174265,5407978252,1,0,0.006308136507868767
3647369394,6153121801,1,0,0.006153078284114599
3649161523,5987057408,1,0,0.04547889903187752
3674224027,1645599505,1,0,0.04555695131421089
3697808905,6304429250,1,0,0.0029950242023915052
3698281894,1297975973,1,0,0.008796167559921741
3718622400,3217035437,1,0,0.023873528465628624
3719057297,7467277921,1,0,0.042535051703453064
3720399483,6618737705,1,0,0.045435186475515366
3720929930,1316949123,1,0,0.0038730998057872057
3730032693,7767144248,1,0,0.045429788529872894
3730032693,7804300115,1,0,0.025172168388962746
3733983767,5955730111,1,0,0.021216681227087975
3735427345,6243146585,1,0,0.02288074977695942
3735646922,5250260756,1,0,0.011951426044106483
3743780822,1875293522,1,0,0.04549798369407654
3750067004,1875293522,1,0,0.042567647993564606
3779630665,2909406375,1,0,0.006428906228393316
3794046457,5250260756,1,0,0.006373224779963493
3794471363,3082731712,1,0,0.015241826884448528
3799376175,6437735703,1,0,0.0426953099668026
3808195430,1875293522,1,0,0.02714228816330433
3809525734,3217742437,1,0,0.0019952382426708937
3814256704,7844581127,1,0,0.006302255671471357
3823374460,1297975973,1,0,0.006705205887556076
3825739699,5311962099,1,0,0.02850436232984066
3826021920,2090591961,1,0,0.04542169347405434
3826297527,6420654776,1,0,0.015471233986318111
3828097315,5543176559,1,0,0.020322419703006744
3828293458,7765668071,1,0,0.007843825966119766
3830427922,2217048775,1,0,0.006752439774572849
3833957011,6276227682,1,0,0.006367552559822798
3838395201,5600540896,1,0,0.003154420293867588
3844241937,1188472987,1,0,0.029807792976498604
3858538566,7188930130,1,0,0.006714676972478628
3872689121,7850599876,1,0,0.01489783264696598
3885235904,6243146585,1,0,0.04549911618232727
3886346797,3217035437,1,0,0.027166493237018585
3887866395,7946457588,1,0,0.002998988376930356
3891927452,1645599505,1,0,0.008158858865499496
3894924082,5250260756,1,0,0.022471141070127487
3894924082,7804300115,1,0,0.006755737587809563
3908770978,2201915244,1,0,0.01536469254642725
3909285343,7767144248,1,0,0.006718503776937723
3932278797,1850017837,1,0,0.04250995069742203
3932700017,5428423860,1,0,0.024327218532562256
3942516362,7461276382,1,0,0.006705205887556076
3944015214,3217035437,1,0,0.12063631415367126
3944334435,7804300115,1,0,0.023353658616542816
3949137663,3098510521,1,0,0.011984424665570259
3960771019,7188930130,1,0,0.0030649693217128515
3961271757,2909406375,1,0,0.015241826884448528
3965264431,2002400427,1,0,0.011559262871742249
3965332335,1195908387,1,0,0.009276865981519222
3965875532,7767144248,1,0,0.009294026531279087
3967670326,5574911608,1,0,0.031637996435165405
3968934524,3217035437,1,0,0.00784561038017273
3969939552,6437735703,1,0,0.01455969363451004
3980787859,7847210480,1,0,0.04544854909181595
3981631677,3217035437,1,0,0.002944203093647957
3991558018,2217066377,1,0,0.00779160438105464
3991558018,6153121801,1,0,0.042465634644031525
4010388662,6420654776,1,0,0.014623653143644333
4012576506,6124100893,1,0,0.006749103311449289
4029903964,5600540896,1,0,0.024260271340608597
4038601565,7804300115,1,0,0.006712709553539753
4051670507,6153121801,1,0,0.015481487847864628
4053237920,6153121801,1,0,0.016989516094326973
4053691655,2427613143,1,0,0.0031533390283584595
4056576928,2201915244,1,0,0.020558414980769157
4060874164,6425881183,1,0,0.042550791054964066
4073024132,7844581127,1,0,0.0030018147081136703
4089469796,6304429250,1,0,0.02428291365504265
4093260210,7200019989,1,0,0.03338516503572464
4093848783,7160110296,1,0,0.04544207081198692
4099476624,7866135934,1,0,0.07678623497486115
5012172822,7767144248,1,0,0.028512708842754364
5015554345,1306484861,1,0,0.006377482786774635
5017891576,3217035437,1,0,0.0506453737616539
5017984506,5250260756,1,0,0.009105155244469643
5017984506,7767144248,1,0,0.04275036230683327
5026581055,5428423860,1,0,0.06722608208656311
5026913713,3778125742,1,0,0.0496283695101738
5032446204,7467277921,1,0,0.06005118787288666
5032960618,1954778190,1,0,0.09732048958539963
5040702834,1306484861,1,0,0.02428429387509823
5054920537,6618737705,1,0,0.07677317410707474
5055884981,3098510521,1,0,0.015500335022807121
5057645881,2008062861,1,0,0.017010198906064034
5057711027,7946457588,1,0,0.0030013101641088724
5078335381,3051163592,1,0,0.009090247564017773
5080827273,5226302309,1,0,0.006246211007237434
5081396513,1816029971,1,0,0.009742126800119877
5090404359,1188472987,1,0,0.04554734006524086
5091244357,6837278495,1,0,0.021216681227087975
5091244357,6839422251,1,0,0.00911327637732029
5092418919,3082731712,1,0,0.024293752387166023
5092418919,7760290512,1,0,0.0037581368815153837
5093234685,7847210480,1,0,0.04253401979804039
5102017098,2008062861,1,0,0.03662897273898125
5105022555,5250260756,1,0,0.0577494241297245
5105022555,7767144248,1,0,0.09957326203584671
5110800687,6272876985,1,0,0.3744998872280121
5116956158,1816029971,1,0,0.44177383184432983
5117130279,6065301364,1,0,0.441808819770813
5119768111,3217742437,1,0,0.029852258041501045
5119768111,6101852007,1,0,0.0071410792879760265
5122872077,5311962099,1,0,0.0030483766458928585
5123348096,1816029971,1,0,0.0061514354310929775
5125090408,1306484861,1,0,0.02247924730181694
5134616573,2018925253,1,0,0.03729858621954918
5136133801,2136848625,1,0,0.007847066037356853
5139226538,6153121801,1,0,0.05273246765136719
5139226538,7866135934,1,0,0.045697808265686035
5140279430,3217035437,1,0,0.0063125998713076115
5140279430,5730240854,1,0,0.008088463917374611
5140279430,7461276382,1,0,0.004635258112102747
5140279430,7734889891,1,0,0.029833287000656128
5140583411,7734889891,1,0,0.04257001727819443
5143261665,3217742437,1,0,0.024274097755551338
5151848656,1719397245,1,0,0.029799940064549446
5163204267,5250260756,1,0,0.07396044582128525
5165396337,7380722614,1,0,0.03767562285065651
5165621981,3905581452,1,0,0.003002188866958022
5168295981,2201915244,1,0,0.023874016478657722
5171954592,5987057408,1,0,0.0262022502720356
5173634609,3412668714,1,0,0.047445327043533325
5177758106,7341744407,1,0,0.002991819055750966
5180004160,7804300115,1,0,0.0031552265863865614
5180414133,6788591973,1,0,0.025246476754546165
5181491799,7734889891,1,0,0.042533282190561295
5181838103,5365378896,1,0,0.03579370677471161
5183768805,1306484861,1,0,0.007851148955523968
5184863933,7734889891,1,0,0.054599251598119736
5186975499,2937990707,1,0,0.006705205887556076
5189479929,7757687460,1,0,0.046961791813373566
5190589411,6272876985,1,0,0.043904565274715424
5196510075,5789387121,1,0,0.014627937227487564
5199672634,7804300115,1,0,0.0029992542695254087
5199672634,7866135934,1,0,0.04549514129757881
5203157774,3973292213,1,0,0.02952764742076397
5203707642,5428423860,1,0,0.014549422077834606
5212960198,6523666955,1,0,0.0067596351727843285
5214400755,6437735703,1,0,0.029790811240673065
5215457600,3671879202,1,0,0.020717712119221687
5215856388,2201915244,1,0,0.042515918612480164
5216359040,1497609517,1,0,0.046976134181022644
5216621276,3217035437,1,0,0.0028243244159966707
5221254250,2219969573,1,0,0.0031530007254332304
5221779743,1917488115,1,0,0.035800348967313766
5223391922,7866135934,1,0,0.042549215257167816
5227463804,2909406375,1,0,0.023858800530433655
5228243570,1645599505,1,0,0.048118144273757935
5229919421,6560668913,1,0,0.01860368251800537
5231510839,6425881183,1,0,0.016656894236803055
5235392814,7767144248,1,0,0.02950681746006012
5235990405,7461276382,1,0,0.008009683340787888
5236617398,3217035437,1,0,0.04712633788585663
5237235070,3847642518,1,0,0.0030003723222762346
5237315820,6232442780,1,0,0.006159104872494936
5240008241,5926318749,1,0,0.008150310255587101
5241103283,5428423860,1,0,0.01463268045336008
5243006556,3671879202,1,0,0.002999213756993413
5243857206,7467277921,1,0,0.04250674322247505
5246164621,3082731712,1,0,0.11441650241613388
5250084887,2002400427,1,0,0.10701585561037064
5250084887,5428423860,1,0,0.02327507920563221
5250084887,5926318749,1,0,0.004629069473594427
5254144658,6560668913,1,0,0.012436626479029655
5254854698,2217048775,1,0,0.024318713694810867
5261117446,6232442780,1,0,0.008151821792125702
5262402500,6871895822,1,0,0.006310150492936373
5263608538,5250260756,1,0,0.0030285336542874575
5263805472,2002400427,1,0,0.0030121079180389643
5265115236,7866135934,1,0,0.042547862976789474
5266847638,1041705884,1,0,0.008094473741948605
5266877938,6437735703,1,0,0.014555430971086025
5268473295,1875293522,1,0,0.003023424418643117
5268473295,3847642518,1,0,0.00816047191619873
5270244136,7240026510,1,0,0.0038730998057872057
5280044647,6788591973,1,0,0.016806161031126976
5281371309,2090591961,1,0,0.037256885319948196
5281409415,1306484861,1,0,0.024296926334500313
5283734007,2002400427,1,0,0.045504290610551834
5286204909,7341744407,1,0,0.009301627986133099
5290077821,1316949123,1,0,0.04257728159427643
5290869302,1791873284,1,0,0.007945969700813293
5299247507,3847642518,1,0,0.00502209784463048
5303426500,7804300115,1,0,0.006143898703157902
5308129958,6425881183,1,0,0.03582245111465454
5309239540,1316949123,1,0,0.05072842910885811
5309940962,2002400427,1,0,0.01974882185459137
5314126799,3217742437,1,0,0.0454806312918663
5315842867,1737850362,1,0,0.025257470086216927
5321920510,3905581452,1,0,0.019728390499949455
5324742748,7847210480,1,0,0.02275996468961239
5326483526,7844581127,1,0,0.042675670236349106
5327980588,6153121801,1,0,0.007858891040086746
5333217212,2136848625,1,0,0.0067518893629312515
5335635347,5428423860,1,0,0.04548139497637749
5335635347,7850599876,1,0,0.02208257094025612
5336874105,5250260756,1,0,0.00928524974733591
5339691190,3671879202,1,0,0.04546669125556946
5341323511,5226302309,1,0,0.0063061402179300785
5344059989,6839422251,1,0,0.038595713675022125
5345933644,7844581127,1,0,0.0067348298616707325
5346401119,6523666955,1,0,0.006378727499395609
5348951316,6839422251,1,0,0.002995839575305581
5351856519,5767049948,1,0,0.009090247564017773
5356107528,1188472987,1,0,0.0030152425169944763
5360267657,2201915244,1,0,0.022453108802437782
5370247480,7767144248,1,0,0.0358646884560585
5370275584,1875293522,1,0,0.019749686121940613
5370816636,7506746741,1,0,0.007941155694425106
5373599087,6153121801,1,0,0.003029832150787115
5376705709,5543176559,1,0,0.04250979423522949
5384084688,7341744407,1,0,0.002998374868184328
5389725498,7760290512,1,0,0.022418184205889702
5392384794,7767144248,1,0,0.10699210315942764
5392590669,6276227682,1,0,0.07088221609592438
5394072229,6272876985,1,0,0.006305847782641649
5407978252,5407978252,1,0,0.0029959010425955057
5409069865,1816029971,1,0,0.0455096960067749
5411287384,2018925253,1,0,0.024274270981550217
5428610345,1195908387,1,0,0.014884249307215214
5434665240,3671879202,1,0,0.003016742644831538
5435888391,2201915244,1,0,0.019746119156479836
5435888391,5428423860,1,0,0.007939716801047325
5439230597,1316949123,1,0,0.00779160438105464
5443508636,2136848625,1,0,0.006243221927434206
5445918929,2909406375,1,0,0.0029984458815306425
5453665355,6788591973,1,0,0.023890871554613113
5453665355,7506746741,1,0,0.06570631265640259
5453665355,7866135934,1,0,0.006422208156436682
5454305823,6243146585,1,0,0.03729655221104622
5454739561,2909406375,1,0,0.02277086302638054
5455245489,1875293522,1,0,0.0062330011278390884
5455438937,7847210480,1,0,0.10706818103790283
5457515269,7804300115,1,0,0.10708963871002197
5457962032,2018925253,1,0,0.0030124876648187637
5462435649,2201915244,1,0,0.0052079870365560055
5462435649,5428423860,1,0,0.012453542090952396
5463792463,7200019989,1,0,0.023913169279694557
5474591958,6065301364,1,0,0.007854904979467392
5474943846,1041705884,1,0,0.03579370677471161
5476860342,5789387121,1,0,0.002963513135910034
5482747519,5987057408,1,0,0.02056443877518177
5484361748,6442235149,1,0,0.025122348219156265
5484672307,6558040566,1,0,0.008011871948838234
5491488173,5767049948,1,0,0.016872771084308624
5495066741,6065301364,1,0,0.0516747310757637
5504476141,5365378896,1,0,0.004626986104995012
5504476141,7765668071,1,0,0.024329613894224167
5507021158,2018925253,1,0,0.002963082166388631
5508446127,3317704373,1,0,0.034404199570417404
5510438425,2090591961,1,0,0.002821364440023899
5515196472,5789387121,1,0,0.07680720835924149
5516825585,2201915244,1,0,0.0062330011278390884
5517797135,3671879202,1,0,0.02056443877518177
5520050647,2705589884,1,0,0.045510970056056976
5527042788,3778125742,1,0,0.006726645864546299
5528151587,1297975973,1,0,0.0252268984913826
5529351998,2217048775,1,0,0.02216223068535328
5531767567,3217035437,1,0,0.025242798030376434
5531767567,3778125742,1,0,0.042537622153759
5532924326,6788591973,1,0,0.06571388989686966
5536408380,1306484861,1,0,0.0029865081887692213
5538213563,2705589884,1,0,0.02216726914048195
5538376860,5955730111,1,0,0.005538884550333023
5538814532,5926318749,1,0,0.09511008113622665
5540607334,2008062861,1,0,0.022471958771348
5543805633,6065301364,1,0,0.23934009671211243
5549649402,3778125742,1,0,0.09739246964454651
5553194302,3098510521,1,0,0.006369736045598984
5555204906,3217035437,1,0,0.008167988620698452
5556422441,6523666955,1,0,0.04254588112235069
5558232063,5531506227,1,0,0.1144944578409195
5567653864,6523666955,1,0,0.10707364231348038
5568150720,7765668071,1,0,0.047024600207805634
5568357239,5987057408,1,0,0.011968307197093964
5568778089,5939204645,1,0,0.002992387395352125
5571987278,5531506227,1,0,0.014620938338339329
5574666804,3217742437,1,0,0.0506453737616539
5574911608,5574911608,1,0,0.008082447573542595
5575629715,5972505998,1,0,0.004510232247412205
5576508908,7380722614,1,0,0.021192964166402817
5577912170,5972505998,1,0,0.003010629443451762
5577912170,7760290512,1,0,0.00520431250333786
5578434647,1850017837,1,0,0.0061456989496946335
5578440317,2002400427,1,0,0.94185870885849
5581294810,7467277921,1,0,0.9502456784248352
5582280558,1647256370,1,0,0.9415902495384216
5582280558,6437735703,1,0,0.9571947455406189
5583023567,6502204514,1,0,0.9459078907966614
5586832169,6420654776,1,0,0.9390520453453064
5587461003,1821525001,1,0,0.9437300562858582
5590197982,7866135934,1,0,0.9458336234092712
5590253140,5226302309,1,0,0.9415716528892517
5590498308,7804300115,1,0,0.9301633834838867
5597732473,5428423860,1,0,0.9415952563285828
5598714798,5311962099,1,0,0.9372847676277161
5599656883,2018925253,1,0,0.8865380883216858
5600540896,5600540896,1,0,0.937319278717041
5601871705,3317704373,1,0,0.9549907445907593
5604215566,5250260756,1,0,0.9617759585380554
5606716867,1041705884,1,0,0.9415758848190308
5606716867,1316949123,1,0,0.9246940612792969
5606716867,1554226303,1,0,0.9415789842605591
5606716867,1719397245,1,0,0.9479976892471313
5606716867,1791873284,1,0,0.9418697953224182
5606716867,1821525001,1,0,0.6258073449134827
5606716867,1954778190,1,0,0.9416270852088928
5606716867,2018925253,1,0,0.9418650269508362
5606716867,2560497310,1,0,0.00642674183472991
5606716867,2705589884,1,0,0.034410588443279266
5606716867,2909406375,1,0,0.045669618993997574
5606716867,3973292213,1,0,0.022460803389549255
5606716867,5926318749,1,0,0.01968342252075672
5606716867,5939204645,1,0,0.013164124451577663
5606716867,6113513458,1,0,0.015360190533101559
5606716867,6124100893,1,0,0.024297449737787247
5606716867,6272876985,1,0,0.003016956616193056
5606716867,6304429250,1,0,0.042504873126745224
5606716867,6441657735,1,0,0.0062330011278390884
5606716867,6580670764,1,0,0.0427025742828846
5606716867,6871895822,1,0,0.042574938386678696
5606716867,7850599876,1,0,0.008090601302683353
5606716867,7912058860,1,0,0.006423402577638626
5606716867,9165329829,1,0,0.006307310424745083
5609347535,6442235149,1,0,0.04251835495233536
5610062909,5955730111,1,0,0.04250995069742203
5612753236,3412668714,1,0,0.0052085453644394875
5613148622,1195908387,1,0,0.011228488758206367
5617649014,3541413702,1,0,0.0029979972168803215
5617654427,3217742437,1,0,0.009275408461689949
5617993734,5574911608,1,0,0.07408174127340317
5618034425,1306484861,1,0,0.014549422077834606
5618901084,6580670764,1,0,0.05075271055102348
5620568566,5365378896,1,0,0.022466549649834633
5626242855,6065301364,1,0,0.002999860094860196
5626835993,1188472987,1,0,0.042541805654764175
5627055948,2136848625,1,0,0.15939001739025116
5632181477,7804300115,1,0,0.1616227775812149
5634683808,6442235149,1,0,0.1070561558008194
5635660662,7341744407,1,0,0.02982151135802269
5635802475,6437735703,1,0,0.020918501541018486
5635952364,6437735703,1,0,0.04807469621300697
5636340038,3317704373,1,0,0.046225689351558685
5638020515,2201915244,1,0,0.018586887046694756
5638142057,9165329829,1,0,0.006350015755742788
5638489358,6153121801,1,0,0.0030000575352460146
5643873947,2937990707,1,0,0.023913169279694557
5643910408,6425881183,1,0,0.003062271047383547
5646261392,5226302309,1,0,0.01708894595503807
5646320933,1195908387,1,0,0.04256404936313629
5646923398,2560497310,1,0,0.029790811240673065
5648291201,3847642518,1,0,0.042544592171907425
5648330378,5070705161,1,0,0.02384895458817482
5648330378,6618737705,1,0,0.002950298134237528
5648330378,7506746741,1,0,0.006154379807412624
5649546460,7461276382,1,0,0.02977215312421322
5650478727,7866135934,1,0,0.043927401304244995
5653438922,2002400427,1,0,0.0029844013042747974
5653438922,2201915244,1,0,0.003005377948284149
5653438922,5428423860,1,0,0.03583125025033951
5653941020,6276227682,1,0,0.03439638018608093
5654302190,2560497310,1,0,0.0029979641549289227
5654934057,5789387121,1,0,0.04543568938970566
5655765052,6124100893,1,0,0.022098159417510033
5655938692,6420654776,1,0,0.011964802630245686
5657354887,2136848625,1,0,0.037295278161764145
5657796945,7461276382,1,0,0.02386579103767872
5659216419,7160110296,1,0,0.002991776680573821
5659490809,3082731712,1,0,0.04396657645702362
5660648279,6304429250,1,0,0.0063105253502726555
5662310423,5250260756,1,0,0.0030127547215670347
5664264860,7734889891,1,0,0.030622275546193123
5665274371,1917488115,1,0,0.03556118905544281
5667886200,5939204645,1,0,0.01462969183921814
5668271663,1791873284,1,0,0.05176596716046333
5668452912,3671879202,1,0,0.028519190847873688
5670794147,5955730111,1,0,0.01463268045336008
5671691042,6441657735,1,0,0.012433800846338272
5672420076,1647256370,1,0,0.021262533962726593
5672816163,7506746741,1,0,0.04546510428190231
5673222134,6420654776,1,0,0.05457918718457222
5674280373,3905581452,1,0,0.0038730998057872057
5674814998,3082731712,1,0,0.047016941010951996
5676421522,7912058860,1,0,0.02215573936700821
5677811513,1917488115,1,0,0.022764192894101143
5678631487,6243146585,1,0,0.012468544766306877
5679148742,2018925253,1,0,0.042514532804489136
5681056381,6001863056,1,0,0.023240968585014343
5681116057,7946457588,1,0,0.003792145987972617
5681660621,7866135934,1,0,0.05459011346101761
5681753497,1797539504,1,0,0.02210463024675846
5683845236,7946457588,1,0,0.03582245111465454
5686014770,7866135934,1,0,0.002998888958245516
5688061910,2090591961,1,0,0.06364071369171143
5688504186,5311962099,1,0,0.11854717880487442
5689394728,1645599505,1,0,0.03333807736635208
5691923498,1497609517,1,0,0.07390826940536499
5692216595,3217742437,1,0,0.029811840504407883
5695662845,2219969573,1,0,0.04250979423522949
5696238186,5531506227,1,0,0.014539157971739769
5697079868,5767049948,1,0,0.11490029841661453
5697540134,2090591961,1,0,0.03972867503762245
5697943978,5365378896,1,0,0.06345932185649872
5700369002,3292333231,1,0,0.060075853019952774
5706976507,6113513458,1,0,0.04568299651145935
5709863449,1497609517,1,0,0.006750637199729681
5710030423,7506746741,1,0,0.009100422263145447
5710759196,3671879202,1,0,0.0124301603063941
5711147638,6871895822,1,0,0.008092853240668774
5711641197,5730240854,1,0,0.007794822100549936
5711641197,6232442780,1,0,0.0124301603063941
5714825533,6618737705,1,0,0.04252242669463158
5715166252,2937990707,1,0,0.8759808540344238
5716163017,7461276382,1,0,0.8844832181930542
5717189991,2136848625,1,0,0.8759469985961914
5724794152,6425881183,1,0,0.5336942076683044
5727659310,3412668714,1,0,0.7163271307945251
5727659310,3541413702,1,0,0.43398234248161316
5734193765,5730240854,1,0,0.8598380088806152
5734193765,5789387121,1,0,0.8675529360771179
5737978475,3412668714,1,0,0.8759800791740417
5746142680,7767144248,1,0,0.8844886422157288
5747860842,1816029971,1,0,0.916897177696228
5756268828,2090591961,1,0,0.6368632316589355
5756594539,7804300115,1,0,0.8675323724746704
5756664917,7200019989,1,0,0.2742902338504791
5756946863,2090591961,1,0,0.021216681227087975
5759299465,5365378896,1,0,0.0031530007254332304
5762999670,1850017837,1,0,0.023874016478657722
5762999670,2217048775,1,0,0.0031521948985755444
5762999670,3051163592,1,0,0.00809504184871912
5762999670,3217742437,1,0,0.02321498841047287
5762999670,3317704373,1,0,0.0062330011278390884
5762999670,5428423860,1,0,0.002996002323925495
5762999670,6065301364,1,0,0.032511599361896515
5762999670,6243146585,1,0,0.003875833936035633
5762999670,6276227682,1,0,0.012454812414944172
5762999670,6442235149,1,0,0.04547920450568199
5762999670,6554603444,1,0,0.025277797132730484
5762999670,6788591973,1,0,0.003007617313414812
5762999670,7341744407,1,0,0.0030207179952412844
5762999670,7850599876,1,0,0.09106288850307465
5767077088,5311962099,1,0,0.09300139546394348
5767498904,5428423860,1,0,0.05267351493239403
5767574790,5789387121,1,0,0.04543023928999901
5774262932,5428423860,1,0,0.004633251577615738
5778761561,7804300115,1,0,0.006147095933556557
5780474806,3292333231,1,0,0.0030223620124161243
5785269176,6065301364,1,0,0.02394927106797695
5786722534,7912058860,1,0,0.006153078284114599
5789387121,5789387121,1,0,0.0046250782907009125
5794406144,1811903663,1,0,0.006370860617607832
5796917481,3217742437,1,0,0.006367971654981375
5802016175,2090591961,1,0,0.003023424418643117
5803376323,5543176559,1,0,0.04547415301203728
5807359631,5730240854,1,0,0.023927485570311546
5817169320,1954778190,1,0,0.03726332262158394
5817667427,6580670764,1,0,0.008158242329955101
5824562987,7612876955,1,0,0.007839524187147617
5824796643,1275418863,1,0,0.006153078284114599
5825877163,5987057408,1,0,0.03294164314866066
5828777107,1647256370,1,0,0.004627932794392109
5830301013,6788591973,1,0,0.0372653529047966
5830980402,5250260756,1,0,0.015241826884448528
5832125986,6580670764,1,0,0.0066575245000422
5833155053,5789387121,1,0,0.02218053862452507
5833426192,5250260756,1,0,0.02279992774128914
5834693552,6788591973,1,0,0.009096665307879448
5838388931,6276227682,1,0,0.02321498841047287
5839601203,1850017837,1,0,0.04263854771852493
5840157400,1316949123,1,0,0.014620938338339329
5840182814,3098510521,1,0,0.0067534251138567924
5843646637,5789387121,1,0,0.0063122776336967945
5843677208,6558040566,1,0,0.005204870831221342
5844362293,2002400427,1,0,0.04570186138153076
5845218568,2201915244,1,0,0.0030629662796854973
5845619215,5250260756,1,0,0.0239077378064394
5845694399,5070705161,1,0,0.011560317128896713
5846584088,6788591973,1,0,0.04698118567466736
5848136487,3905581452,1,0,0.029823873192071915
5848614059,5600540896,1,0,0.006370031274855137
5848966182,6554603444,1,0,0.045457832515239716
5850773620,5531506227,1,0,0.22866323590278625
5851199591,5767049948,1,0,0.17327454686164856
5851813335,1816029971,1,0,0.0243205763399601
5852655163,3292333231,1,0,0.003750781761482358
5853492283,2136848625,1,0,0.011951426044106483
5853495851,7866135934,1,0,0.02386579103767872
5854104706,7767144248,1,0,0.04708639159798622
5854479332,7341744407,1,0,0.05174881964921951
5858579111,3317704373,1,0,0.02390073612332344
5860270463,3412668714,1,0,0.0030162720941007137
5860541137,6124100893,1,0,0.045429788529872894
5861523912,5789387121,1,0,0.006759997922927141
5861591131,7804300115,1,0,0.142947718501091
5863689144,2219969573,1,0,0.04565076902508736
5864533868,7734889891,1,0,0.04548829421401024
5866117746,6276227682,1,0,0.028412995859980583
5866147532,7844581127,1,0,0.002996002323925495
5867735185,7612876955,1,0,0.009282712824642658
5867735185,7893929649,1,0,0.0038730998057872057
5868525822,7847210480,1,0,0.005207683891057968
5869669944,1791873284,1,0,0.009096665307879448
5871604407,6420654776,1,0,0.008160946890711784
5872134282,3082731712,1,0,0.04708639159798622
5872852983,6232442780,1,0,0.009290301240980625
5873220619,1797539504,1,0,0.04554976895451546
5873223696,5789387121,1,0,0.020913150161504745
5874006003,6580670764,1,0,0.02326071448624134
5876200083,7844581127,1,0,0.03767365962266922
5878418570,7767144248,1,0,0.028534600511193275
5879096205,5033845034,1,0,0.020374322310090065
5880821891,3412668714,1,0,0.00642441026866436
5881066978,3098510521,1,0,0.009108276106417179
5881608767,5767049948,1,0,0.0061514354310929775
5885568248,7912058860,1,0,0.04546185955405235
5885665766,6153121801,1,0,0.0285161305218935
5886178167,3217742437,1,0,0.002821364440023899
5887235582,3317704373,1,0,0.042519450187683105
5887456944,1816029971,1,0,0.023266980424523354
5888366667,2002400427,1,0,0.024316437542438507
5890465662,6232442780,1,0,0.1863493174314499
5892577411,6153121801,1,0,0.016906235367059708
5893992672,1645599505,1,0,0.02950681746006012
5897852113,7866135934,1,0,0.04251338914036751
5899644376,7240026510,1,0,0.00315817235969007
5899793873,7757687460,1,0,0.023874016478657722
5911776487,7946457588,1,0,0.0019949469715356827
5915569287,6483039487,1,0,0.04708792269229889
5917324084,6442235149,1,0,0.02950681746006012
5917996083,1816029971,1,0,0.006315258331596851
5929941760,5250260756,1,0,0.04419093579053879
5931356128,7844581127,1,0,0.02056911401450634
5932606090,7946457588,1,0,0.002820724155753851
5934581695,5926318749,1,0,0.003871500724926591
5936068499,2136848625,1,0,0.006311206147074699
5936734760,3292333231,1,0,0.00809838529676199
5941190242,7847210480,1,0,0.02381531521677971
5941399699,2937990707,1,0,0.006301399320363998
5941399699,3217035437,1,0,0.01708894595503807
5942989497,6560668913,1,0,0.024296926334500313
5943862253,7765668071,1,0,0.08282140642404556
5944541098,5428423860,1,0,0.10703874379396439
5949725740,5789387121,1,0,0.008156855590641499
5952970349,7850599876,1,0,0.0586322620511055
5954821883,6502204514,1,0,0.006364240776747465
5955502378,6560668913,1,0,0.0239382516592741
5957497363,7341744407,1,0,0.006152032408863306
5957658596,7625326364,1,0,0.02388550154864788
5958118164,3778125742,1,0,0.025282490998506546
5958444744,5926318749,1,0,0.002998681040480733
5964106324,3217742437,1,0,0.005201199557632208
5964122679,7341744407,1,0,0.021772218868136406
5966495566,7804300115,1,0,0.08188637346029282
5966595743,3082731712,1,0,0.045676786452531815
5967538216,6243146585,1,0,0.0030087418854236603
5969799768,6420654776,1,0,0.006149202585220337
5970338864,7847210480,1,0,0.0029983134008944035
5972186487,5070705161,1,0,0.006372853647917509
5972186487,7160110296,1,0,0.014640825800597668
5973497632,2002400427,1,0,0.0029998477548360825
5974277810,2219969573,1,0,0.00300578773021698
5974573041,1850017837,1,0,0.006745874881744385
5976071509,5789387121,1,0,0.027181973680853844
5978653037,5250260756,1,0,0.003871500724926591
5979153359,3082731712,1,0,0.0019916014280170202
5979319077,5730240854,1,0,0.07677317410707474
5980090631,1554226303,1,0,0.014623653143644333
5982010683,3317704373,1,0,0.023874016478657722
5983385535,3217035437,1,0,0.01735217124223709
5983385535,5730240854,1,0,0.006303009577095509
5984474054,3412668714,1,0,0.00779160438105464
5992414008,1791873284,1,0,0.02218507044017315
5993578282,5250260756,1,0,0.024324119091033936
5995908234,6272876985,1,0,0.02955520711839199
5997339059,6276227682,1,0,0.01973103918135166
5998318099,7866135934,1,0,0.007933653891086578
5999392924,9165329829,1,0,0.04797446355223656
6000741093,1954778190,1,0,0.002982296049594879
6008902197,7767144248,1,0,0.006313896272331476
6008980086,7188930130,1,0,0.024339579045772552
6011540541,3217742437,1,0,0.02325306087732315
6011594103,7850599876,1,0,0.03441598638892174
6012868747,2008062861,1,0,0.003871500724926591
6012976332,7866135934,1,0,0.0030649693217128515
6013757222,5789387121,1,0,0.008076086640357971
6015118020,5407978252,1,0,0.008087830618023872
6015771820,6243146585,1,0,0.022057881578803062
6015883245,7200019989,1,0,0.06885894387960434
6015911202,5531506227,1,0,0.0029980160761624575
6019443304,7847210480,1,0,0.027147328481078148
6020067335,6560668913,1,0,0.04266105219721794
6022538330,2201915244,1,0,0.04797779768705368
6022538330,5428423860,1,0,0.024558579549193382
6023319559,2217066377,1,0,0.021216681227087975
6025743401,5939204645,1,0,0.09087029844522476
6026418121,6243146585,1,0,0.0427025742828846
6027928294,7847210480,1,0,0.014549422077834606
6031413700,3292333231,1,0,0.007851908914744854
6033656950,5955730111,1,0,0.02526465617120266
6033945447,3217742437,1,0,0.023874016478657722
6034458929,6124100893,1,0,0.009282712824642658
6035810285,7804300115,1,0,0.0078474972397089
6036587429,7804300115,1,0,0.005540895275771618
6037114441,7506746741,1,0,0.001996192615479231
6039396026,7893929649,1,0,0.0031558722257614136
6040619624,2909406375,1,0,0.0055396375246346
6042593842,7188930130,1,0,0.03600402548909187
6042848812,1188472987,1,0,0.04544825106859207
6045628829,2891416631,1,0,0.04254454746842384
6046864637,6001863056,1,0,0.022441431879997253
6047331876,5311962099,1,0,0.012997841462492943
6047942160,7612876955,1,0,0.02325640246272087
6048249860,1188472987,1,0,0.009111584164202213
6052110532,6425881183,1,0,0.042559120804071426
6054638721,2201915244,1,0,0.0344318263232708
6055396394,5730240854,1,0,0.023366481065750122
6056810348,5789387121,1,0,0.016997266560792923
6057493119,6153121801,1,0,0.0239382516592741
6058433126,2201915244,1,0,0.011653538793325424
6065238581,3217742437,1,0,0.020348843187093735
6065250621,7850599876,1,0,0.020366551354527473
6065305919,5428423860,1,0,0.022764192894101143
6067347236,3217742437,1,0,0.0030006577726453543
6067391403,1297975973,1,0,0.0029950242023915052
6067942677,3098510521,1,0,0.023917609825730324
6069779399,5365378896,1,0,0.04271423816680908
6071245333,1195908387,1,0,0.0029983590357005596
6074231828,1816029971,1,0,0.0029971227049827576
6075899843,7240026510,1,0,0.0067348298616707325
6078420970,1816029971,1,0,0.0031516989693045616
6079322081,5365378896,1,0,0.02092633955180645
6081160242,5955730111,1,0,0.024291405454277992
6084227841,6153121801,1,0,0.033341653645038605
6084227841,7767144248,1,0,0.05874183773994446
6084775524,5789387121,1,0,0.009282712824642658
6086668009,6788591973,1,0,0.02278384193778038
6086668009,7804300115,1,0,0.00636835815384984
6087061776,6483039487,1,0,0.02278212085366249
6089135424,5767049948,1,0,0.022457275539636612
6090527688,2909406375,1,0,0.0031604019459336996
6093705327,2909406375,1,0,0.04394245520234108
6094352102,5789387121,1,0,0.00674991263076663
6094748382,1188472987,1,0,0.05473097786307335
6095398627,1554226303,1,0,0.1302478313446045
6095768801,1554226303,1,0,0.03981246054172516
6098321098,7767144248,1,0,0.04546185955405235
6098865380,5428423860,1,0,0.034434881061315536
6098910513,7866135934,1,0,0.008169764652848244
6099762425,7847210480,1,0,0.04547218978404999
6103990879,6618737705,1,0,0.006747126113623381
6105414873,6232442780,1,0,0.002997954376041889
6108275308,6153121801,1,0,0.020535433664917946
6109841985,5767049948,1,0,0.01588936150074005
6110450262,6276227682,1,0,0.10711581259965897
6112997119,5767049948,1,0,0.0030491126235574484
6114861094,1195908387,1,0,0.03877423331141472
6116297971,5428423860,1,0,0.046994950622320175
6116624314,1917488115,1,0,0.0067174481227993965
6120258046,7767144248,1,0,0.03166752681136131
6120662293,6153121801,1,0,0.006147095933556557
6120662293,7506746741,1,0,0.042543403804302216
6120662293,7767144248,1,0,0.0029979972168803215
6120886333,7844581127,1,0,0.04270579665899277
6121945370,5955730111,1,0,0.0506453737616539
6123208888,2002400427,1,0,0.008165192790329456
6124126982,7844581127,1,0,0.004627932794392109
6124288905,7767144248,1,0,0.042444922029972076
6124440234,6272876985,1,0,0.003048049286007881
6124704701,3778125742,1,0,0.011216538958251476
6125838276,6243146585,1,0,0.0030431777704507113
6125838276,6437735703,1,0,0.004628720693290234
6126717712,6113513458,1,0,0.042504873126745224
6128111861,7760290512,1,0,0.017339931800961494
6128660215,2219969573,1,0,0.008154211565852165
6130797500,3217035437,1,0,0.003000092227011919
6134563997,2427613143,1,0,0.007933653891086578
6137058313,5250260756,1,0,0.030139805749058723
6137109045,7765668071,1,0,0.006367725320160389
6137694124,9165329829,1,0,0.03765910491347313
6137827265,1188472987,1,0,0.0372653529047966
6138018794,5226302309,1,0,0.023899497464299202
6140103743,2002400427,1,0,0.04544825106859207
6140728494,6788591973,1,0,0.028508836403489113
6141121645,5365378896,1,0,0.04254970699548721
6142450995,1719397245,1,0,0.03335307911038399
6144145181,2201915244,1,0,0.05074581131339073
6146790366,6113513458,1,0,0.0031612731982022524
6148461329,6788591973,1,0,0.04546231031417847
6148530103,5365378896,1,0,0.022458797320723534
6152251617,5407978252,1,0,0.02246890403330326
6152283206,2002400427,1,0,0.006149202585220337
6152327584,1041705884,1,0,0.006161001045256853
6154865031,5428423860,1,0,0.04546089470386505
6154865031,6420654776,1,0,0.017359334975481033
6156240739,3051163592,1,0,0.020376766100525856
6156597813,7757687460,1,0,0.02455202490091324
6157025174,3905581452,1,0,0.15556567907333374
6157526046,3082731712,1,0,0.0199608001857996
6158871758,3098510521,1,0,0.004624220076948404
6159907383,7946457588,1,0,0.02518131025135517
6166627165,3847642518,1,0,0.00928524974733591
6169068936,6618737705,1,0,0.0030426133889704943
6169768484,5226302309,1,0,0.0030016691889613867
6174051169,5428423860,1,0,0.0030270551797002554
6175234890,1647256370,1,0,0.01773255504667759
6175635733,7380722614,1,0,0.008084654808044434
6179345503,7380722614,1,0,0.009090247564017773
6179753889,5250260756,1,0,0.003871500724926591
6179930798,5250260756,1,0,0.04256753623485565
6183449684,1645599505,1,0,0.0029974549543112516
6184963516,5407978252,1,0,0.006719416938722134
6186387394,6483039487,1,0,0.0029983590357005596
6193913198,6001863056,1,0,0.0821368619799614
6198853428,2891416631,1,0,0.016995225101709366
6198853428,5250260756,1,0,0.007855994626879692
6199523389,6788591973,1,0,0.021222896873950958
6201206132,1297975973,1,0,0.0029994372744113207
6203506040,6153121801,1,0,0.054513122886419296
6205989849,6113513458,1,0,0.0062418049201369286
6207770619,6272876985,1,0,0.004627932794392109
6210221613,1316949123,1,0,0.02321498841047287
6213369701,3217035437,1,0,0.0031536456663161516
6216067048,7804300115,1,0,0.045676786452531815
6216744881,1816029971,1,0,0.006756364367902279
6219713128,3217742437,1,0,0.02526465617120266
6226325896,5365378896,1,0,0.029784448444843292
6227273439,6871895822,1,0,0.0031541825737804174
6230692465,3217035437,1,0,0.008083057589828968
6240623705,1554226303,1,0,0.008151821792125702
6242369268,3543420821,1,0,0.038686297833919525
6242369268,7767144248,1,0,0.022465374320745468
6242587462,2201915244,1,0,0.042525388300418854
6242882251,5311962099,1,0,0.006155456881970167
6243491180,6272876985,1,0,0.0029916006606072187
6243550649,1497609517,1,0,0.0063143703155219555
6245021138,6065301364,1,0,0.002989406231790781
6246400104,6788591973,1,0,0.008087830618023872
6246470049,3292333231,1,0,0.0030207179952412844
6247338562,5428423860,1,0,0.0329025462269783
6248745007,3412668714,1,0,0.006721596233546734
6250516046,7767144248,1,0,0.0038807811215519905
6260928891,5730240854,1,0,0.006246211007237434
6261492132,7734889891,1,0,0.027155278250575066
6265177214,5428423860,1,0,0.02981015294790268
6269105454,7804300115,1,0,0.0030013429932296276
6272498050,2002400427,1,0,0.009090247564017773
6274959982,7760290512,1,0,0.008150310255587101
6275659691,7380722614,1,0,0.0030000575352460146
6276709484,6437735703,1,0,0.0030124876648187637
6277685000,5250260756,1,0,0.008081072941422462
6278236541,2560497310,1,0,0.002998481271788478
6283616615,7341744407,1,0,0.006745874881744385
6285933371,3973292213,1,0,0.0031578727066516876
6289102385,7804300115,1,0,0.006314151920378208
6293602136,6580670764,1,0,0.03767158463597298
6294239826,5070705161,1,0,0.5888358354568481
6296409557,3217035437,1,0,0.6075766682624817
6296595060,3217742437,1,0,0.11455699056386948
6296676967,6065301364,1,0,0.17282401025295258
6298547794,7188930130,1,0,0.46996623277664185
6299576043,7734889891,1,0,0.12571580708026886
6300132860,7912058860,1,0,0.0063061402179300785
6300234639,1816029971,1,0,0.04549222066998482
6302877294,2002400427,1,0,0.0454593226313591
6303169891,2560497310,1,0,0.0030000575352460146
6303741708,2018925253,1,0,0.015480052679777145
6304852312,7804300115,1,0,0.020333997905254364
6306243419,6871895822,1,0,0.0031533390283584595
6311814559,7767144248,1,0,0.014539157971739769
6311847543,5428423860,1,0,0.009109513834118843
6312726041,6243146585,1,0,0.004511553328484297
6313755319,7757687460,1,0,0.04546556621789932
6313972943,2427613143,1,0,0.003017991315573454
6313972943,3543420821,1,0,0.020228777080774307
6313972943,5250260756,1,0,0.002997954376041889
6313972943,6153121801,1,0,0.045512497425079346
6313972943,6523666955,1,0,0.002988207619637251
6313972943,7767144248,1,0,0.024494532495737076
6314231582,7341744407,1,0,0.037281155586242676
6314571178,1875293522,1,0,0.011665198020637035
6317004422,1647256370,1,0,0.025284547358751297
6326658563,2560497310,1,0,0.002983995946124196
6328108045,5250260756,1,0,0.052620939910411835
6328108045,7804300115,1,0,0.022466549649834633
6330827582,5428423860,1,0,0.002999234013259411
6330967556,6425881183,1,0,0.04703528806567192
6332254638,1816029971,1,0,0.033341653645038605
6335110770,5428423860,1,0,0.04544680938124657
6336142326,7844581127,1,0,0.04703528806567192
6336727393,6580670764,1,0,0.022465374320745468
6338374206,5020552519,1,0,0.006426013074815273
6338426400,6272876985,1,0,0.023153001442551613
6341263455,1645599505,1,0,0.03730195760726929
6343545114,3973292213,1,0,0.02325865626335144
6344687667,6001863056,1,0,0.0031521948985755444
6345424036,6558040566,1,0,0.02386579103767872
6345571067,2002400427,1,0,0.024316437542438507
6346618705,5730240854,1,0,0.009090247564017773
6351430957,5939204645,1,0,0.0029965294525027275
6351929548,5987057408,1,0,0.00779160438105464
6352030937,1195908387,1,0,0.02980547584593296
6352947134,9165329829,1,0,0.008070389740169048
6353318165,6502204514,1,0,0.00779160438105464
6354405994,6618737705,1,0,0.0031541825737804174
6355773988,1875293522,1,0,0.002950796391814947
6356018956,6502204514,1,0,0.035785574465990067
6356088287,7380722614,1,0,0.003000738564878702
6357461165,2217048775,1,0,0.006426052190363407
6358868863,3217742437,1,0,0.025222934782505035
6358868863,6065301364,1,0,0.03583375737071037
6360182812,7240026510,1,0,0.006712709553539753
6362494295,5428423860,1,0,0.015762241557240486
6364508255,3082731712,1,0,0.024316437542438507
6367253711,7847210480,1,0,0.002963305450975895
6369592839,1816029971,1,0,0.00462181493639946
6371421716,6441657735,1,0,0.023942982777953148
6371440832,7200019989,1,0,0.0442202165722847
6371480339,7734889891,1,0,0.012444071471691132
6372503241,7804300115,1,0,0.04544197395443916
6375215321,7200019989,1,0,0.0031536456663161516
6375864476,5428423860,1,0,0.04552236199378967
6375869841,6304429250,1,0,0.04798632115125656
6376536223,3671879202,1,0,0.022081151604652405
6380309035,2560497310,1,0,0.04247351735830307
6382465960,6442235149,1,0,0.02054993249475956
6383834626,6523666955,1,0,0.02979317121207714
6384094120,3671879202,1,0,0.01680435799062252
6387270897,3217035437,1,0,0.01462969183921814
6388881237,3541413702,1,0,0.002946634078398347
6389972929,7847210480,1,0,0.016766805201768875
6398285228,2705589884,1,0,0.015241826884448528
6399001588,6788591973,1,0,0.006153078284114599
6405574504,5789387121,1,0,0.02980547584593296
6408628409,7625326364,1,0,0.007936098612844944
6409662397,2090591961,1,0,0.030149083584547043
6414483665,5543176559,1,0,0.006705205887556076
6414754851,5428423860,1,0,0.006423402577638626
6417288728,1875293522,1,0,0.0030144720803946257
6417311813,2891416631,1,0,0.025205139070749283
6420654776,6420654776,1,0,0.015480052679777145
6422226540,6420654776,1,0,0.05124733969569206
6422789400,7160110296,1,0,0.00807942170649767
6424107124,3778125742,1,0,0.003799517173320055
6429908791,7734889891,1,0,0.020558414980769157
6431363980,1737850362,1,0,0.0037747309543192387
6435458408,7866135934,1,0,0.0506453737616539
6436432521,6304429250,1,0,0.05169295147061348
6439839435,1737850362,1,0,0.022449525073170662
6441513845,5600540896,1,0,0.0031536456663161516
6443251295,5250260756,1,0,0.007843132130801678
6443411459,7734889891,1,0,0.024494532495737076
6443590529,5428423860,1,0,0.0030018147081136703
6443590529,6420654776,1,0,0.006148236338049173
6444938272,3217035437,1,0,0.0031511145643889904
6445546177,6442235149,1,0,0.003064432879909873
6447802185,2018925253,1,0,0.04565076902508736
6448067294,6523666955,1,0,0.0029965811409056187
6450068750,5250260756,1,0,0.020216675475239754
6450068750,6483039487,1,0,0.040532708168029785
6451523958,7804300115,1,0,0.009090247564017773
6452194854,1719397245,1,0,0.0285161305218935
6455278087,3778125742,1,0,0.008074588142335415
6455887120,1316949123,1,0,0.02325306087732315
6456559730,5226302309,1,0,0.02034558542072773
6457397933,1797539504,1,0,0.002983418060466647
6457644489,7380722614,1,0,0.002998936455696821
6458386250,5428423860,1,0,0.04422907531261444
6458845374,2201915244,1,0,0.15754732489585876
6459732362,6001863056,1,0,0.227767676115036
6461156578,1954778190,1,0,0.22816647589206696
6461774513,5250260756,1,0,0.02517559379339218
6461986372,5428423860,1,0,0.003154420293867588
6463337564,6124100893,1,0,0.047063443809747696
6466297414,3412668714,1,0,0.04252242669463158
6468142897,2909406375,1,0,0.03334489092230797
6470849523,5020552519,1,0,0.02325306087732315
6471995081,1811903663,1,0,0.008072753436863422
6472974847,1816029971,1,0,0.045451752841472626
6474091695,7946457588,1,0,0.02215573936700821
6474567854,7804300115,1,0,0.026453370228409767
6476287452,3292333231,1,0,0.02543593943119049
6476475475,6483039487,1,0,0.004513823427259922
6476663717,3973292213,1,0,0.006311007309705019
6478270106,6441657735,1,0,0.023862546309828758
6478296291,7625326364,1,0,0.00779160438105464
6478381694,1811903663,1,0,0.029790811240673065
6478381694,2219969573,1,0,0.003156015183776617
6478381694,6502204514,1,0,0.007846124470233917
6478740616,1297975973,1,0,0.0029470978770405054
6478883823,5428423860,1,0,0.042511794716119766
6480425540,6502204514,1,0,0.008088463917374611
6481122076,5365378896,1,0,0.020324071869254112
6481714157,6618737705,1,0,0.03680151328444481
6482346104,3292333231,1,0,0.04543916881084442
6483309777,7804300115,1,0,0.0030213692225515842
6484237577,5543176559,1,0,0.0031526233069598675
6484635189,5531506227,1,0,0.03770758956670761
6484871353,2002400427,1,0,0.045463383197784424
6484871353,2201915244,1,0,0.00929718092083931
6484901896,5428423860,1,0,0.015224787406623363
6485104230,7341744407,1,0,0.029830925166606903
6485135074,3082731712,1,0,0.03292664885520935
6487786517,7200019989,1,0,0.0372653529047966
6488535487,7461276382,1,0,0.011559262871742249
6488790498,5428423860,1,0,0.04715600609779358
6490386317,2201915244,1,0,0.05458809435367584
6493599725,6304429250,1,0,0.006705205887556076
6494101136,3847642518,1,0,0.0243014357984066
6495291341,7804300115,1,0,0.035810839384794235
6495956394,7804300115,1,0,0.0029988535679876804
6495956394,7866135934,1,0,0.020522600039839745
6498096705,5543176559,1,0,0.01973327063024044
6498488519,6580670764,1,0,0.09518647193908691
6499417936,5428423860,1,0,0.029815418645739555
6499886509,7757687460,1,0,0.001996192615479231
6501435323,5543176559,1,0,0.0470772311091423
6502847479,6153121801,1,0,0.06885894387960434
6504034181,5600540896,1,0,0.004510398022830486
6505442645,7461276382,1,0,0.012002699077129364
6506720881,5070705161,1,0,0.008150310255587101
6506872161,3905581452,1,0,0.04546506702899933
6510330260,7804300115,1,0,0.05653724446892738
6514492322,6502204514,1,0,0.061180006712675095
6516655185,1497609517,1,0,0.02975114993751049
6517592900,3217035437,1,0,0.031372036784887314
6517929707,7847210480,1,0,0.009121466428041458
6518136011,3671879202,1,0,0.03729324787855148
6520148350,1041705884,1,0,0.023874016478657722
6520466508,2002400427,1,0,0.008067058399319649
6520466508,2201915244,1,0,0.10749981552362442
6520649510,5972505998,1,0,0.11061275005340576
6521767558,7461276382,1,0,0.006427367217838764
6522321411,7850599876,1,0,0.0031536456663161516
6523198152,6502204514,1,0,0.01463268045336008
6523329535,7893929649,1,0,0.042675670236349106
6530939618,5428423860,1,0,0.014549422077834606
6532009767,6420654776,1,0,0.07162085175514221
6534526224,2002400427,1,0,0.0474487729370594
6536752832,5543176559,1,0,0.02984047308564186
6541815589,1195908387,1,0,0.014891370199620724
6541815589,7847210480,1,0,0.0029888006392866373
6549772226,7734889891,1,0,0.006705205887556076
6553990368,1297975973,1,0,0.0029995357617735863
6556190979,1816029971,1,0,0.002998323179781437
6556657694,6558040566,1,0,0.002992213238030672
6559055428,5789387121,1,0,0.007835058495402336
6560093474,7804300115,1,0,0.042568638920784
6561223167,1188472987,1,0,0.014620938338339329
6561223167,1917488115,1,0,0.004625803790986538
6563650638,6442235149,1,0,0.022217892110347748
6568878143,5428423860,1,0,0.021192964166402817
6569810465,7866135934,1,0,0.0029979972168803215
6569925002,1188472987,1,0,0.06725474447011948
6571966934,6425881183,1,0,0.04964952915906906
6572599385,7506746741,1,0,0.034554723650217056
6572599385,7866135934,1,0,0.005202982574701309
6572784019,7734889891,1,0,0.014631261117756367
6572850998,7804300115,1,0,0.07401265949010849
6573938570,5939204645,1,0,0.04546231031417847
6574690140,3217035437,1,0,0.022780263796448708
6576984362,1041705884,1,0,0.08185070008039474
6577239964,6441657735,1,0,0.08713100850582123
6577430644,1821525001,1,0,0.006435819435864687
6579969498,2201915244,1,0,0.022780263796448708
6580786502,7160110296,1,0,0.05450456589460373
6585653692,7866135934,1,0,0.001992284320294857
6585990740,6788591973,1,0,0.0030016533564776182
6586873489,5531506227,1,0,0.003160674823448062
6588120898,5311962099,1,0,0.021877435967326164
6590518425,9165329829,1,0,0.026186568662524223
6596460896,6837278495,1,0,0.0029995357617735863
6596460896,6839422251,1,0,0.006763925310224295
6599454226,3829981184,1,0,0.0029902763199061155
6602595794,3317704373,1,0,0.045504070818424225
6603247892,7866135934,1,0,0.0030608053784817457
6603690009,2937990707,1,0,0.0062330011278390884
6604114176,1647256370,1,0,0.007420756388455629
6607304247,5767049948,1,0,0.09487151354551315
6607593762,1811903663,1,0,0.04787950962781906
6607593762,3829981184,1,0,0.0029895107727497816
6607882366,6442235149,1,0,0.0046250782907009125
6609148922,5767049948,1,0,0.0028247081208974123
6610426151,1497609517,1,0,0.04254170134663582
6611870876,7850599876,1,0,0.04568299651145935
6612394647,1041705884,1,0,0.006747126113623381
6613325275,5428423860,1,0,0.007518599275499582
6613929574,7767144248,1,0,0.10706543922424316
6613929574,7804300115,1,0,0.006143898703157902
6614069511,1041705884,1,0,0.07673785835504532
6614528596,7767144248,1,0,0.002963513135910034
6614541969,1821525001,1,0,0.02128414995968342
6614830196,1875293522,1,0,0.009268864057958126
6615605106,6124100893,1,0,0.019130585715174675
6617567886,6065301364,1,0,0.047128379344940186
6618900848,6304429250,1,0,0.0029523316770792007
6618900848,7757687460,1,0,0.04795437678694725
6619383698,2217066377,1,0,0.006752439774572849
6619800953,1821525001,1,0,0.005529033951461315
6620340779,6788591973,1,0,0.0441666916012764
6623716262,5926318749,1,0,0.0031526233069598675
6627837181,7160110296,1,0,0.006365537643432617
6632866084,3412668714,1,0,0.025291455909609795
6633813429,7767144248,1,0,0.006751291919499636
6636351939,3973292213,1,0,0.06724298000335693
6636351939,7467277921,1,0,0.04964084178209305
6638891509,5250260756,1,0,0.003039776813238859
6642282537,2008062861,1,0,0.024546444416046143
6642351307,2705589884,1,0,0.06901316344738007
6642539688,7804300115,1,0,0.003052354557439685
6643207912,6153121801,1,0,0.09097200632095337
6643222037,5574911608,1,0,0.003153923898935318
6646212653,6232442780,1,0,0.03163212165236473
6652974634,6304429250,1,0,0.0038730998057872057
6656550305,2891416631,1,0,0.029803115874528885
6659388600,7767144248,1,0,0.07401265949010849
6660147759,6113513458,1,0,0.0030000575352460146
6660781013,7625326364,1,0,0.025277797132730484
6661341602,5428423860,1,0,0.006705205887556076
6663009101,6276227682,1,0,0.08212863653898239
6666495820,5730240854,1,0,0.01699352264404297
6670777250,7767144248,1,0,0.0030413572676479816
6675318855,6837278495,1,0,0.030599497258663177
6675318855,6839422251,1,0,0.009090247564017773
6679192530,6113513458,1,0,0.04545609652996063
6686137325,6001863056,1,0,0.015007820911705494
6688981686,7893929649,1,0,0.04745200276374817
6694550947,1719397245,1,0,0.029815418645739555
6697027127,7612876955,1,0,0.009090247564017773
6703271307,5428423860,1,0,0.0028223320841789246
6705887337,2427613143,1,0,0.006365537643432617
6707713335,3217742437,1,0,0.01682041771709919
6710581900,7461276382,1,0,0.02326437085866928
6721667739,2937990707,1,0,0.002996002323925495
6739225264,2560497310,1,0,0.02981778047978878
6744311747,5730240854,1,0,0.022790927439928055
6744905755,3217035437,1,0,0.004415180999785662
6746001413,3543420821,1,0,0.041593555361032486
6746001413,7767144248,1,0,0.022458797320723534
6746169331,6113513458,1,0,0.007798876613378525
6748667139,6001863056,1,0,0.006152576766908169
6754082660,1816029971,1,0,0.003871500724926591
6754456403,1875293522,1,0,0.019735313951969147
6762134101,6788591973,1,0,0.02669059857726097
6762134101,7866135934,1,0,0.08278802037239075
6764352067,7461276382,1,0,0.23936964571475983
6776655367,1816029971,1,0,0.022073455154895782
6780580379,5926318749,1,0,0.001992793520912528
6784934739,6276227682,1,0,0.0506453737616539
6786220966,1737850362,1,0,0.046990785747766495
6791173024,7240026510,1,0,0.04704401642084122
6795686490,7912058860,1,0,0.05256211385130882
6802378376,7734889891,1,0,0.04252242669463158
6807262165,5767049948,1,0,0.002946087857708335
6807263453,1316949123,1,0,0.024325717240571976
6813655343,6618737705,1,0,0.006301399320363998
6825590951,7380722614,1,0,0.0030011767521500587
6832365345,7200019989,1,0,0.009279238991439342
6834351860,5250260756,1,0,0.04558638110756874
6835357110,3217742437,1,0,0.015779884532094002
6838053383,6839422251,1,0,0.0031552265863865614
6839427905,6837278495,1,0,0.0153538528829813
6839600660,5070705161,1,0,0.011985952034592628
6839600660,5972505998,1,0,0.0029979641549289227
6850291428,7506746741,1,0,0.0029980111867189407
6857122027,7850599876,1,0,0.04709392786026001
6858873223,5226302309,1,0,0.002949317917227745
6863572591,2219969573,1,0,0.005207683891057968
6868700467,6502204514,1,0,0.0037465794011950493
6871895822,6871895822,1,0,0.008089862763881683
6878811189,5987057408,1,0,0.008085125125944614
6880373971,5365378896,1,0,0.0030019914265722036
6886079831,6304429250,1,0,0.04272545129060745
6890984443,7847210480,1,0,0.00779160438105464
6895289962,6243146585,1,0,0.046994950622320175
6898195019,9165329829,1,0,0.02278384193778038
6898558046,6153121801,1,0,0.04549066722393036
6902066598,3412668714,1,0,0.04544462263584137
6910754286,3541413702,1,0,0.006426052190363407
6915113262,5428423860,1,0,0.0030270551797002554
6926278145,5574911608,1,0,0.002990886801853776
6927285178,6420654776,1,0,0.011984424665570259
6930156962,6441657735,1,0,0.024316437542438507
6934375549,6871895822,1,0,0.027155278250575066
6960351193,6502204514,1,0,0.04250093922019005
6964621326,6304429250,1,0,0.063600555062294
6966606731,3317704373,1,0,0.020364150404930115
6973960303,1954778190,1,0,0.04708106443285942
6979349835,7804300115,1,0,0.007930840365588665
6979851760,7804300115,1,0,0.005012535024434328
6981458823,6272876985,1,0,0.003001934150233865
6982878899,1188472987,1,0,0.023877590894699097
6985562762,7200019989,1,0,0.008081788197159767
6987335786,2219969573,1,0,0.02277825027704239
6988372508,5767049948,1,0,0.03260239213705063
6990305140,3098510521,1,0,0.07710354030132294
6991873630,5543176559,1,0,0.07413803786039352
6992181225,6442235149,1,0,0.029810164123773575
6992593942,1316949123,1,0,0.018840940669178963
6996037293,1821525001,1,0,0.00300578773021698
7001132329,6420654776,1,0,0.008164001628756523
7002091839,7847210480,1,0,0.02431407943367958
7006537516,7188930130,1,0,0.04253527522087097
7007336873,7765668071,1,0,0.00301343877799809
7010682405,6523666955,1,0,0.023889251053333282
7010682405,7804300115,1,0,0.054783739149570465
7015724069,6502204514,1,0,0.01536469254642725
7019520733,5428423860,1,0,0.00975303165614605
7019520733,7850599876,1,0,0.07433314621448517
7025526778,1554226303,1,0,0.03865900635719299
7025551829,3082731712,1,0,0.0030022100545465946
7025983407,7804300115,1,0,0.032500460743904114
7027738944,5767049948,1,0,0.019152000546455383
7032391915,3543420821,1,0,0.009611832909286022
7034095279,2002400427,1,0,0.14295774698257446
7034095279,2201915244,1,0,0.022792112082242966
7034095279,5428423860,1,0,0.00779160438105464
7034095279,7850599876,1,0,0.002997954376041889
7034875411,1954778190,1,0,0.002999213756993413
7039369410,2002400427,1,0,0.011978193186223507
7042081233,7847210480,1,0,0.042766887694597244
7046928643,7160110296,1,0,0.009110606275498867
7053735761,2018925253,1,0,0.007794822100549936
7058928949,3082731712,1,0,0.006428945809602737
7061992515,1917488115,1,0,0.006651317700743675
7066212035,5574911608,1,0,0.015762241557240486
7069545912,3217742437,1,0,0.0030460190027952194
7069545912,6560668913,1,0,0.05168675258755684
7083698859,7760290512,1,0,0.03726332262158394
7089887695,1041705884,1,0,0.03714494779706001
7093682308,1811903663,1,0,0.0030004398431628942
7097522993,5574911608,1,0,0.007836838252842426
7101742696,3217035437,1,0,0.01455969363451004
7106057149,5033845034,1,0,0.015224787406623363
7107032825,5767049948,1,0,0.047904420644044876
7107179748,7200019989,1,0,0.029799940064549446
7112011079,6272876985,1,0,0.0029852595180273056
7113226758,1041705884,1,0,0.002996773226186633
7119567247,6420654776,1,0,0.008087493479251862
7123441373,1188472987,1,0,0.02036457508802414
7125675440,1816029971,1,0,0.008164001628756523
7126080859,7200019989,1,0,0.0029852595180273056
7149175323,6442235149,1,0,0.042453426867723465
7156911488,6554603444,1,0,0.025282490998506546
7168699288,3541413702,1,0,0.021251477301120758
7171066659,6113513458,1,0,0.006759053561836481
7172014689,1797539504,1,0,0.006705205887556076
7180839735,6558040566,1,0,0.008164001628756523
7185176312,7461276382,1,0,0.011951426044106483
7185765833,6441657735,1,0,0.04709926247596741
7185998502,2201915244,1,0,0.014549422077834606
7188667164,6425881183,1,0,0.0031533390283584595
7190894435,5600540896,1,0,0.0031583125237375498
7192800349,2217066377,1,0,0.025284547358751297
7194773256,7734889891,1,0,0.024311471730470657
7198019672,3973292213,1,0,0.008090362884104252
7200019989,7200019989,1,0,0.006745874881744385
7207045288,6871895822,1,0,0.025277797132730484
7207742336,7804300115,1,0,0.009280234575271606
7209915377,6483039487,1,0,0.0029862020164728165
7209976143,2002400427,1,0,0.05075879767537117
7210847546,3973292213,1,0,0.06864926218986511
7211148835,7765668071,1,0,0.006430215202271938
7212356144,5730240854,1,0,0.03029485046863556
7213001610,5311962099,1,0,0.02279432862997055
7214862704,7767144248,1,0,0.0029480664525181055
7215435780,3217035437,1,0,0.04254867509007454
7215453518,2002400427,1,0,0.023244304582476616
7215575653,6420654776,1,0,0.02321498841047287
7217985577,6502204514,1,0,0.08215123414993286
7229965075,6425881183,1,0,0.01165207102894783
7231141839,5428423860,1,0,0.025238508358597755
7237042134,5428423860,1,0,0.002992387395352125
7238416666,5730240854,1,0,0.008089601993560791
7240124041,7847210480,1,0,0.015360190533101559
7244689731,7804300115,1,0,0.025236060842871666
7246153446,7767144248,1,0,0.0038794507272541523
7247843906,5730240854,1,0,0.02381531521677971
7250334348,6153121801,1,0,0.006360428407788277
7257086274,3973292213,1,0,0.02278693951666355
7257223953,5226302309,1,0,0.010233767330646515
7257689338,6502204514,1,0,0.006468052975833416
7261514048,6442235149,1,0,0.002998798154294491
7270732565,7847210480,1,0,0.007794822100549936
7271506780,5767049948,1,0,0.0067263413220644
7271800506,6304429250,1,0,0.0030012258794158697
7272093353,5365378896,1,0,0.05270353704690933
7272747082,7240026510,1,0,0.042499735951423645
7274195852,3292333231,1,0,0.003000113647431135
7275729663,3543420821,1,0,0.0029986968729645014
7275729663,6788591973,1,0,0.04252305254340172
7277231700,6523666955,1,0,0.008070389740169048
7278172326,1821525001,1,0,0.008156855590641499
7278732469,7804300115,1,0,0.03288715332746506
7278763128,5574911608,1,0,0.0031526233069598675
7279464528,6523666955,1,0,0.0029616174288094044
7279598013,3217742437,1,0,0.009121140465140343
7279794880,3082731712,1,0,0.011973248794674873
7279945706,6276227682,1,0,0.00636872835457325
7280330258,5767049948,1,0,0.0030000575352460146
7280338093,5428423860,1,0,0.04396267980337143
7280338093,7850599876,1,0,0.022453108802437782
7282938712,7912058860,1,0,0.007842371240258217
7283695912,7200019989,1,0,0.006423402577638626
7284042601,3217035437,1,0,0.024332452565431595
7284126993,1554226303,1,0,0.009090247564017773
7284242348,5987057408,1,0,0.014539157971739769
7284590309,7160110296,1,0,0.05074581131339073
7285472863,9165329829,1,0,0.09097200632095337
7285844927,2909406375,1,0,0.006367100868374109
7287352403,7765668071,1,0,0.035805970430374146
7287639239,7804300115,1,0,0.003002101555466652
7288739472,2002400427,1,0,0.008078453131020069
7288874073,5070705161,1,0,0.02387564443051815
7291187334,5428423860,1,0,0.025178611278533936
7291888801,2705589884,1,0,0.038690052926540375
7294004188,1816029971,1,0,0.025163546204566956
7297286775,6420654776,1,0,0.002966473810374737
7299299119,6276227682,1,0,0.04570186138153076
7303946488,2560497310,1,0,0.025189939886331558
7304349878,1917488115,1,0,0.0031594031024724245
7305011159,1195908387,1,0,0.04544825106859207
7305013645,2201915244,1,0,0.025268619880080223
7306027105,6442235149,1,0,0.00779160438105464
7309334237,7847210480,1,0,0.045384205877780914
7309845936,1816029971,1,0,0.007841530255973339
7309867176,6425881183,1,0,0.004629983566701412
7310045671,5226302309,1,0,0.02247823402285576
7310483255,7612876955,1,0,0.0061456989496946335
7310769975,6276227682,1,0,0.023890871554613113
7311519122,3671879202,1,0,0.009286786429584026
7312677265,9165329829,1,0,0.00808415561914444
7313582111,7804300115,1,0,0.002983995946124196
7313779991,3082731712,1,0,0.050716906785964966
7316931551,1297975973,1,0,0.045416247099637985
7317376718,7760290512,1,0,0.00808714423328638
7317669901,1297975973,1,0,0.003000416560098529
7319463318,2705589884,1,0,0.046976134181022644
7321548432,3412668714,1,0,0.022094056010246277
7322608923,1297975973,1,0,0.04266105219721794
7325042768,5428423860,1,0,0.04255244508385658
7327194133,3098510521,1,0,0.007840589620172977
7328576645,5730240854,1,0,0.03728562965989113
7328924049,7200019989,1,0,0.0030000575352460146
7331165589,1645599505,1,0,0.00785000342875719
7331489423,2201915244,1,0,0.04546185955405235
7331699774,6788591973,1,0,0.02525387518107891
7332934349,1195908387,1,0,0.0030009921174496412
7335937620,5250260756,1,0,0.027147328481078148
7336651972,5789387121,1,0,0.003003933699801564
7337866894,6153121801,1,0,0.006714676972478628
7340966285,7804300115,1,0,0.0221713799983263
7342222902,5939204645,1,0,0.0153538528829813
7342227727,5226302309,1,0,0.0038730998057872057
7343651861,1645599505,1,0,0.009587547741830349
7345289195,7804300115,1,0,0.029799940064549446
7345634569,2560497310,1,0,0.003041652962565422
7346490369,6232442780,1,0,0.030129117891192436
7347005140,7506746741,1,0,0.005012535024434328
7349213577,1188472987,1,0,0.005201199557632208
7350088951,5365378896,1,0,0.0061456989496946335
7350442295,2201915244,1,0,0.0038794507272541523
7350835134,6558040566,1,0,0.012416264042258263
7350920887,2560497310,1,0,0.02335127629339695
7351998196,2201915244,1,0,0.02033192850649357
7357211247,7844581127,1,0,0.025254225358366966
7358140854,6523666955,1,0,0.002996002323925495
7360146097,9165329829,1,0,0.002996682422235608
7360302064,7188930130,1,0,0.0030265399254858494
7360379039,1954778190,1,0,0.002999447053298354
7361421909,3217035437,1,0,0.024296926334500313
7364365909,5531506227,1,0,0.007794822100549936
7365181791,5574911608,1,0,0.04250213876366615
7366523663,3217742437,1,0,0.02428429387509823
7367863996,3217035437,1,0,0.016807790845632553
7368356271,7734889891,1,0,0.04558638110756874
7370601356,6113513458,1,0,0.06446237117052078
7371171018,6420654776,1,0,0.047105833888053894
7371171018,7850599876,1,0,0.0063775465823709965
7371534895,3317704373,1,0,0.0029986968729645014
7374106655,5250260756,1,0,0.0030462259892374277
7375893207,3217742437,1,0,0.011678404174745083
7376857898,2090591961,1,0,0.021227721124887466
7378094994,6153121801,1,0,0.02278693951666355
7378094994,7804300115,1,0,0.003698533633723855
7379678099,5730240854,1,0,0.004626432433724403
7379715611,7912058860,1,0,0.00642441026866436
7381541267,7912058860,1,0,0.024291405454277992
7382160940,1316949123,1,0,0.04545342177152634
7382758581,6441657735,1,0,0.0030205321963876486
7384474329,7847210480,1,0,0.007794822100549936
7384844416,7200019989,1,0,0.0030270551797002554
7385438127,3847642518,1,0,0.029790811240673065
7385538458,7847210480,1,0,0.020533494651317596
7385644052,1737850362,1,0,0.013103645294904709
7386845614,3412668714,1,0,0.0271744504570961
7387086486,1797539504,1,0,0.008081788197159767
7387102950,6232442780,1,0,0.02277359366416931
7387161612,1850017837,1,0,0.027097847312688828
7387510720,2909406375,1,0,0.00779160438105464
7387937257,1719397245,1,0,0.022790927439928055
7388948924,2002400427,1,0,0.008085125125944614
7390903919,5311962099,1,0,0.0507020577788353
7391809569,5767049948,1,0,0.042519450187683105
7393354303,2705589884,1,0,0.03292664885520935
7394358296,6788591973,1,0,0.003871500724926591
7395128408,6442235149,1,0,0.022095510736107826
7395193174,7847210480,1,0,0.03460047021508217
7395836176,7844581127,1,0,0.03628296032547951
7397201988,6580670764,1,0,0.054737526923418045
7399810156,7200019989,1,0,0.1201162040233612
7401506975,1316949123,1,0,0.037691179662942886
7401851014,7461276382,1,0,0.0029972398187965155
7402186530,2002400427,1,0,0.06451192498207092
7402186530,3317704373,1,0,0.0030005844309926033
7402493747,7188930130,1,0,0.0030054955277591944
7403786690,7804300115,1,0,0.04547344148159027
7406006054,5767049948,1,0,0.021251477301120758
7407210110,7188930130,1,0,0.0029996633529663086
7410128470,7200019989,1,0,0.02430838532745838
7411414081,5767049948,1,0,0.02453925460577011
7411473681,7804300115,1,0,0.022780263796448708
7412043544,5226302309,1,0,0.046990785747766495
7412130835,2136848625,1,0,0.027128176763653755
7412975351,5070705161,1,0,0.0028256243094801903
7413249374,3217742437,1,0,0.0029873668681830168
7415715226,7506746741,1,0,0.0030026936437934637
7416653698,3829981184,1,0,0.003027694532647729
7418997552,5250260756,1,0,0.0526580885052681
7418997552,6153121801,1,0,0.007794822100549936
7418997552,6483039487,1,0,0.006718503776937723
7419207923,7757687460,1,0,0.011982678435742855
7419986030,7912058860,1,0,0.003693917766213417
7423296397,7625326364,1,0,0.04698622599244118
7423471761,9165329829,1,0,0.014555430971086025
7424016178,1954778190,1,0,0.0685172900557518
7428374778,1875293522,1,0,0.022457275539636612
7429624522,5311962099,1,0,0.002997439820319414
7431931977,6272876985,1,0,0.04389641433954239
7432435668,1306484861,1,0,0.002997954376041889
7433046049,6001863056,1,0,0.011964802630245686
7433459781,5767049948,1,0,0.0030005627777427435
7433532580,2219969573,1,0,0.00299656530842185
7434253395,7188930130,1,0,0.0030087418854236603
7434755124,5926318749,1,0,0.0031526233069598675
7435063227,3973292213,1,0,0.04389641433954239
7435862870,1954778190,1,0,0.0030005627777427435
7436489524,1316949123,1,0,0.003694824641570449
7436845343,5987057408,1,0,0.04256783053278923
7437493762,7200019989,1,0,0.003763010026887059
7438237581,3217035437,1,0,0.022790927439928055
7438906544,6420654776,1,0,0.0239077378064394
7439338902,2705589884,1,0,0.009090247564017773
7439647593,2219969573,1,0,0.015385380946099758
7440826688,6425881183,1,0,0.027168702334165573
7442618355,2219969573,1,0,0.008168564178049564
7443225825,1195908387,1,0,0.0124301603063941
7443408734,9165329829,1,0,0.03462795913219452
7443635987,1917488115,1,0,0.025277797132730484
7450544828,6272876985,1,0,0.07401265949010849
7451072130,6420654776,1,0,0.017130713909864426
7452211679,1041705884,1,0,0.029790811240673065
7452967629,1554226303,1,0,0.06725291162729263
7453025733,1791873284,1,0,0.04964818060398102
7453967180,5428423860,1,0,0.0029905973933637142
7455120452,1917488115,1,0,0.00779160438105464
7455186939,1041705884,1,0,0.0030044049490243196
7455198589,2705589884,1,0,0.04256211221218109
7455326161,7160110296,1,0,0.04393913969397545
7455350811,6580670764,1,0,0.0030642312485724688
7455890777,5767049948,1,0,0.008098475635051727
7457068634,5789387121,1,0,0.007840589620172977
7458654607,1816029971,1,0,0.006311395671218634
7458852208,5574911608,1,0,0.037635378539562225
7459004270,7188930130,1,0,0.02452912926673889
7461741263,2002400427,1,0,0.002998936455696821
7461781768,2090591961,1,0,0.007844465784728527
7461936114,3829981184,1,0,0.0455734021961689
7462673836,5730240854,1,0,0.23368842899799347
7463216755,2937990707,1,0,0.015475764870643616
7463426198,6420654776,1,0,0.009090247564017773
7463794426,7461276382,1,0,0.008095312863588333
7463923134,6837278495,1,0,0.0839427039027214
7463923134,6839422251,1,0,0.03683643043041229
7464936677,1821525001,1,0,0.00779160438105464
7466319216,7200019989,1,0,0.008154211565852165
7468833273,1954778190,1,0,0.002992551540955901
7469696114,5365378896,1,0,0.008076086640357971
7470006720,1917488115,1,0,0.05457918718457222
7470733332,6124100893,1,0,0.0029984761495143175
7470908541,7804300115,1,0,0.0345892533659935
7472155604,2201915244,1,0,0.024274270981550217
7472830039,7341744407,1,0,0.046976134181022644
7472840470,7757687460,1,0,0.020918501541018486
7473662502,6001863056,1,0,0.01972717046737671
7474056299,6441657735,1,0,0.022468961775302887
7474258566,2201915244,1,0,0.03728562965989113
7475688423,1645599505,1,0,0.012448733672499657
7478156815,1275418863,1,0,0.04254454746842384
7478156815,5250260756,1,0,0.046994950622320175
7479461437,1816029971,1,0,0.002963513135910034
7481054233,7804300115,1,0,0.0030000805854797363
7481118901,6618737705,1,0,0.008012386038899422
7481118901,7866135934,1,0,0.006319709587842226
7481185886,7200019989,1,0,0.03255631402134895
7482893833,2002400427,1,0,0.042574577033519745
7483190608,1821525001,1,0,0.01708894595503807
7483362757,7804300115,1,0,0.029818618670105934
7483477615,1497609517,1,0,0.008093539625406265
7483630211,7912058860,1,0,0.00809688214212656
7485466518,3829981184,1,0,0.006425244268029928
7485763875,7847210480,1,0,0.023239994421601295
7486972106,6232442780,1,0,0.03579370677471161
7487189721,7866135934,1,0,0.014549422077834606
7487253374,6839422251,1,0,0.006358984857797623
7488445934,1195908387,1,0,0.006714676972478628
7488601104,6558040566,1,0,0.025178611278533936
7489533440,2090591961,1,0,0.011570196598768234
7490354099,5365378896,1,0,0.043141920119524
7491200785,2219969573,1,0,0.0029916211497038603
7492946383,2705589884,1,0,0.0029986968729645014
7496181974,6441657735,1,0,0.006714676972478628
7497372973,6442235149,1,0,0.006719416938722134
7497587655,6243146585,1,0,0.01462969183921814
7498398920,1811903663,1,0,0.0066607119515538216
7499839162,5365378896,1,0,0.008153103291988373
7500031508,6420654776,1,0,0.009276865981519222
7502834388,7461276382,1,0,0.011979478411376476
7503747153,7804300115,1,0,0.04270879551768303
7503863946,7804300115,1,0,0.02277825027704239
7505329309,2217048775,1,0,0.004634575452655554
7505826350,7240026510,1,0,0.035805970430374146
7506493699,3671879202,1,0,0.02428429387509823
7507013549,6425881183,1,0,0.02950681746006012
7507678264,6276227682,1,0,0.00807942170649767
7508042824,3217035437,1,0,0.0030608053784817457
7508159247,1297975973,1,0,0.03764904662966728
7509095711,7804300115,1,0,0.008156855590641499
7509595652,3829981184,1,0,0.021216681227087975
7509850858,1821525001,1,0,0.011987309902906418
7510057068,2909406375,1,0,0.024296926334500313
7510210574,3217035437,1,0,0.05073785036802292
7513228947,3217035437,1,0,0.0031570761930197477
7513236449,7866135934,1,0,0.0030005627777427435
7514961616,6554603444,1,0,0.02035020850598812
7515862282,2002400427,1,0,0.03579370677471161
7516819909,6153121801,1,0,0.0030011767521500587
7516940253,6420654776,1,0,0.10763250291347504
7517804299,1188472987,1,0,0.19354091584682465
7518090397,5767049948,1,0,0.03249307721853256
7519048740,6788591973,1,0,0.011561592109501362
7520742218,3671879202,1,0,0.003003933699801564
7520995031,7847210480,1,0,0.008157577365636826
7521171196,6560668913,1,0,0.0030000575352460146
7522509796,7804300115,1,0,0.029828835278749466
7525305347,6124100893,1,0,0.022789666429162025
7526771651,7757687460,1,0,0.015460320748388767
7527218608,2002400427,1,0,0.016966287046670914
7527550817,5311962099,1,0,0.024325717240571976
7527843624,6420654776,1,0,0.03321501985192299
7527969867,7847210480,1,0,0.009280234575271606
7528567592,5226302309,1,0,0.014539157971739769
7534912537,5428423860,1,0,0.006714676972478628
7537781271,1041705884,1,0,0.015368180349469185
7540152187,6483039487,1,0,0.0030000805854797363
7540290957,3671879202,1,0,0.003018762683495879
7541247263,9165329829,1,0,0.6295801401138306
7543837857,1188472987,1,0,0.08275622129440308
7543837857,2008062861,1,0,0.0029989266768097878
7544830534,1811903663,1,0,0.014567991718649864
7545767547,7804300115,1,0,0.03443768247961998
7547749467,1954778190,1,0,0.006299090106040239
7547921982,2002400427,1,0,0.032917845994234085
7547932059,2560497310,1,0,0.032532092183828354
7549671723,7461276382,1,0,0.006428906228393316
7550533560,5767049948,1,0,0.051650289446115494
7550888631,5250260756,1,0,0.04244983568787575
7550888631,7767144248,1,0,0.006705205887556076
7551339358,7847210480,1,0,0.006313198711723089
7553168280,5767049948,1,0,0.009292079135775566
7556282888,6153121801,1,0,0.02715853601694107
7556723356,6425881183,1,0,0.0030428136233240366
7557534941,3217035437,1,0,0.00630982406437397
7559591031,5574911608,1,0,0.032513875514268875
7560055382,6441657735,1,0,0.006744341924786568
7560146358,6580670764,1,0,0.004635258112102747
7562155141,2318910945,1,0,0.00928524974733591
7562155141,5070705161,1,0,0.006749103311449289
7562766057,6272876985,1,0,0.048123423010110855
7564299435,6425881183,1,0,0.03252340480685234
7564369284,5955730111,1,0,0.0029895107727497816
7565448191,7341744407,1,0,0.0029994831420481205
7565713094,5070705161,1,0,0.02433360554277897
7566055835,1811903663,1,0,0.03727024048566818
7566197496,2217048775,1,0,0.0030051730573177338
7568910607,1797539504,1,0,0.002947620814666152
7569400999,2136848625,1,0,0.0067348298616707325
7570263625,3217035437,1,0,0.03764500841498375
7570811435,7341744407,1,0,0.022788342088460922
7571662162,6153121801,1,0,0.02452194318175316
7574285927,7188930130,1,0,0.01735217124223709
7575201020,6113513458,1,0,0.005202982574701309
7576330878,6243146585,1,0,0.0029861025977879763
7579178877,1811903663,1,0,0.002948265988379717
7586793355,7767144248,1,0,0.007421399932354689
7591441737,6788591973,1,0,0.09487970173358917
7592894454,6153121801,1,0,0.025230325758457184
7594899876,7767144248,1,0,0.02328983135521412
7597207883,7760290512,1,0,0.002999447053298354
7597265339,1811903663,1,0,0.009605836123228073
7597566311,1821525001,1,0,0.0029607503674924374
7601735866,1554226303,1,0,0.0037649127189069986
7602090486,7847210480,1,0,0.04708106443285942
7602167592,6558040566,1,0,0.0333295501768589
7604170498,1954778190,1,0,0.03295115381479263
7604206089,6304429250,1,0,0.07963450253009796
7604700213,7767144248,1,0,0.01700187847018242
7604764119,7757687460,1,0,0.07390826940536499
7605213617,5767049948,1,0,0.0030000575352460146
7605271994,6001863056,1,0,0.009090247564017773
7605620715,5407978252,1,0,0.023239994421601295
7605665127,3317704373,1,0,0.06723135709762573
7606618082,5939204645,1,0,0.04963226243853569
7609612347,6304429250,1,0,0.0030013665091246367
7609939042,6304429250,1,0,0.04252561181783676
7609939042,7757687460,1,0,0.006143898703157902
7610027482,6523666955,1,0,0.027136120945215225
7611291619,7240026510,1,0,0.012446613050997257
7611371717,6441657735,1,0,0.02216223068535328
7611980071,3217035437,1,0,0.04250674322247505
7613018742,2705589884,1,0,0.0030016887467354536
7613200721,6580670764,1,0,0.045480336993932724
7614645925,6502204514,1,0,0.005202982574701309
7615393551,6618737705,1,0,0.0029958493541926146
7616728356,5070705161,1,0,0.006367106456309557
7619348846,2427613143,1,0,0.02248852513730526
7619348846,7767144248,1,0,0.03013959713280201
7621579590,2937990707,1,0,0.12564225494861603
7621922449,2560497310,1,0,0.05993223562836647
7627815840,1816029971,1,0,0.0031516989693045616
7627945273,7240026510,1,0,0.04542805626988411
7627992009,6837278495,1,0,0.022776033729314804
7627992009,6839422251,1,0,0.04708639159798622
7630032876,6871895822,1,0,0.003001564648002386
7637017967,7160110296,1,0,0.003009622683748603
7637476482,5250260756,1,0,0.03581513091921806
7638735739,7188930130,1,0,0.002999234013259411
7638839607,2090591961,1,0,0.04257369786500931
7639183405,5531506227,1,0,0.003154848935082555
7641509132,6437735703,1,0,0.0030001276172697544
7641917051,6871895822,1,0,0.045426562428474426
7642808608,3098510521,1,0,0.03764904662966728
7643156363,3317704373,1,0,0.045438699424266815
7644570410,6441657735,1,0,0.03247753158211708
7644647344,1850017837,1,0,0.003025524318218231
7644965866,7380722614,1,0,0.015762241557240486
7644983894,6153121801,1,0,0.0030212178826332092
7644983894,7760290512,1,0,0.006429396569728851
7647042605,2891416631,1,0,0.019732188433408737
7647290948,5428423860,1,0,0.007103846408426762
7648305690,1875293522,1,0,0.09087029844522476
7650789195,5767049948,1,0,0.00808639544993639
7651901176,6232442780,1,0,0.03756088763475418
7653443152,6441657735,1,0,0.0030010060872882605
7654625786,1791873284,1,0,0.04250093922019005
7656239787,3671879202,1,0,0.0030005844309926033
7658407000,9165329829,1,0,0.06864739954471588
7658908040,6437735703,1,0,0.038761287927627563
7659191261,5428423860,1,0,0.022095510736107826
7659276816,6871895822,1,0,0.05268548056483269
7669400970,1645599505,1,0,0.003000416560098529
7669791808,7757687460,1,0,0.023934492841362953
7669799374,1645599505,1,0,0.02982415445148945
7671843793,1811903663,1,0,0.0031530007254332304
7672433302,6580670764,1,0,0.04249655455350876
7672979339,3541413702,1,0,0.045661140233278275
7676807903,6580670764,1,0,0.0029862020164728165
7679863731,6442235149,1,0,0.015779884532094002
7685423446,2201915244,1,0,0.03444909676909447
7685423446,5926318749,1,0,0.002992551540955901
7686052762,7612876955,1,0,0.003003933699801564
7689789831,7804300115,1,0,0.045511916279792786
7695075759,7757687460,1,0,0.0029905973933637142
7701951239,6871895822,1,0,0.07677317410707474
7703060479,7765668071,1,0,0.006309036165475845
7706445442,9165329829,1,0,0.003000416560098529
7707911560,6502204514,1,0,0.02278693951666355
7714701957,7760290512,1,0,0.14279793202877045
7714737214,7506746741,1,0,0.002991659799590707
7716052904,5987057408,1,0,0.03464597836136818
7717099613,2560497310,1,0,0.020248984917998314
7717611466,5789387121,1,0,0.043139878660440445
7717714493,7461276382,1,0,0.00784936361014843
7718451038,5428423860,1,0,0.05164326727390289
7718744326,7467277921,1,0,0.0030045106541365385
7719094299,3412668714,1,0,0.008074588142335415
7719325369,3973292213,1,0,0.0029980111867189407
7719592475,3541413702,1,0,0.0063708750531077385
7720465494,5955730111,1,0,0.006306943483650684
7721400511,1821525001,1,0,0.008165983483195305
7722624276,1954778190,1,0,0.0031576287001371384
7723389990,5543176559,1,0,0.0028236310463398695
7723418861,1821525001,1,0,0.0029983134008944035
7723670421,2008062861,1,0,0.004625803790986538
7724532733,6243146585,1,0,0.00779160438105464
7724580488,2560497310,1,0,0.0252268984913826
7726183833,5767049948,1,0,0.006719416938722134
7726449004,5033845034,1,0,0.0030003723222762346
7727401235,1554226303,1,0,0.04545342177152634
7727446595,3829981184,1,0,0.012454812414944172
7727702368,5020552519,1,0,0.007794822100549936
7727796801,3829981184,1,0,0.02321498841047287
7727940188,2201915244,1,0,0.028409261256456375
7728744773,1797539504,1,0,0.04700561985373497
7728935639,2909406375,1,0,0.008074588142335415
7729145237,7804300115,1,0,0.0030044049490243196
7729943977,6871895822,1,0,0.006143898703157902
7730106133,3051163592,1,0,0.032526563853025436
7730715967,7341744407,1,0,0.022456103935837746
7730973077,2002400427,1,0,0.0030184013303369284
7732028676,5428423860,1,0,0.008083057589828968
7732586853,5926318749,1,0,0.04548904672265053
7733292301,6272876985,1,0,0.003045574529096484
7734202393,6788591973,1,0,0.014625949785113335
7734792730,7200019989,1,0,0.006742366123944521
7735029500,6523666955,1,0,0.04254454746842384
7736104044,3217035437,1,0,0.04547267407178879
7736450307,6871895822,1,0,0.0029874767642468214
7737098108,7844581127,1,0,0.002999202348291874
7737391119,2090591961,1,0,0.002986691892147064
7737848304,7200019989,1,0,0.004626432433724403
7738168802,3292333231,1,0,0.015471233986318111
7738507510,5767049948,1,0,0.03679851070046425
7738612889,2219969573,1,0,0.024549389258027077
7738727481,7804300115,1,0,0.006705205887556076
7738856131,1954778190,1,0,0.024549389258027077
7741064621,5250260756,1,0,0.007414821069687605
7741165443,1811903663,1,0,0.09479562193155289
7741538065,7380722614,1,0,0.0029994237702339888
7741602423,6580670764,1,0,0.023854371160268784
7741950618,7804300115,1,0,0.04253094643354416
7742062007,5543176559,1,0,0.0029949492309242487
7742345529,6113513458,1,0,0.0030201219487935305
7742613057,7866135934,1,0,0.02456672117114067
7743824173,7767144248,1,0,0.026874219998717308
7744110829,5365378896,1,0,0.0030022100545465946
7744334254,5543176559,1,0,0.003155565122142434
7745490704,5939204645,1,0,0.015224787406623363
7749692802,6441657735,1,0,0.002996682422235608
7750231581,5939204645,1,0,0.014549422077834606
7750822619,6788591973,1,0,0.003006299491971731
7751062251,5250260756,1,0,0.002991776680573821
7751062251,7866135934,1,0,0.009090247564017773
7751145529,6001863056,1,0,0.038672253489494324
7751914351,3217035437,1,0,0.0029938886873424053
7752084441,6001863056,1,0,0.04254970699548721
7755003616,6304429250,1,0,0.011951426044106483
7755003616,7757687460,1,0,0.02428429387509823
7755686582,2560497310,1,0,0.006143898703157902
7758197878,3082731712,1,0,0.0031558722257614136
7763320155,7765668071,1,0,0.0030044049490243196
7764213265,2560497310,1,0,0.004320003092288971
7766655540,6580670764,1,0,0.007794822100549936
7767385685,6001863056,1,0,0.011219601146876812
7767499922,6420654776,1,0,0.00779160438105464
7767545174,1041705884,1,0,0.04707569628953934
7767667462,5428423860,1,0,0.007794822100549936
7769380101,5600540896,1,0,0.0029986449517309666
7769809125,7912058860,1,0,0.00779160438105464
7769939434,6425881183,1,0,0.0038791787810623646
7770085370,1954778190,1,0,0.04623197391629219
7770581910,7912058860,1,0,0.030683506280183792
7770912267,1816029971,1,0,0.018589412793517113
7771791323,7760290512,1,0,0.006371118128299713
7771894978,7912058860,1,0,0.0038730998057872057
7772234669,3847642518,1,0,0.0030001276172697544
7772730684,6420654776,1,0,0.02281094342470169
7772993098,7847210480,1,0,0.023271605372428894
7773662743,5250260756,1,0,0.014644917100667953
7773908510,5428423860,1,0,0.01197675708681345
7774085998,1954778190,1,0,0.0029895107727497816
7774305052,2705589884,1,0,0.0031530007254332304
7774793467,7200019989,1,0,0.008168925531208515
7774793475,2201915244,1,0,0.022453108802437782
7776999090,7200019989,1,0,0.034404199570417404
7777370516,6232442780,1,0,0.0030054955277591944
7777967691,7200019989,1,0,0.007786107249557972
7778128762,6441657735,1,0,0.004596985410898924
7778268796,7200019989,1,0,0.0030011767521500587
7778713060,3217742437,1,0,0.02216726914048195
7779012489,2201915244,1,0,0.006366380490362644
7779012489,3317704373,1,0,0.06903337687253952
7779012489,5428423860,1,0,0.011140950955450535
7780144098,3051163592,1,0,0.003001156495884061
7780632274,3217742437,1,0,0.014627937227487564
7782265347,6871895822,1,0,0.003048943355679512
7783386411,5767049948,1,0,0.0030019653495401144
7783499664,7240026510,1,0,0.007848297245800495
7783602000,7866135934,1,0,0.003000113647431135
7784727920,6420654776,1,0,0.006760172080248594
7785117806,1821525001,1,0,0.00779160438105464
7785950738,5428423860,1,0,0.032869115471839905
7787155246,2002400427,1,0,0.02395426295697689
7788136287,1195908387,1,0,0.04247351735830307
7789121166,5955730111,1,0,0.006150037981569767
7789254073,1954778190,1,0,0.045477405190467834
7790597131,7200019989,1,0,0.024366820231080055
7790733876,5428423860,1,0,0.013297785073518753
7790816087,9165329829,1,0,0.015762241557240486
7791062454,5531506227,1,0,0.00784561038017273
7792389854,3051163592,1,0,0.12053227424621582
7792559500,7893929649,1,0,0.015466704964637756
7792900078,7200019989,1,0,0.006373749580234289
7793450004,1041705884,1,0,0.023247959092259407
7793474523,7866135934,1,0,0.006157421972602606
7794629486,1719397245,1,0,0.042533282190561295
7795079347,9165329829,1,0,0.003005377948284149
7796705641,2201915244,1,0,0.006754678208380938
7797097314,9165329829,1,0,0.004637741018086672
7797581524,7767144248,1,0,0.028519190847873688
7798119309,7200019989,1,0,0.008158858865499496
7798324571,5070705161,1,0,0.014620938338339329
7798731230,5789387121,1,0,0.005202982574701309
7798744320,7160110296,1,0,0.034615810960531235
7799217119,5250260756,1,0,0.01465433370321989
7799409469,1645599505,1,0,0.0376792810857296
7800766830,7847210480,1,0,0.022087082266807556
7800835571,6153121801,1,0,0.05264831334352493
7801495762,3541413702,1,0,0.025212526321411133
7801710188,2201915244,1,0,0.011951426044106483
7801996463,2217066377,1,0,0.006659806706011295
7801996463,5250260756,1,0,0.006367306690663099
7802091155,1850017837,1,0,0.009114705957472324
7802915944,7240026510,1,0,0.012416264042258263
7803564732,5250260756,1,0,0.006366860121488571
7804152685,6437735703,1,0,0.009268864057958126
7804464590,1791873284,1,0,0.03252803534269333
7804957617,7767144248,1,0,0.28897976875305176
7805336245,6788591973,1,0,0.02633938193321228
7806205931,7946457588,1,0,0.3076222836971283
7806293863,2002400427,1,0,0.20251445472240448
7807075716,7866135934,1,0,0.14292529225349426
7807133999,3317704373,1,0,0.011991598643362522
7807173762,3829981184,1,0,0.006371118128299713
7808484457,7866135934,1,0,0.006370619870722294
7810066172,7757687460,1,0,0.006143898703157902
7810696266,7506746741,1,0,0.008085125125944614
7811505560,5987057408,1,0,0.029790811240673065
7811526515,6523666955,1,0,0.002998481271788478
7812064042,6420654776,1,0,0.007844465784728527
7812225072,6554603444,1,0,0.008163676597177982
7812229281,3051163592,1,0,0.0031511145643889904
7813287038,1816029971,1,0,0.003012431086972356
7813423521,2090591961,1,0,0.0038742339238524437
7813943405,3051163592,1,0,0.00784561038017273
7814095387,6153121801,1,0,0.007794822100549936
7814377206,1811903663,1,0,0.003779567079618573
7815030583,1811903663,1,0,0.0037472830154001713
7815030583,2705589884,1,0,0.00316200265660882
7815030583,3829981184,1,0,0.006371582858264446
7815030583,5767049948,1,0,0.002999860094860196
7815054139,5033845034,1,0,0.04251595214009285
7815357647,6420654776,1,0,0.0197285246104002
7815645651,3051163592,1,0,0.013093539513647556
7815891292,3051163592,1,0,0.020558148622512817
7816323362,5250260756,1,0,0.007948296144604683
7816637580,7804300115,1,0,0.03459339961409569
7816693889,7461276382,1,0,0.023266980424523354
7817544742,6871895822,1,0,0.0030632640700787306
7817988795,2201915244,1,0,0.008090601302683353
7818362155,2002400427,1,0,0.006366860121488571
7818792239,5428423860,1,0,0.019728390499949455
7819234629,1791873284,1,0,0.006366860121488571
7819552191,3217742437,1,0,0.007848297245800495
7819586879,2201915244,1,0,0.012442578561604023
7820549323,7200019989,1,0,0.02215573936700821
7820971236,1316949123,1,0,0.024027550593018532
7821067086,1791873284,1,0,0.00831753108650446
7821254691,5428423860,1,0,0.015762241557240486
7821629567,3051163592,1,0,0.025229012593626976
7823928257,2560497310,1,0,0.015284840948879719
7824255601,7160110296,1,0,0.058066822588443756
7824702171,2201915244,1,0,0.006304709706455469
7824702171,3317704373,1,0,0.002997608622536063
7824782570,2002400427,1,0,0.012008308432996273
7824782570,5428423860,1,0,0.008158858865499496
7824884720,3829981184,1,0,0.009090247564017773
7824908005,3292333231,1,0,0.002983527723699808
7825199999,6124100893,1,0,0.004634361248463392
7825263438,7804300115,1,0,0.007800325285643339
7825290669,3051163592,1,0,0.02984757348895073
7825501598,6839422251,1,0,0.0038785701617598534
7826761169,3051163592,1,0,0.02852448634803295
7826806862,2201915244,1,0,0.042549215257167816
7827777701,2090591961,1,0,0.04547218978404999
7829834110,5531506227,1,0,0.025172168388962746
7830075259,2002400427,1,0,0.017687750980257988
7830075259,5926318749,1,0,0.028526805341243744
7830794214,3541413702,1,0,0.02216726914048195
7831167755,3317704373,1,0,0.02246338687837124
7831167755,5428423860,1,0,0.0030426133889704943
7831167755,6420654776,1,0,0.006752439774572849
7831835147,7341744407,1,0,0.002945881336927414
7833386318,2909406375,1,0,0.008151821792125702
7833775310,6420654776,1,0,0.006147095933556557
7833972606,2002400427,1,0,0.0030002419371157885
7834446752,1816029971,1,0,0.02670944109559059
7834506888,5939204645,1,0,0.007794822100549936
7835311407,6788591973,1,0,0.006719416938722134
7835900478,7200019989,1,0,0.00779160438105464
7835933857,7734889891,1,0,0.008154211565852165
7836775805,3217742437,1,0,0.006362614221870899
7837603894,7946457588,1,0,0.007842371240258217
7841417954,7467277921,1,0,0.009295454248785973
7842381926,7844581127,1,0,0.008081788197159767
7842790795,1297975973,1,0,0.007415615953505039
7843624981,3217035437,1,0,0.09480579197406769
7844620575,7946457588,1,0,0.022501835599541664
7844852461,5531506227,1,0,0.025268619880080223
7846001086,7380722614,1,0,0.002998936455696821
7846057467,6113513458,1,0,0.0344247929751873
7846557262,7767144248,1,0,0.04251835495233536
7847010732,6304429250,1,0,0.003154848935082555
7847294508,2002400427,1,0,0.007794822100549936
7847350654,5250260756,1,0,0.002991776680573821
7847388571,2560497310,1,0,0.0029972398187965155
7847830043,6837278495,1,0,0.008081072941422462
7847845245,7200019989,1,0,0.008016820065677166
7848507298,3217035437,1,0,0.04497579112648964
7848985507,7200019989,1,0,0.09869501739740372
7849295202,2002400427,1,0,0.02242666855454445
7849878366,1850017837,1,0,0.0031521948985755444
7850599876,7850599876,1,0,0.008153103291988373
7851087423,2201915244,1,0,0.0031516989693045616
7852255647,6153121801,1,0,0.006366380490362644
7852370214,7804300115,1,0,0.01861763186752796
7852737448,6304429250,1,0,0.016669385135173798
7852737448,7757687460,1,0,0.26085928082466125
7852767785,7380722614,1,0,0.04395841434597969
7853203670,5730240854,1,0,0.003158697858452797
7853226804,6441657735,1,0,0.01462969183921814
7853379217,5955730111,1,0,0.008150310255587101
7853488940,6437735703,1,0,0.008158242329955101
7854244030,5428423860,1,0,0.035785574465990067
7854421815,7200019989,1,0,0.05859609693288803
7854650407,7912058860,1,0,0.046976134181022644
7857884216,7912058860,1,0,0.2503109276294708
7859581415,7804300115,1,0,0.2644954025745392
7860798646,6442235149,1,0,0.03803705796599388
7861852871,6153121801,1,0,0.21429498493671417
7861852871,6483039487,1,0,0.022776033729314804
7861852871,6788591973,1,0,0.008162226527929306
7862827084,5428423860,1,0,0.006664006505161524
7863209794,2002400427,1,0,0.09013377875089645
7863746497,5428423860,1,0,0.03681765869259834
7863840147,3051163592,1,0,0.006249771453440189
7865913205,5428423860,1,0,0.007801549043506384
7865913205,5926318749,1,0,0.008089052513241768
7865913205,7625326364,1,0,0.02716408483684063
7866218490,1917488115,1,0,0.034615810960531235
7867663616,5428423860,1,0,0.006149202585220337
7867843977,7866135934,1,0,0.002999202348291874
7868242827,2002400427,1,0,0.020529940724372864
7869507227,2002400427,1,0,0.007937392219901085
7869773741,3671879202,1,0,0.0030002337880432606
7871939741,2219969573,1,0,0.04252934828400612
7872063766,6232442780,1,0,0.023234715685248375
7872974655,2318910945,1,0,0.0220890361815691
7874031656,1497609517,1,0,0.04052138701081276
7874031656,2201915244,1,0,0.10715992748737335
7874031656,7625326364,1,0,0.017022881656885147
7874178336,5767049948,1,0,0.00779160438105464
7876468820,2002400427,1,0,0.5283984541893005
7878331509,6554603444,1,0,0.3952274024486542
7878990442,3671879202,1,0,0.5472240447998047
7878990442,7866135934,1,0,0.577385425567627
7879228080,6065301364,1,0,0.1835341900587082
7880047681,7200019989,1,0,0.5469165444374084
7881413313,7804300115,1,0,0.5282161235809326
7881969035,7188930130,1,0,0.04709513112902641
7882327464,3829981184,1,0,0.015360190533101559
7882699175,5250260756,1,0,0.008151821792125702
7882856101,6441657735,1,0,0.003062637522816658
7885630436,2002400427,1,0,0.00520368991419673
7885630436,5428423860,1,0,0.02327810786664486
7886591297,7912058860,1,0,0.04256444051861763
7887184487,3847642518,1,0,0.02123165875673294
7889657196,7240026510,1,0,0.03598718345165253
7890587550,7506746741,1,0,0.05269526317715645
7890630936,1811903663,1,0,0.0029996002558618784
7892055557,7160110296,1,0,0.008077355101704597
7892055557,7767144248,1,0,0.006661509163677692
7892259223,7200019989,1,0,0.0030608053784817457
7892270010,1195908387,1,0,0.007802608888596296
7892270010,1737850362,1,0,0.006712709553539753
7892270010,3292333231,1,0,0.006720942445099354
7892270010,6001863056,1,0,0.03292301669716835
7892270010,7200019989,1,0,0.002984758699312806
7892270010,7240026510,1,0,0.007940155453979969
7892270010,7380722614,1,0,0.005018420983105898
7892731622,6232442780,1,0,0.03160759061574936
7893248056,5574911608,1,0,0.04256444051861763
7895072695,2002400427,1,0,0.02277359366416931
7895183286,6124100893,1,0,0.005542374681681395
7895244027,3317704373,1,0,0.03293755650520325
7895530036,7240026510,1,0,0.00642441026866436
7895548935,7765668071,1,0,0.45294439792633057
7895827986,5311962099,1,0,0.05812182277441025
7896196352,1297975973,1,0,0.208669513463974
7896259199,5987057408,1,0,0.06378337740898132
7896572942,7912058860,1,0,0.0029480664525181055
7896681550,7804300115,1,0,0.006366860121488571
7897451713,6554603444,1,0,0.006360428407788277
7898522948,6124100893,1,0,0.006726645864546299
7900188404,7200019989,1,0,0.02053917944431305
7900317565,3217035437,1,0,0.019749216735363007
7903070195,3217035437,1,0,0.02524683065712452
7904076213,5070705161,1,0,0.006365296896547079
7904157810,5939204645,1,0,0.02428429387509823
7905358076,5428423860,1,0,0.04382454231381416
7905358076,7850599876,1,0,0.002988207619637251
7905479162,2427613143,1,0,0.023877590894699097
7906100183,7765668071,1,0,0.04250327870249748
7906293672,5767049948,1,0,0.0030003723222762346
7906440060,3217742437,1,0,0.08704975992441177
7906460339,5070705161,1,0,0.13256189227104187
7906518013,6442235149,1,0,0.44801390171051025
7906568195,2217066377,1,0,0.33046668767929077
7906568195,5250260756,1,0,0.7768439650535583
7906568195,7506746741,1,0,0.8546000719070435
7906568195,7767144248,1,0,0.7561821937561035
7907162073,6304429250,1,0,0.7503550052642822
7908520066,3051163592,1,0,0.8914514183998108
7908645686,6276227682,1,0,0.7165637016296387
7908794522,3217035437,1,0,0.3837392032146454
7909217740,2002400427,1,0,0.03873453289270401
7909217740,2201915244,1,0,0.0029984458815306425
7909658831,5730240854,1,0,0.0066681671887636185
7909945586,3051163592,1,0,0.0067263413220644
7910721592,7847210480,1,0,0.032869115471839905
7911174792,1917488115,1,0,0.04547344148159027
7912750208,3973292213,1,0,0.045475177466869354
7913037429,3082731712,1,0,0.037661947309970856
7913322273,6437735703,1,0,0.0028256243094801903
7913575151,6871895822,1,0,0.0344247929751873
7913829809,3829981184,1,0,0.0030613746494054794
7913829809,5987057408,1,0,0.009605836123228073
7914407845,1816029971,1,0,0.045501094311475754
7914407845,3217035437,1,0,0.06885894387960434
7914407845,3541413702,1,0,0.11428391933441162
7914407845,5407978252,1,0,0.023330725729465485
7914407845,5574911608,1,0,0.014633976854383945
7914407845,5600540896,1,0,0.0030087418854236603
7914407845,6101852007,1,0,0.015809567645192146
7914407845,6425881183,1,0,0.006365861743688583
7914407845,7200019989,1,0,0.038709454238414764
7914638137,7760290512,1,0,0.00462969858199358
7914689550,1041705884,1,0,0.008072753436863422
7915013151,6554603444,1,0,0.0031521948985755444
7915093325,3217035437,1,0,0.0029951254837214947
7915359173,5070705161,1,0,0.04272923618555069
7915373397,1875293522,1,0,0.008084654808044434
7915381295,7844581127,1,0,0.034597110003232956
7915423668,7757687460,1,0,0.0380912609398365
7915842643,5926318749,1,0,0.0029844013042747974
7916253928,5955730111,1,0,0.0029865081887692213
7918696385,6124100893,1,0,0.006365296896547079
7920053298,3217035437,1,0,0.025272052735090256
7920289808,7844581127,1,0,0.01712515950202942
7922325696,7893929649,1,0,0.02278212085366249
7922906411,3098510521,1,0,0.021234994754195213
7922906411,6153121801,1,0,0.0030002419371157885
7925195204,7866135934,1,0,0.003158243140205741
7925730795,1791873284,1,0,0.014623653143644333
7926300711,3541413702,1,0,0.003006759798154235
7927179538,3051163592,1,0,0.014617618173360825
7928787146,7760290512,1,0,0.006366380490362644
7930609215,6788591973,1,0,0.06571624428033829
7931321650,7804300115,1,0,0.00779160438105464
7931539308,5428423860,1,0,0.006705205887556076
7931953389,7912058860,1,0,0.06721734255552292
7932264578,1188472987,1,0,0.049621906131505966
7932749382,7804300115,1,0,0.015762241557240486
7933746790,3829981184,1,0,0.0329025462269783
7935855460,5767049948,1,0,0.008070389740169048
7936259415,5939204645,1,0,0.006366380490362644
7937414418,5939204645,1,0,0.007794822100549936
7938031410,3051163592,1,0,0.025238508358597755
7938153385,5730240854,1,0,0.006669681053608656
7938478031,6420654776,1,0,0.038595713675022125
7939026041,5767049948,1,0,0.006712709553539753
7939105995,5311962099,1,0,0.015249754302203655
7939240955,2560497310,1,0,0.02216726914048195
7940348893,5428423860,1,0,0.02036239206790924
7940856753,7866135934,1,0,0.02325737476348877
7940862064,6871895822,1,0,0.02718326263129711
7941764984,7866135934,1,0,0.02717266045510769
7943175380,3051163592,1,0,0.015224787406623363
7944308176,5987057408,1,0,0.0029905973933637142
7944320083,7200019989,1,0,0.002984758699312806
7944772648,3217035437,1,0,0.047111835330724716
7945281358,6837278495,1,0,0.025266751646995544
7945281358,6839422251,1,0,0.009278126060962677
7947146412,3541413702,1,0,0.002983527723699808
7948030979,5070705161,1,0,0.0030007618479430676
7948080664,7804300115,1,0,0.024291405454277992
7948624675,3051163592,1,0,0.09093445539474487
7948853157,7200019989,1,0,0.0029619717970490456
7949859251,6523666955,1,0,0.04250995069742203
7951235674,6554603444,1,0,0.016872771084308624
7952324380,7760290512,1,0,0.17327454686164856
7952618862,3217035437,1,0,0.0019954312592744827
7953002575,5600540896,1,0,0.027166493237018585
7953611459,5531506227,1,0,0.014539157971739769
7957029968,6483039487,1,0,0.042699094861745834
7957866698,3292333231,1,0,0.00779160438105464
7960211604,7188930130,1,0,0.0067596351727843285
7962008506,7188930130,1,0,0.006745874881744385
7963497777,5600540896,1,0,0.025242798030376434
7963523625,1821525001,1,0,0.00779160438105464
7964554298,5939204645,1,0,0.028521956875920296
7964611847,6232442780,1,0,0.0153538528829813
7965175957,6523666955,1,0,0.015235534869134426
7965573505,6153121801,1,0,0.009090247564017773
7965764873,5939204645,1,0,0.64659184217453
7965854567,6441657735,1,0,0.3507799208164215
7965947517,7847210480,1,0,0.6465566158294678
7966149778,7612876955,1,0,0.4631090760231018
7967677478,2705589884,1,0,0.47094637155532837
7967988243,6437735703,1,0,0.4944879412651062
7970393351,3217035437,1,0,0.011951426044106483
7970393351,7893929649,1,0,0.006651317700743675
7971958423,7850599876,1,0,0.007794822100549936
7973075649,7188930130,1,0,0.008082447573542595
7973978938,6425881183,1,0,0.06890755891799927
7975541622,1188472987,1,0,0.02056911401450634
7976694326,7200019989,1,0,0.020533494651317596
7977411762,7767144248,1,0,0.3597581088542938
7977429821,7767144248,1,0,0.02216223068535328
7978072415,6523666955,1,0,0.029841147363185883
7979352492,7200019989,1,0,0.09511633217334747
7980287799,7946457588,1,0,0.006742366123944521
7980859588,5574911608,1,0,0.048100054264068604
7982287956,5600540896,1,0,0.04625004902482033
7983739813,1816029971,1,0,0.030695514753460884
7984486935,3905581452,1,0,0.006651317700743675
7984486935,5020552519,1,0,0.02428429387509823
7984486935,6558040566,1,0,0.042518578469753265
7984486935,6837278495,1,0,0.008168376982212067
7984486935,7188930130,1,0,0.01197102665901184
7984486935,7946457588,1,0,0.008164317347109318
7986897540,6420654776,1,0,0.00462181493639946
7987612947,6554603444,1,0,0.025252558290958405
7988462291,7200019989,1,0,0.0030005627777427435
7988884369,7804300115,1,0,0.00911327637732029
7988960538,7893929649,1,0,0.006367100868374109
7989280493,3778125742,1,0,0.014617618173360825
7992942724,2002400427,1,0,0.0506453737616539
7992942724,5033845034,1,0,0.04710252583026886
7994184733,5531506227,1,0,0.037684183567762375
7995635576,7461276382,1,0,0.007794822100549936
7998360675,5972505998,1,0,0.011968307197093964
7998566614,7767144248,1,0,0.002983527723699808
7999272254,2002400427,1,0,0.029567409306764603
7999272254,2201915244,1,0,0.00779160438105464
7999272254,3317704373,1,0,0.00779160438105464
8002812036,6554603444,1,0,0.002999919466674328
8003183213,7847210480,1,0,0.008085571229457855
8004116279,7160110296,1,0,0.054494451731443405
8004481588,2002400427,1,0,0.007794822100549936
8006203602,6420654776,1,0,0.007794822100549936
8006593040,2002400427,1,0,0.007941155694425106
8006665000,6788591973,1,0,0.11126676201820374
8007250332,6523666955,1,0,0.007794822100549936
8007284230,1041705884,1,0,0.015235534869134426
8008306259,1816029971,1,0,0.008142709732055664
8009339655,6276227682,1,0,0.015277598984539509
8010796220,7866135934,1,0,0.002987612271681428
8011095985,5226302309,1,0,0.0031541825737804174
8013707464,6232442780,1,0,0.03729958459734917
8013853792,7757687460,1,0,0.015343021601438522
8016891260,7200019989,1,0,0.034644171595573425
8017253179,6420654776,1,0,0.0019939609337598085
8017407131,5939204645,1,0,0.047130338847637177
8211149352,6560668913,1,0,0.02038273774087429
8213128757,7200019989,1,0,0.024291405454277992
8213815243,7200019989,1,0,0.006304858718067408
8219263300,1554226303,1,0,0.011653538793325424
8233626356,7804300115,1,0,0.020348843187093735
8252443551,1497609517,1,0,0.024328632280230522
8261099715,7200019989,1,0,0.04550282284617424
8262473487,7200019989,1,0,0.006243221927434206
8267337794,5428423860,1,0,0.01444599311798811
8267337794,7625326364,1,0,0.006651317700743675
8269075140,7200019989,1,0,0.002998798154294491
8280338974,5600540896,1,0,0.014625949785113335
8298591498,2002400427,1,0,0.003793303621932864
8302069509,5600540896,1,0,0.004628343507647514
8319102561,5939204645,1,0,0.007794822100549936
8345920168,5428423860,1,0,0.006149202585220337
8358913160,6558040566,1,0,0.03161567822098732
8403513439,5574911608,1,0,0.007802608888596296
8409177419,3829981184,1,0,0.0031533390283584595
8419886976,7850599876,1,0,0.04543916881084442
8427289383,6232442780,1,0,0.006246958859264851
8435641726,6483039487,1,0,0.015003911219537258
8437483884,7847210480,1,0,0.02619910053908825
8438330290,6243146585,1,0,0.03785548359155655
8444197508,6788591973,1,0,0.036399513483047485
8444197508,7804300115,1,0,0.002999202348291874
8451024598,7847210480,1,0,0.002999498974531889
8455663383,3098510521,1,0,0.007794822100549936
8456897026,6065301364,1,0,0.015241826884448528
8475766446,2201915244,1,0,0.007794822100549936
8494715494,6554603444,1,0,0.007794822100549936
9009667598,7912058860,1,0,0.024274270981550217
9013172400,7866135934,1,0,0.004626986104995012
9027526143,6113513458,1,0,0.03166605532169342
9027724651,6788591973,1,0,0.023356832563877106
9049242664,7200019989,1,0,0.05558418110013008
9053155446,5250260756,1,0,0.004627484828233719
9056202508,2427613143,1,0,0.004510058090090752
9056913384,7200019989,1,0,0.11122215539216995
9099134840,5428423860,1,0,0.0050170402973890305
9099502556,5543176559,1,0,0.009771434590220451
9099989043,6065301364,1,0,1.0
9116086826,6788591973,1,0,1.0
9116086826,7804300115,1,0,1.0
9120401139,2002400427,1,0,1.0
9120401139,2201915244,1,0,1.0
9122966976,6441657735,1,0,1.0
9123384953,2909406375,1,0,0.004135805647820234
9124384123,7200019989,1,0,1.0
9127451917,5600540896,1,0,1.0
9145502462,7200019989,1,0,1.0
9147107087,7200019989,1,0,1.0
9165329829,9165329829,1,0,1.0
9169924166,7847210480,1,0,1.0
9174272116,6788591973,1,0,1.0
9176144845,2427613143,1,0,1.0
9178591817,6153121801,1,0,1.0
9178591817,7506746741,1,0,1.0
9181376714,6788591973,1,0,1.0
9181926640,5428423860,1,0,1.0
9185841187,7625326364,1,0,1.0
9185841187,7850599876,1,0,1.0
9188458262,2201915244,1,0,1.0
77016152,5407978252,1,1,0.11278913170099258
250831971,2002400427,1,1,0.015126414597034454
1008219412,1306484861,1,1,0.026053301990032196
1009728383,5531506227,1,1,0.05375206097960472
1020217901,1306484861,1,1,0.02504597418010235
1035487817,7866135934,1,1,0.021552160382270813
1041705884,1041705884,1,1,0.013775497674942017
1050630677,7767144248,1,1,0.016792992129921913
1060462954,6420654776,1,1,0.04884905368089676
1076663271,7765668071,1,1,0.048077262938022614
1079442750,7160110296,1,1,0.010970370844006538
1082972395,7804300115,1,1,0.050707459449768066
1084377574,1647256370,1,1,0.017048286274075508
1087970883,6420654776,1,1,0.025426294654607773
1102009707,3082731712,1,1,0.04938020557165146
1102882352,3847642518,1,1,0.04558691754937172
1104186314,5955730111,1,1,0.05334671586751938
1105009104,3412668714,1,1,0.015735585242509842
1114182737,2201915244,1,1,0.048779137432575226
1136385381,7467277921,1,1,0.049507807940244675
1140574977,7760290512,1,1,0.0299297533929348
1144020075,3317704373,1,1,0.04760973900556564
1155096084,3778125742,1,1,0.013832315802574158
1157920844,3217742437,1,1,0.012594186700880527
1158316713,5250260756,1,1,0.04893817380070686
1159587683,7844581127,1,1,0.014494623057544231
1163831055,3217035437,1,1,0.04637505114078522
1164839511,3778125742,1,1,0.017391333356499672
1188472987,1188472987,1,1,0.034152302891016006
1190090017,2201915244,1,1,0.04747161269187927
1190090017,3317704373,1,1,0.04578316956758499
1195589664,7240026510,1,1,0.046173177659511566
1204418163,1875293522,1,1,0.024527879431843758
1204547712,1850017837,1,1,0.04728661850094795
1215693853,3082731712,1,1,0.04686267673969269
1216009185,7467277921,1,1,0.029276134446263313
1220094840,2909406375,1,1,0.04798329621553421
1223507343,1297975973,1,1,0.09562710672616959
1224397412,7380722614,1,1,0.07551302015781403
1224415880,6837278495,1,1,0.052030887454748154
1224415880,6839422251,1,1,0.02877490222454071
1225514872,2136848625,1,1,0.04892308637499809
1225514872,5789387121,1,1,0.05395466461777687
1226232803,5543176559,1,1,0.017086658626794815
1247843004,2217048775,1,1,0.01990952156484127
1249909345,6420654776,1,1,0.013901075348258018
1253505270,2090591961,1,1,0.050003115087747574
1265389501,7767144248,1,1,0.020108548924326897
1266362847,3098510521,1,1,0.07840307801961899
1269335542,2090591961,1,1,0.014494623057544231
1273590234,2427613143,1,1,0.025155426934361458
1273802294,3217035437,1,1,0.053237322717905045
1275821037,1306484861,1,1,0.014277582988142967
1276901957,2217048775,1,1,0.07533751428127289
1279546101,3217035437,1,1,0.05261339619755745
1289060530,1719397245,1,1,0.020014425739645958
1298177241,2018925253,1,1,0.05131474509835243
1301677522,2090591961,1,1,0.013296323828399181
1306484861,1306484861,1,1,0.10986409336328506
1307484530,6618737705,1,1,0.04633856937289238
1334278383,3217742437,1,1,0.0475158728659153
1340403461,5407978252,1,1,0.014494623057544231
1342162192,6272876985,1,1,0.013250207528471947
1349210304,5311962099,1,1,0.07809892296791077
1352201130,3217035437,1,1,0.04825466126203537
1354456794,3217742437,1,1,0.05051156133413315
1367884197,2427613143,1,1,0.049015626311302185
1370466901,7467277921,1,1,0.02471541054546833
1381089144,1647256370,1,1,0.04694317281246185
1393613294,5311962099,1,1,0.06831193715333939
1396285351,3082731712,1,1,0.04756583273410797
1398212520,7380722614,1,1,0.025522766634821892
1400667804,1497609517,1,1,0.013855061493813992
1411404647,1647256370,1,1,0.06625083088874817
1413781974,1306484861,1,1,0.02006339095532894
1419770800,7767144248,1,1,0.04786253347992897
1421178721,1497609517,1,1,0.0471026748418808
1425187440,2090591961,1,1,0.020116249099373817
1428630687,7380722614,1,1,0.025040607899427414
1450000950,1821525001,1,1,0.014026978053152561
1483050955,2090591961,1,1,0.047327376902103424
1491464164,3082731712,1,1,0.049000632017850876
1493067267,3217742437,1,1,0.016923611983656883
1493067267,6560668913,1,1,0.04531733691692352
1557175617,3778125742,1,1,0.01005785632878542
1563292752,1816029971,1,1,0.013854596763849258
1565221364,2018925253,1,1,0.04757550731301308
1567038160,5428423860,1,1,0.014111935161054134
1567946024,3217742437,1,1,0.04716984182596207
1569465592,6483039487,1,1,0.014710530638694763
1571217812,3217742437,1,1,0.01015191338956356
1579318190,1554226303,1,1,0.010100950486958027
1580736222,3217035437,1,1,0.020056771114468575
1583856372,5428423860,1,1,0.017036210745573044
1588019775,5428423860,1,1,0.04732024297118187
1589731661,2090591961,1,1,0.03097487799823284
1592906625,1816029971,1,1,0.019805168733000755
1593148562,7240026510,1,1,0.09603733569383621
1596126327,3317704373,1,1,0.013003911823034286
1596325883,2090591961,1,1,0.014243240468204021
1600908824,2891416631,1,1,0.025464650243520737
1600908824,5250260756,1,1,0.01459106057882309
1600908824,7767144248,1,1,0.0620829276740551
1601978401,1306484861,1,1,0.02007540687918663
1605293554,3217035437,1,1,0.0482148714363575
1609307762,2219969573,1,1,0.012377730570733547
1615724125,2090591961,1,1,0.011109968647360802
1616988417,3847642518,1,1,0.0477474145591259
1626205887,5250260756,1,1,0.046438246965408325
1627128191,7804300115,1,1,0.01355618704110384
1628704454,7467277921,1,1,0.029148750007152557
1636097451,6483039487,1,1,0.020224612206220627
1637804344,3217742437,1,1,0.029478266835212708
1638579377,1297975973,1,1,0.019422093406319618
1641587561,6788591973,1,1,0.04665840044617653
1644167225,1297975973,1,1,0.11404340714216232
1645026453,6153121801,1,1,0.015920910984277725
1651909015,1195908387,1,1,0.0501471646130085
1651911632,1275418863,1,1,0.019692927598953247
1657098895,2201915244,1,1,0.059511248022317886
1660689347,1645599505,1,1,0.014494623057544231
1663306463,2090591961,1,1,0.049823593348264694
1665074831,1797539504,1,1,0.012643135152757168
1668299217,3217035437,1,1,0.025624945759773254
1671739735,6001863056,1,1,0.046772878617048264
1674590241,5250260756,1,1,0.04771645367145538
1677256504,1306484861,1,1,0.04544837772846222
1680847394,7506746741,1,1,0.01334373652935028
1683529827,7765668071,1,1,0.0643523558974266
1683705650,1195908387,1,1,0.054339829832315445
1684577171,3217742437,1,1,0.025624945759773254
1685037187,1719397245,1,1,0.05129515007138252
1686096563,7946457588,1,1,0.05259589105844498
1691573063,1306484861,1,1,0.049289654940366745
1691995232,7380722614,1,1,0.051351118832826614
1691995232,7844581127,1,1,0.017012782394886017
1694760504,7467277921,1,1,0.04575882852077484
1696256335,6065301364,1,1,0.025248343124985695
1696707511,1816029971,1,1,0.026456154882907867
1697747120,5926318749,1,1,0.017092790454626083
1698194380,1306484861,1,1,0.05908965319395065
1705189843,5789387121,1,1,0.017030099406838417
1705968887,1816029971,1,1,0.04678872600197792
1706497993,1797539504,1,1,0.05318524315953255
1712344213,6420654776,1,1,0.047028254717588425
1713066740,5070705161,1,1,0.0526106022298336
1713156365,2018925253,1,1,0.05164589732885361
1713849991,6425881183,1,1,0.04867444187402725
1714852885,1645599505,1,1,0.05914301425218582
1714852885,5939204645,1,1,0.012576867826282978
1722034007,3098510521,1,1,0.0197831429541111
1724962892,1797539504,1,1,0.048523444682359695
1725876043,5250260756,1,1,0.1283111870288849
1728534704,2090591961,1,1,0.02531292662024498
1728543651,7240026510,1,1,0.0648023784160614
1728860841,1737850362,1,1,0.18448014557361603
1728860841,2090591961,1,1,0.06467460840940475
1728860841,3778125742,1,1,0.07126540690660477
1728860841,5020552519,1,1,0.09057007730007172
1728860841,5311962099,1,1,0.04962646961212158
1728860841,5531506227,1,1,0.07280942797660828
1728860841,6839422251,1,1,0.1274120956659317
1729321410,3778125742,1,1,0.025670405477285385
1729435613,1719397245,1,1,0.046904824674129486
1729573205,5972505998,1,1,0.04669022187590599
1730107171,1306484861,1,1,0.020809350535273552
1731008637,7506746741,1,1,0.046438246965408325
1731065970,2909406375,1,1,0.052171867340803146
1731086097,6153121801,1,1,0.013296323828399181
1732235607,6483039487,1,1,0.05081282928586006
1732592991,7760290512,1,1,0.014091732911765575
1734230522,3217742437,1,1,0.01005785632878542
1737002301,6483039487,1,1,0.046277984976768494
1737002301,7767144248,1,1,0.08573004603385925
1737070641,5428423860,1,1,0.0138443848118186
1737089831,2136848625,1,1,0.01371480617672205
1737765801,2891416631,1,1,0.04692321643233299
1737850362,1737850362,1,1,0.04740249365568161
1739848282,3217742437,1,1,0.014652740210294724
1740655094,3217742437,1,1,0.05876319482922554
1744032673,6243146585,1,1,0.02006339095532894
1744256094,1850017837,1,1,0.046277984976768494
1744365780,3217035437,1,1,0.020152799785137177
1744365780,5226302309,1,1,0.028048036620020866
1744830973,2090591961,1,1,0.024814357981085777
1745099012,2136848625,1,1,0.012791103683412075
1745304521,2090591961,1,1,0.022270822897553444
1748371714,1297975973,1,1,0.014010149985551834
1750189645,3082731712,1,1,0.01117139495909214
1751676312,5250260756,1,1,0.010071706026792526
1751676312,6153121801,1,1,0.015176651999354362
1751676312,7767144248,1,1,0.026597728952765465
1752419970,7804300115,1,1,0.025464650243520737
1756555421,5428423860,1,1,0.01391037181019783
1757730393,2002400427,1,1,0.04781045764684677
1758670473,5789387121,1,1,0.05650264397263527
1759355281,1306484861,1,1,0.0469081848859787
1760266180,7767144248,1,1,0.026812637224793434
1760328720,6276227682,1,1,0.01673106662929058
1761197200,1797539504,1,1,0.024184998124837875
1762198133,6272876985,1,1,0.048704300075769424
1762289434,5789387121,1,1,0.04803743585944176
1762610752,1816029971,1,1,0.0162672009319067
1764669723,1306484861,1,1,0.020014425739645958
1765282493,3412668714,1,1,0.05306756868958473
1766006870,3847642518,1,1,0.021442290395498276
1766797025,6420654776,1,1,0.05118783563375473
1767029373,2090591961,1,1,0.04851844161748886
1767567135,2217048775,1,1,0.017086658626794815
1768036933,6153121801,1,1,0.1320166289806366
1768437524,3412668714,1,1,0.024795034900307655
1768498042,6560668913,1,1,0.010192794725298882
1768661321,6420654776,1,1,0.04904986172914505
1768665863,1275418863,1,1,0.04083714261651039
1769541493,7847210480,1,1,0.050729524344205856
1769699740,5428423860,1,1,0.017054403200745583
1769699740,5926318749,1,1,0.013654825277626514
1769699740,7850599876,1,1,0.0532960407435894
1769881767,6618737705,1,1,0.02571279928088188
1770019182,1816029971,1,1,0.048659149557352066
1770890027,3217742437,1,1,0.04921741038560867
1771726321,2018925253,1,1,0.048888158053159714
1773011615,1306484861,1,1,0.02530263550579548
1773588075,6437735703,1,1,0.016803720965981483
1774490543,1647256370,1,1,0.02532910741865635
1774609563,3847642518,1,1,0.012688405811786652
1774894487,7847210480,1,1,0.029148750007152557
1775419875,6420654776,1,1,0.05389904975891113
1776147867,1306484861,1,1,0.04786788672208786
1777652265,5250260756,1,1,0.02643815614283085
1777805561,1297975973,1,1,0.045865897089242935
1778337977,1791873284,1,1,0.047613583505153656
1781054361,7467277921,1,1,0.012899085879325867
1781568237,1306484861,1,1,0.022249311208724976
1783578635,3098510521,1,1,0.04623962566256523
1783797177,1195908387,1,1,0.04883218929171562
1786175837,5250260756,1,1,0.028048036620020866
1786175837,6788591973,1,1,0.14576704800128937
1789040470,2909406375,1,1,0.09310305863618851
1789723081,6437735703,1,1,0.10129278153181076
1790025437,1297975973,1,1,0.01707574911415577
1792879900,1275418863,1,1,0.054599110037088394
1792879900,2891416631,1,1,0.07000170648097992
1793117301,2008062861,1,1,0.016923611983656883
1793839097,6420654776,1,1,0.045830920338630676
1796941592,2217048775,1,1,0.059771325439214706
1797539504,1797539504,1,1,0.049374572932720184
1798738522,1497609517,1,1,0.047938451170921326
1800242235,1816029971,1,1,0.029636012390255928
1802067362,1554226303,1,1,0.04803743585944176
1802626467,1797539504,1,1,0.04751138389110565
1803625801,2136848625,1,1,0.05312610790133476
1804091521,3778125742,1,1,0.05973688140511513
1805507904,1297975973,1,1,0.016923611983656883
1805595342,3847642518,1,1,0.012130563147366047
1805824585,6276227682,1,1,0.033943213522434235
1811903663,1811903663,1,1,0.01407749392092228
1812830637,7946457588,1,1,0.0244496688246727
1816029971,1816029971,1,1,0.047118425369262695
1816555811,1797539504,1,1,0.025251947343349457
1817121380,1816029971,1,1,0.04861368238925934
1819098745,5250260756,1,1,0.05338750407099724
1821525001,1797539504,1,1,0.0858716368675232
1823052635,3217742437,1,1,0.01005785632878542
1823960932,3082731712,1,1,0.017054403200745583
1824532011,1850017837,1,1,0.016979817301034927
1824681991,3082731712,1,1,0.011125266551971436
1827460937,6425881183,1,1,0.05518731847405434
1827497444,2217048775,1,1,0.0523102693259716
1832054540,2891416631,1,1,0.05137747526168823
1835003467,5428423860,1,1,0.012695827521383762
1835577815,1816029971,1,1,0.011177929118275642
1837376213,1816029971,1,1,0.013890272937715054
1840245473,7804300115,1,1,0.014335749670863152
1840772337,2217048775,1,1,0.052770838141441345
1842782523,5543176559,1,1,0.020100180059671402
1842782523,7341744407,1,1,0.05656472221016884
1842817440,5250260756,1,1,0.10949555039405823
1842817440,7804300115,1,1,0.04834068566560745
1843239054,7767144248,1,1,0.0467691607773304
1845506087,3217742437,1,1,0.0566360279917717
1845506087,6560668913,1,1,0.047938451170921326
1846119637,2090591961,1,1,0.09677894413471222
1846614551,6065301364,1,1,0.028620358556509018
1847469027,3543420821,1,1,0.05379991605877876
1847912024,3098510521,1,1,0.02425369992852211
1848809100,1554226303,1,1,0.05236201733350754
1851782205,3829981184,1,1,0.04815053567290306
1854400381,3778125742,1,1,0.04822923615574837
1854511882,1737850362,1,1,0.01407749392092228
1856000570,1306484861,1,1,0.04889867082238197
1856000570,7467277921,1,1,0.024527879431843758
1858291127,3082731712,1,1,0.048941079527139664
1861032474,2217048775,1,1,0.019741155207157135
1861287570,1647256370,1,1,0.02474183216691017
1862750590,3292333231,1,1,0.019713958725333214
1862817887,3217742437,1,1,0.02557593584060669
1863031164,1850017837,1,1,0.04751138389110565
1863700093,3082731712,1,1,0.06472841650247574
1864594974,6871895822,1,1,0.04771645367145538
1865079010,6788591973,1,1,0.048832230269908905
1865348772,1306484861,1,1,0.04760437458753586
1865394082,2090591961,1,1,0.014050216414034367
1865927432,1306484861,1,1,0.04782135784626007
1866086621,6276227682,1,1,0.04637505114078522
1866280303,1719397245,1,1,0.01265527680516243
1866296807,7765668071,1,1,0.048462655395269394
1868011571,1647256370,1,1,0.05306987464427948
1868790194,6437735703,1,1,0.05330037698149681
1871950051,3217742437,1,1,0.027482500299811363
1874698957,7160110296,1,1,0.02459707297384739
1878982664,3778125742,1,1,0.0475873164832592
1880440934,5250260756,1,1,0.016612177714705467
1881939460,3098510521,1,1,0.04736208915710449
1882313655,2136848625,1,1,0.04809996485710144
1882313655,7765668071,1,1,0.0512566938996315
1883332187,1297975973,1,1,0.02215590886771679
1884345014,3082731712,1,1,0.05449554696679115
1885397274,5543176559,1,1,0.048278339207172394
1885617617,6420654776,1,1,0.04837523773312569
1887929805,3973292213,1,1,0.01284557580947876
1888550095,5311962099,1,1,0.014069814234972
1890250623,5070705161,1,1,0.01113714836537838
1890250623,6788591973,1,1,0.05873069167137146
1891371892,6065301364,1,1,0.017006680369377136
1891453755,6437735703,1,1,0.026812637224793434
1893176165,1875293522,1,1,0.04692321643233299
1893673244,5250260756,1,1,0.08844280987977982
1893673244,7767144248,1,1,0.026424847543239594
1895091803,7804300115,1,1,0.04798519238829613
1896492524,5600540896,1,1,0.1348482221364975
1897840032,6420654776,1,1,0.0525614470243454
1899730963,5789387121,1,1,0.017707329243421555
1902835532,6243146585,1,1,0.017567425966262817
1902855323,2891416631,1,1,0.01995823159813881
1903813533,1306484861,1,1,0.048485640436410904
1908350853,1850017837,1,1,0.050350695848464966
1911378152,1275418863,1,1,0.013529920019209385
1913382064,1917488115,1,1,0.04921180382370949
1916727945,2201915244,1,1,0.025624945759773254
1916727945,6420654776,1,1,0.031009359285235405
1916779177,2090591961,1,1,0.050894852727651596
1919125503,1875293522,1,1,0.012694481760263443
1919656940,1188472987,1,1,0.07691992819309235
1921253302,3217742437,1,1,0.016923611983656883
1923512540,3671879202,1,1,0.020100180059671402
1924667901,1306484861,1,1,0.013886245898902416
1925124973,3317704373,1,1,0.025789886713027954
1925196447,1791873284,1,1,0.04809996485710144
1926504564,5250260756,1,1,0.010067515075206757
1932667390,2427613143,1,1,0.05201462283730507
1934847561,1816029971,1,1,0.048277806490659714
1935780510,2090591961,1,1,0.04935520142316818
1939907527,7767144248,1,1,0.02491265907883644
1941013222,1306484861,1,1,0.01707574911415577
1945421111,5311962099,1,1,0.04772072285413742
1946998331,5428423860,1,1,0.0511995293200016
1947995494,6618737705,1,1,0.05748071148991585
1948136135,5955730111,1,1,0.06215166300535202
1949571457,7380722614,1,1,0.0248583797365427
1951431212,1306484861,1,1,0.039288878440856934
1951605917,6420654776,1,1,0.04460087791085243
1956054824,6560668913,1,1,0.015807654708623886
1957735750,3847642518,1,1,0.025825168937444687
1957735750,7760290512,1,1,0.016923611983656883
1960107865,5600540896,1,1,0.02471541054546833
1961240997,3082731712,1,1,0.07135169208049774
1961811461,7850599876,1,1,0.04845224693417549
1962696443,7734889891,1,1,0.010038367472589016
1962937910,2201915244,1,1,0.01407749392092228
1963189641,1306484861,1,1,0.05261339619755745
1964306911,1816029971,1,1,0.04911176487803459
1964420741,3082731712,1,1,0.04625022038817406
1964926535,6554603444,1,1,0.04861893132328987
1966296207,1645599505,1,1,0.09236640483140945
1966425923,5428423860,1,1,0.014132649637758732
1970380601,3217742437,1,1,0.016923611983656883
1971294417,2018925253,1,1,0.014050216414034367
1973795483,2136848625,1,1,0.08414731919765472
1977422053,3973292213,1,1,0.04772072285413742
1978279332,3292333231,1,1,0.02471541054546833
1978279913,2891416631,1,1,0.050040148198604584
1978279913,7767144248,1,1,0.04786788672208786
1979879971,1816029971,1,1,0.05235807225108147
1980517153,3217742437,1,1,0.04888094216585159
1982258591,7893929649,1,1,0.020069586113095284
2001689311,6560668913,1,1,0.05410338565707207
2001870045,3082731712,1,1,0.05381540581583977
2002400427,2002400427,1,1,0.027085620909929276
2006967744,1647256370,1,1,0.012607636861503124
2008062861,2008062861,1,1,0.011174136772751808
2009183185,7467277921,1,1,0.04851844161748886
2009827717,5531506227,1,1,0.01407749392092228
2011253384,7160110296,1,1,0.025155292823910713
2012029167,2090591961,1,1,0.0270953681319952
2012371701,7946457588,1,1,0.016036970540881157
2017571924,7946457588,1,1,0.04808536544442177
2035192127,1306484861,1,1,0.05885714292526245
2038562752,5250260756,1,1,0.02573986165225506
2039509934,7804300115,1,1,0.057047322392463684
2043874157,6560668913,1,1,0.024656524881720543
2044005772,3217742437,1,1,0.05582042783498764
2044075367,3082731712,1,1,0.021912435069680214
2044556797,1306484861,1,1,0.020833251997828484
2046531181,2201915244,1,1,0.026500890031456947
2052345502,5543176559,1,1,0.04780444875359535
2054440425,5955730111,1,1,0.05757364630699158
2054440425,6153121801,1,1,0.050298262387514114
2054440425,6483039487,1,1,0.048514097929000854
2054440425,6788591973,1,1,0.014494623057544231
2057315464,2217048775,1,1,0.01407749392092228
2057919773,7866135934,1,1,0.01407749392092228
2062738765,6788591973,1,1,0.03001452423632145
2063018362,1306484861,1,1,0.050181757658720016
2085049023,5070705161,1,1,0.03061656281352043
2085916463,6001863056,1,1,0.04813355579972267
2090591961,2090591961,1,1,0.04759403318166733
2095733924,1647256370,1,1,0.016923611983656883
2097214345,7765668071,1,1,0.029561426490545273
2100154271,3217035437,1,1,0.046370942145586014
2100200230,3217742437,1,1,0.0532960407435894
2105442077,3217742437,1,1,0.047703083604574203
2106690497,1297975973,1,1,0.049698323011398315
2108758754,7188930130,1,1,0.011146865785121918
2109746983,1297975973,1,1,0.030499517917633057
2109787250,7844581127,1,1,0.04708674177527428
2110445790,1645599505,1,1,0.05126837641000748
2115035020,1816029971,1,1,0.05026127025485039
2115941062,1297975973,1,1,0.05104530230164528
2119657280,7240026510,1,1,0.013821247965097427
2122890604,2018925253,1,1,0.017012782394886017
2123003344,1554226303,1,1,0.04771645367145538
2124369041,9165329829,1,1,0.056787557899951935
2125020211,7804300115,1,1,0.053586445748806
2126460312,3317704373,1,1,0.012730545364320278
2128188492,7341744407,1,1,0.04758753627538681
2128976602,1917488115,1,1,0.04737202450633049
2129407751,1041705884,1,1,0.047319360077381134
2129487577,1917488115,1,1,0.017036210745573044
2130578203,7767144248,1,1,0.0140968794003129
2132853267,1816029971,1,1,0.0475873164832592
2133575713,7765668071,1,1,0.04857504740357399
2134427891,1917488115,1,1,0.027408108115196228
2134427891,5955730111,1,1,0.04783765971660614
2136036001,5250260756,1,1,0.015882201492786407
2138022740,6243146585,1,1,0.163990318775177
2138083365,2909406375,1,1,0.163990318775177
2138536734,3973292213,1,1,0.04853959381580353
2141063440,1816029971,1,1,0.05300168693065643
2141559172,3217742437,1,1,0.048627935349941254
2149524777,5543176559,1,1,0.011181609705090523
2150638832,1850017837,1,1,0.013861379586160183
2150694340,1297975973,1,1,0.04878213256597519
2151047035,3973292213,1,1,0.04839923977851868
2159256052,2201915244,1,1,0.04818575084209442
2160474317,6101852007,1,1,0.07493650913238525
2167400120,6101852007,1,1,0.015439560636878014
2172731622,1647256370,1,1,0.01709245890378952
2172994680,5531506227,1,1,0.013884583488106728
2178709242,3847642518,1,1,0.025273920968174934
2191030060,7804300115,1,1,0.029148750007152557
2194271024,7767144248,1,1,0.014151668176054955
2203458995,7844581127,1,1,0.04859613999724388
2204491133,6272876985,1,1,0.010071706026792526
2204864291,6560668913,1,1,0.04595690593123436
2207438823,1719397245,1,1,0.04777425155043602
2211373945,2201915244,1,1,0.04871239885687828
2211373945,6420654776,1,1,0.015563586726784706
2212708624,3217742437,1,1,0.01384028047323227
2217066377,2217066377,1,1,0.030171586200594902
2217284714,3082731712,1,1,0.04893491044640541
2233131052,1297975973,1,1,0.10246870666742325
2236753315,3217742437,1,1,0.04731917753815651
2237183641,7380722614,1,1,0.09141253679990768
2241131631,5428423860,1,1,0.046119820326566696
2247525322,1821525001,1,1,0.027119114995002747
2250428050,6523666955,1,1,0.05897664278745651
2252557097,5955730111,1,1,0.05857224017381668
2255667324,2201915244,1,1,0.04877445101737976
2257323550,7767144248,1,1,0.013382482342422009
2261355190,3317704373,1,1,0.06958695501089096
2262461494,3098510521,1,1,0.04802149534225464
2266927053,7612876955,1,1,0.05091683194041252
2267814934,7506746741,1,1,0.012643135152757168
2268551240,3905581452,1,1,0.013904320076107979
2277936631,6483039487,1,1,0.048253487795591354
2280862092,1306484861,1,1,0.05198531597852707
2280966885,1797539504,1,1,0.012817765586078167
2281876423,1797539504,1,1,0.014039354398846626
2282792660,3292333231,1,1,0.105924591422081
2287336764,3217742437,1,1,0.0199369378387928
2287649464,1497609517,1,1,0.014050216414034367
2288039104,1195908387,1,1,0.05034022778272629
2288985290,1917488115,1,1,0.09244591742753983
2290102181,5250260756,1,1,0.04868670552968979
2296824232,7767144248,1,1,0.10949555039405823
2298212813,1875293522,1,1,0.0878317579627037
2302957412,3671879202,1,1,0.04707559943199158
2302957412,5250260756,1,1,0.02014758810400963
2302957412,7767144248,1,1,0.0255933478474617
2310962647,3543420821,1,1,0.013831442221999168
2314708794,2090591961,1,1,0.020175332203507423
2314909021,3217742437,1,1,0.11468566954135895
2315321560,3847642518,1,1,0.04958333447575569
2317965392,3905581452,1,1,0.04694502428174019
2319237264,5070705161,1,1,0.0522095263004303
2321761900,3543420821,1,1,0.01714426465332508
2326202931,7893929649,1,1,0.02147284708917141
2332234185,7380722614,1,1,0.01401474978774786
2335120563,2090591961,1,1,0.047121450304985046
2339203132,5789387121,1,1,0.09384631365537643
2341530235,7767144248,1,1,0.0491403304040432
2343236425,2090591961,1,1,0.01995823159813881
2345210947,2217066377,1,1,0.04830300435423851
2346206157,6618737705,1,1,0.052892159670591354
2352384124,1850017837,1,1,0.013821247965097427
2354330157,6065301364,1,1,0.09362467378377914
2354722035,1816029971,1,1,0.022100161761045456
2359735447,7866135934,1,1,0.051192060112953186
2363366540,3217742437,1,1,0.02004198543727398
2363366540,6560668913,1,1,0.04728661850094795
2369923072,3905581452,1,1,0.02769245207309723
2372300315,3847642518,1,1,0.04640800878405571
2374597625,2090591961,1,1,0.020224612206220627
2375312690,7765668071,1,1,0.01387825421988964
2375746444,1791873284,1,1,0.04809411242604256
2376201243,7767144248,1,1,0.013703295029699802
2381760717,7625326364,1,1,0.017012782394886017
2382554801,7866135934,1,1,0.047629501670598984
2387690287,6618737705,1,1,0.01251094788312912
2390412714,2090591961,1,1,0.04877445101737976
2393499455,7467277921,1,1,0.048634689301252365
2394197215,5789387121,1,1,0.0497586615383625
2397921670,3292333231,1,1,0.020715797320008278
2398050341,6788591973,1,1,0.013999799266457558
2398850425,3217742437,1,1,0.046870630234479904
2400178611,2136848625,1,1,0.050632499158382416
2401362081,7767144248,1,1,0.04840901494026184
2402180855,1816029971,1,1,0.012636014260351658
2406323612,1554226303,1,1,0.02459707297384739
2408657922,5250260756,1,1,0.04652375355362892
2411988607,3292333231,1,1,0.17117072641849518
2419767744,7341744407,1,1,0.04727749153971672
2422927235,3778125742,1,1,0.09472235292196274
2423493665,6788591973,1,1,0.012665393762290478
2424689883,3217742437,1,1,0.048701364547014236
2424689883,6560668913,1,1,0.04934735223650932
2424757174,6618737705,1,1,0.04747214913368225
2425334477,7467277921,1,1,0.04869486019015312
2428371695,5250260756,1,1,0.015387807972729206
2430736564,3082731712,1,1,0.01679197885096073
2435125140,5926318749,1,1,0.04704204574227333
2436824465,6101852007,1,1,0.0199369378387928
2441873181,1554226303,1,1,0.012636014260351658
2441897275,2937990707,1,1,0.04654135927557945
2441977482,5250260756,1,1,0.013886245898902416
2446831020,1195908387,1,1,0.014494623057544231
2446930557,1041705884,1,1,0.012636014260351658
2456708675,7757687460,1,1,0.046328235417604446
2458255731,1647256370,1,1,0.14062267541885376
2463325380,2002400427,1,1,0.017030099406838417
2463325380,2201915244,1,1,0.1073504164814949
2470834220,3847642518,1,1,0.048154935240745544
2485916767,2090591961,1,1,0.05207236856222153
2486710787,5250260756,1,1,0.046239372342824936
2486947565,3973292213,1,1,0.017125973477959633
2495470277,7767144248,1,1,0.027042346075177193
2498998250,3217035437,1,1,0.015495866537094116
2502468967,5250260756,1,1,0.03009447641670704
2506551673,1821525001,1,1,0.028993597254157066
2507350145,5020552519,1,1,0.04806780070066452
2516472111,6420654776,1,1,0.029478266835212708
2526229041,7612876955,1,1,0.015456381253898144
2526315502,6580670764,1,1,0.010271468199789524
2526563811,1917488115,1,1,0.02705550193786621
2526590643,6304429250,1,1,0.020056771114468575
2527660032,1816029971,1,1,0.02412460185587406
2528319882,5789387121,1,1,0.02088318020105362
2530417711,2201915244,1,1,0.04745366796851158
2538944930,1297975973,1,1,0.048785027116537094
2539430660,1297975973,1,1,0.01468360424041748
2539581455,1554226303,1,1,0.04851844161748886
2540410685,1297975973,1,1,0.012694481760263443
2547901727,2002400427,1,1,0.011125266551971436
2547901727,5428423860,1,1,0.017012782394886017
2553585884,1306484861,1,1,0.010264539159834385
2554148210,2090591961,1,1,0.050800565630197525
2559154297,3082731712,1,1,0.01710490696132183
2561103161,6788591973,1,1,0.0255933478474617
2566732253,6243146585,1,1,0.0489744208753109
2578956847,6871895822,1,1,0.031474519520998
2586278350,3217035437,1,1,0.04654135927557945
2587445825,6560668913,1,1,0.0471026748418808
2588284800,5250260756,1,1,0.06878358125686646
2588427110,7804300115,1,1,0.014655153267085552
2589891047,1816029971,1,1,0.05421929433941841
2590335977,5428423860,1,1,0.05278169363737106
2590335977,5926318749,1,1,0.020119881257414818
2595952642,6420654776,1,1,0.018945524469017982
2598441920,5789387121,1,1,0.0386742539703846
2598494601,7467277921,1,1,0.020100180059671402
2599391064,3317704373,1,1,0.05758277699351311
2599563620,3973292213,1,1,0.04866170138120651
2605298310,1821525001,1,1,0.06473593413829803
2608144250,1497609517,1,1,0.015142569318413734
2608175473,3217035437,1,1,0.013388053514063358
2615607523,7760290512,1,1,0.014805109240114689
2616514835,2018925253,1,1,0.015134939923882484
2616558492,2090591961,1,1,0.06017663702368736
2618385231,6788591973,1,1,0.02435969188809395
2627429093,7850599876,1,1,0.014494623057544231
2628602713,2090591961,1,1,0.017165720462799072
2630206251,3829981184,1,1,0.048485640436410904
2630802785,3671879202,1,1,0.04640800878405571
2640096287,5574911608,1,1,0.016923611983656883
2643992491,2002400427,1,1,0.014050216414034367
2648474973,3217742437,1,1,0.048409201204776764
2654117967,3217035437,1,1,0.01710490696132183
2656621952,2002400427,1,1,0.024814357981085777
2657931011,1316949123,1,1,0.026812637224793434
2662817813,3082731712,1,1,0.028993597254157066
2667629823,3217035437,1,1,0.13455061614513397
2668466183,6420654776,1,1,0.05261062830686569
2668507541,1875293522,1,1,0.01691754348576069
2669309985,3292333231,1,1,0.0138443848118186
2670258781,1816029971,1,1,0.09619896858930588
2674783177,3217742437,1,1,0.017030099406838417
2680664063,7160110296,1,1,0.04763054847717285
2686415604,6420654776,1,1,0.010079135186970234
2687404797,3082731712,1,1,0.030726607888936996
2692899291,5789387121,1,1,0.05753674358129501
2695720811,1297975973,1,1,0.012872072868049145
2698284755,1275418863,1,1,0.022984692826867104
2706865113,1791873284,1,1,0.02053982950747013
2707136017,6420654776,1,1,0.010062926448881626
2709987651,3217742437,1,1,0.04877445101737976
2712312611,1737850362,1,1,0.03956826031208038
2712441052,6420654776,1,1,0.016923611983656883
2712486872,1850017837,1,1,0.016447359696030617
2714856004,5428423860,1,1,0.04974057152867317
2716195911,3317704373,1,1,0.027482500299811363
2717184773,5226302309,1,1,0.046783775091171265
2722434532,5250260756,1,1,0.025155426934361458
2722434532,6153121801,1,1,0.0255933478474617
2729492305,6788591973,1,1,0.011125266551971436
2731081377,5428423860,1,1,0.012636014260351658
2735304482,3292333231,1,1,0.021442290395498276
2737296227,7850599876,1,1,0.012404520995914936
2737348954,1816029971,1,1,0.10175681859254837
2739913222,1816029971,1,1,0.012906637974083424
2739916933,6523666955,1,1,0.051628679037094116
2744083455,1297975973,1,1,0.05574847012758255
2756221917,1647256370,1,1,0.030621621757745743
2759057317,1306484861,1,1,0.013936405070126057
2759441523,5789387121,1,1,0.016625285148620605
2771986467,7804300115,1,1,0.03264797106385231
2778106523,5250260756,1,1,0.01020551472902298
2778177631,6153121801,1,1,0.04578316956758499
2782266763,5250260756,1,1,0.01707574911415577
2783957877,2008062861,1,1,0.04761309549212456
2785240624,5250260756,1,1,0.012880681082606316
2785240624,6483039487,1,1,0.023061653599143028
2785240624,6618737705,1,1,0.017092790454626083
2790801702,3317704373,1,1,0.050710223615169525
2791403543,7767144248,1,1,0.045570503920316696
2793347685,2201915244,1,1,0.010817071422934532
2793347685,3317704373,1,1,0.04830300435423851
2793347685,5428423860,1,1,0.010079135186970234
2794329980,1875293522,1,1,0.0775994285941124
2803837540,6420654776,1,1,0.013382482342422009
2804576007,7467277921,1,1,0.04784393683075905
2806319925,5250260756,1,1,0.04845224693417549
2806319925,6153121801,1,1,0.04763054847717285
2808086442,1816029971,1,1,0.046890776604413986
2810859462,7946457588,1,1,0.010181176476180553
2812347581,1647256370,1,1,0.017305906862020493
2813454690,7804300115,1,1,0.05753674358129501
2814874944,7765668071,1,1,0.04855707287788391
2815252572,5428423860,1,1,0.04783765226602554
2828835274,2427613143,1,1,0.020104454830288887
2830035983,3217742437,1,1,0.0498153381049633
2831164344,5311962099,1,1,0.031009359285235405
2838496032,1645599505,1,1,0.11348012089729309
2840610715,1850017837,1,1,0.013809198513627052
2854009963,6483039487,1,1,0.04654135927557945
2857550643,5428423860,1,1,0.013654825277626514
2857550643,6420654776,1,1,0.05187130346894264
2864921902,5226302309,1,1,0.014494623057544231
2868558324,5955730111,1,1,0.0244496688246727
2870372034,1554226303,1,1,0.08638766407966614
2875862284,2090591961,1,1,0.011309774592518806
2884540223,7240026510,1,1,0.02347443625330925
2887477154,3317704373,1,1,0.014405216090381145
2890173387,2217066377,1,1,0.053258758038282394
2894051637,7767144248,1,1,0.1016545444726944
2903455721,3973292213,1,1,0.051460400223731995
2904548773,3217742437,1,1,0.02219674363732338
2914587615,6232442780,1,1,0.04935180023312569
2923256815,3217035437,1,1,0.050143856555223465
2925062583,3082731712,1,1,0.01523763407021761
2929543361,7893929649,1,1,0.049009665846824646
2931356587,7804300115,1,1,0.0244496688246727
2931356587,7866135934,1,1,0.014433182775974274
2940677475,3217035437,1,1,0.014325182884931564
2948804022,3412668714,1,1,0.05257663503289223
2953376860,2937990707,1,1,0.014494623057544231
2953376860,5365378896,1,1,0.02888505905866623
2954325032,7866135934,1,1,0.01701732911169529
2954703322,1645599505,1,1,0.06220532953739166
2979443400,6618737705,1,1,0.04863779619336128
2986592521,2002400427,1,1,0.04728720709681511
2989627804,2136848625,1,1,0.050841353833675385
2991074313,3082731712,1,1,0.01708187535405159
2993063632,3217035437,1,1,0.014711826108396053
2997506332,3217742437,1,1,0.04772564396262169
2997506332,6560668913,1,1,0.026812637224793434
3009528013,3217035437,1,1,0.04911935701966286
3012889857,1297975973,1,1,0.020024513825774193
3012889857,6420654776,1,1,0.020112475380301476
3016651517,1316949123,1,1,0.04933030530810356
3023825623,2136848625,1,1,0.13340520858764648
3027400661,6272876985,1,1,0.04721858724951744
3030300431,1188472987,1,1,0.01577329821884632
3049445697,1816029971,1,1,0.020024513825774193
3053539753,2201915244,1,1,0.0248583797365427
3054456051,7240026510,1,1,0.027109717950224876
3059123933,5789387121,1,1,0.045830920338630676
3060536095,1647256370,1,1,0.046441324055194855
3061366341,2090591961,1,1,0.012669884599745274
3078105095,2090591961,1,1,0.015600870363414288
3082343995,3098510521,1,1,0.010367488488554955
3083845235,5972505998,1,1,0.04445868358016014
3085284881,6243146585,1,1,0.014364770613610744
3089241893,2201915244,1,1,0.04871239885687828
3092158951,2090591961,1,1,0.06119687482714653
3095061865,3082731712,1,1,0.05264221876859665
3095801057,1306484861,1,1,0.014866436831653118
3097498647,1554226303,1,1,0.017012782394886017
3102885807,5939204645,1,1,0.05352220684289932
3110038137,5250260756,1,1,0.05116179585456848
3117084031,2002400427,1,1,0.02004966139793396
3117084031,5428423860,1,1,0.011125266551971436
3117084031,7850599876,1,1,0.017720792442560196
3123020445,3217035437,1,1,0.0491018071770668
3126175622,5955730111,1,1,0.05236201733350754
3127429293,6502204514,1,1,0.021065151318907738
3136761354,2217048775,1,1,0.05840747430920601
3137474057,2002400427,1,1,0.0255933478474617
3137503355,1816029971,1,1,0.04848945513367653
3142510534,2217048775,1,1,0.04847108572721481
3143975085,1917488115,1,1,0.04633856937289238
3152920474,2090591961,1,1,0.0473688468337059
3155226064,7804300115,1,1,0.055555589497089386
3159416630,7200019989,1,1,0.04787416011095047
3165143097,3847642518,1,1,0.014967401511967182
3166454103,2217048775,1,1,0.0147026926279068
3167944545,6153121801,1,1,0.009946518577635288
3168329522,1797539504,1,1,0.012895386666059494
3168363654,5789387121,1,1,0.02221742644906044
3170533115,1195908387,1,1,0.01412437204271555
3171353494,5955730111,1,1,0.012694481760263443
3173322884,6272876985,1,1,0.014494623057544231
3175151102,5365378896,1,1,0.04832207038998604
3177549032,1791873284,1,1,0.0233378317207098
3178522032,3098510521,1,1,0.049094557762145996
3182080140,2002400427,1,1,0.04761309549212456
3182080140,2201915244,1,1,0.05035577714443207
3182080140,5428423860,1,1,0.04819498583674431
3183216730,5250260756,1,1,0.05252022296190262
3183216730,6788591973,1,1,0.01121386419981718
3183216730,7767144248,1,1,0.05020102113485336
3187665272,5250260756,1,1,0.029703646898269653
3191789091,3217035437,1,1,0.017086658626794815
3194863717,7757687460,1,1,0.0138443848118186
3196310282,3082731712,1,1,0.017169542610645294
3197881575,7160110296,1,1,0.04748140648007393
3199193745,7467277921,1,1,0.05020195618271828
3201134251,5543176559,1,1,0.04848271235823631
3202047570,3778125742,1,1,0.02046423964202404
3206133660,2018925253,1,1,0.04760973900556564
3206959331,7804300115,1,1,0.046173177659511566
3217625733,1719397245,1,1,0.01355618704110384
3217878361,1297975973,1,1,0.013913203962147236
3220654543,6420654776,1,1,0.046133819967508316
3220990344,3217742437,1,1,0.051579199731349945
3224220842,6420654776,1,1,0.029561426490545273
3224475965,7506746741,1,1,0.011125266551971436
3226419533,7734889891,1,1,0.01015191338956356
3229253833,2136848625,1,1,0.04830560088157654
3230571112,6788591973,1,1,0.01407749392092228
3231231974,3778125742,1,1,0.0255933478474617
3237248910,1850017837,1,1,0.04851968213915825
3253820142,3217742437,1,1,0.020316481590270996
3256979595,7767144248,1,1,0.013809198513627052
3258958961,3973292213,1,1,0.04725335165858269
3259919771,3412668714,1,1,0.052892159670591354
3263075754,1297975973,1,1,0.06296391040086746
3264353815,7804300115,1,1,0.053490083664655685
3266191104,5428423860,1,1,0.0471067875623703
3270271044,6276227682,1,1,0.06218545511364937
3272009764,3217742437,1,1,0.05084555596113205
3272559204,5789387121,1,1,0.025464650243520737
3276247902,7160110296,1,1,0.01285012997686863
3277839405,7866135934,1,1,0.022789452224969864
3281026411,7767144248,1,1,0.045006487518548965
3291242315,1821525001,1,1,0.012674066238105297
3297536633,1791873284,1,1,0.01523763407021761
3298555275,5987057408,1,1,0.024966226890683174
3305357841,1791873284,1,1,0.04544506594538689
3305927904,1647256370,1,1,0.015456868335604668
3314081325,2219969573,1,1,0.04909190535545349
3320792231,1954778190,1,1,0.016923611983656883
3338118440,1306484861,1,1,0.01389407180249691
3344715030,5250260756,1,1,0.02716052532196045
3344715030,6153121801,1,1,0.0485106036067009
3388330412,5926318749,1,1,0.04784001410007477
3396311052,5250260756,1,1,0.04759403318166733
3412668714,3412668714,1,1,0.04798519238829613
3444444394,2002400427,1,1,0.009945997036993504
3457030580,7847210480,1,1,0.016923611983656883
3478656500,5926318749,1,1,0.049634404480457306
3479606787,2201915244,1,1,0.0140968794003129
3480486464,6232442780,1,1,0.04818575084209442
3497182123,1816029971,1,1,0.0138443848118186
3506784664,7767144248,1,1,0.014494623057544231
3516613563,5789387121,1,1,0.04771028831601143
3517908584,6437735703,1,1,0.05722862482070923
3541413702,3541413702,1,1,0.015438913367688656
3541678724,7188930130,1,1,0.010259860195219517
3541825070,1645599505,1,1,0.052918363362550735
3543271013,1850017837,1,1,0.014206627383828163
3543583804,5428423860,1,1,0.0114197488874197
3547305065,1816029971,1,1,0.030171586200594902
3549498150,5543176559,1,1,0.06308456510305405
3561643170,3217742437,1,1,0.10986409336328506
3564652312,6560668913,1,1,0.021012134850025177
3592107422,3217742437,1,1,0.053075190633535385
3601293363,3217035437,1,1,0.047922633588314056
3606864955,7341744407,1,1,0.04619232937693596
3610441363,6001863056,1,1,0.029636012390255928
3612524932,2002400427,1,1,0.014382809400558472
3612524932,5428423860,1,1,0.04951084777712822
3616558417,6483039487,1,1,0.0508195236325264
3616558417,7767144248,1,1,0.060718342661857605
3616558417,7804300115,1,1,0.014102127403020859
3625870344,3317704373,1,1,0.011335748247802258
3630211215,5987057408,1,1,0.04918709397315979
3643174265,5407978252,1,1,0.04770760238170624
3647369394,6153121801,1,1,0.012665393762290478
3649161523,5987057408,1,1,0.04906011372804642
3674224027,1645599505,1,1,0.05107684060931206
3697808905,6304429250,1,1,0.04592255875468254
3698281894,1297975973,1,1,0.012442948296666145
3718622400,3217035437,1,1,0.02471541054546833
3719057297,7467277921,1,1,0.048659149557352066
3720399483,6618737705,1,1,0.047964319586753845
3720929930,1316949123,1,1,0.01407749392092228
3730032693,7767144248,1,1,0.04780350625514984
3730032693,7804300115,1,1,0.029384272173047066
3733983767,5955730111,1,1,0.0475158728659153
3735427345,6243146585,1,1,0.01924782432615757
3735646922,5250260756,1,1,0.01691754348576069
3743780822,1875293522,1,1,0.0494970865547657
3750067004,1875293522,1,1,0.049507271498441696
3779630665,2909406375,1,1,0.05395466461777687
3794046457,5250260756,1,1,0.048989493399858475
3794471363,3082731712,1,1,0.05873069167137146
3799376175,6437735703,1,1,0.05046560615301132
3808195430,1875293522,1,1,0.04730524867773056
3809525734,3217742437,1,1,0.03932074457406998
3814256704,7844581127,1,1,0.04667345806956291
3823374460,1297975973,1,1,0.014494623057544231
3825739699,5311962099,1,1,0.052930597215890884
3826021920,2090591961,1,1,0.04759403318166733
3826297527,6420654776,1,1,0.01284065842628479
3828097315,5543176559,1,1,0.011305443942546844
3828293458,7765668071,1,1,0.015563586726784706
3830427922,2217048775,1,1,0.013872460462152958
3833957011,6276227682,1,1,0.04798519238829613
3838395201,5600540896,1,1,0.010079135186970234
3844241937,1188472987,1,1,0.05155869200825691
3858538566,7188930130,1,1,0.01459106057882309
3872689121,7850599876,1,1,0.01084916666150093
3885235904,6243146585,1,1,0.04948810487985611
3886346797,3217035437,1,1,0.04830620810389519
3887866395,7946457588,1,1,0.04737202450633049
3891927452,1645599505,1,1,0.015166960656642914
3894924082,5250260756,1,1,0.04813108965754509
3894924082,7804300115,1,1,0.013904320076107979
3908770978,2201915244,1,1,0.06411118060350418
3909285343,7767144248,1,1,0.014630171470344067
3932278797,1850017837,1,1,0.04798901826143265
3932700017,5428423860,1,1,0.025845341384410858
3942516362,7461276382,1,1,0.014494623057544231
3944015214,3217035437,1,1,0.1242782473564148
3944334435,7804300115,1,1,0.023011529818177223
3949137663,3098510521,1,1,0.01713811606168747
3960771019,7188930130,1,1,0.07141674309968948
3961271757,2909406375,1,1,0.05873069167137146
3965264431,2002400427,1,1,0.010977379977703094
3965332335,1195908387,1,1,0.020886212587356567
3965875532,7767144248,1,1,0.02181299962103367
3967670326,5574911608,1,1,0.07820575684309006
3968934524,3217035437,1,1,0.01564687117934227
3969939552,6437735703,1,1,0.04861368238925934
3980787859,7847210480,1,1,0.04826933890581131
3981631677,3217035437,1,1,0.04504021629691124
3991558018,2217066377,1,1,0.017720792442560196
3991558018,6153121801,1,1,0.046830445528030396
4010388662,6420654776,1,1,0.02147284708917141
4012576506,6124100893,1,1,0.01384028047323227
4029903964,5600540896,1,1,0.02532910741865635
4038601565,7804300115,1,1,0.014570994302630424
4051670507,6153121801,1,1,0.012880681082606316
4053237920,6153121801,1,1,0.01410826575011015
4053691655,2427613143,1,1,0.010062926448881626
4056576928,2201915244,1,1,0.04760973900556564
4060874164,6425881183,1,1,0.04906130209565163
4073024132,7844581127,1,1,0.048590049147605896
4089469796,6304429250,1,1,0.025890327990055084
4093260210,7200019989,1,1,0.05198054760694504
4093848783,7160110296,1,1,0.04805099219083786
4099476624,7866135934,1,1,0.10175681859254837
5012172822,7767144248,1,1,0.0532960444688797
5015554345,1306484861,1,1,0.049483444541692734
5017891576,3217035437,1,1,0.05566031113266945
5017984506,5250260756,1,1,0.017054403200745583
5017984506,7767144248,1,1,0.05201662331819534
5026581055,5428423860,1,1,0.0951363742351532
5026913713,3778125742,1,1,0.07512551546096802
5032446204,7467277921,1,1,0.026721682399511337
5032960618,1954778190,1,1,0.058187298476696014
5040702834,1306484861,1,1,0.024795034900307655
5054920537,6618737705,1,1,0.10167553275823593
5055884981,3098510521,1,1,0.012954535894095898
5057645881,2008062861,1,1,0.014189159497618675
5057711027,7946457588,1,1,0.047900743782520294
5078335381,3051163592,1,1,0.016923611983656883
5080827273,5226302309,1,1,0.053969621658325195
5081396513,1816029971,1,1,0.014297425746917725
5090404359,1188472987,1,1,0.18192490935325623
5091244357,6837278495,1,1,0.0475158728659153
5091244357,6839422251,1,1,0.017125973477959633
5092418919,3082731712,1,1,0.02616313472390175
5092418919,7760290512,1,1,0.045835573226213455
5093234685,7847210480,1,1,0.04848271235823631
5102017098,2008062861,1,1,0.020514149218797684
5105022555,5250260756,1,1,0.021168231964111328
5105022555,7767144248,1,1,0.014742232859134674
5110800687,6272876985,1,1,0.05005481094121933
5116956158,1816029971,1,1,0.05356377735733986
5117130279,6065301364,1,1,0.05374060943722725
5119768111,3217742437,1,1,0.05347279831767082
5119768111,6101852007,1,1,0.01371480617672205
5122872077,5311962099,1,1,0.07370443642139435
5123348096,1816029971,1,1,0.012649508193135262
5125090408,1306484861,1,1,0.0480928011238575
5134616573,2018925253,1,1,0.09334678947925568
5136133801,2136848625,1,1,0.015715250745415688
5139226538,6153121801,1,1,0.0640164390206337
5139226538,7866135934,1,1,0.051579199731349945
5140279430,3217035437,1,1,0.048232872039079666
5140279430,5730240854,1,1,0.01119018904864788
5140279430,7461276382,1,1,0.020990127697587013
5140279430,7734889891,1,1,0.05268048122525215
5140583411,7734889891,1,1,0.04944291710853577
5143261665,3217742437,1,1,0.025670405477285385
5151848656,1719397245,1,1,0.05131428316235542
5163204267,5250260756,1,1,0.09266907721757889
5165396337,7380722614,1,1,0.04826571047306061
5165621981,3905581452,1,1,0.04823146387934685
5168295981,2201915244,1,1,0.0255933478474617
5171954592,5987057408,1,1,0.011193986982107162
5173634609,3412668714,1,1,0.02229716069996357
5177758106,7341744407,1,1,0.04880881682038307
5180004160,7804300115,1,1,0.010091259144246578
5180414133,6788591973,1,1,0.048239801079034805
5181491799,7734889891,1,1,0.04861166700720787
5181838103,5365378896,1,1,0.047861628234386444
5183768805,1306484861,1,1,0.015908431261777878
5184863933,7734889891,1,1,0.06930948048830032
5186975499,2937990707,1,1,0.014494623057544231
5189479929,7757687460,1,1,0.06083747372031212
5190589411,6272876985,1,1,0.0504254475235939
5196510075,5789387121,1,1,0.02162110060453415
5199672634,7804300115,1,1,0.047470711171627045
5199672634,7866135934,1,1,0.04943522810935974
5203157774,3973292213,1,1,0.04851844161748886
5203707642,5428423860,1,1,0.047814395278692245
5212960198,6523666955,1,1,0.013942043296992779
5214400755,6437735703,1,1,0.050873205065727234
5215457600,3671879202,1,1,0.013745229691267014
5215856388,2201915244,1,1,0.04793757200241089
5216359040,1497609517,1,1,0.04909190535545349
5216621276,3217035437,1,1,0.04637540876865387
5221254250,2219969573,1,1,0.01005785632878542
5221779743,1917488115,1,1,0.048070792108774185
5223391922,7866135934,1,1,0.04901864752173424
5227463804,2909406375,1,1,0.02435969188809395
5228243570,1645599505,1,1,0.015497450716793537
5229919421,6560668913,1,1,0.01029876060783863
5231510839,6425881183,1,1,0.051653072237968445
5235392814,7767144248,1,1,0.04772072285413742
5235990405,7461276382,1,1,0.04584275558590889
5236617398,3217035437,1,1,0.05291498824954033
5237235070,3847642518,1,1,0.049512699246406555
5237315820,6232442780,1,1,0.012723774649202824
5240008241,5926318749,1,1,0.015092444606125355
5241103283,5428423860,1,1,0.021786408498883247
5243006556,3671879202,1,1,0.04891524463891983
5243857206,7467277921,1,1,0.047904033213853836
5246164621,3082731712,1,1,0.05325455963611603
5250084887,2002400427,1,1,0.05265258252620697
5250084887,5428423860,1,1,0.048634182661771774
5250084887,5926318749,1,1,0.020341603085398674
5254144658,6560668913,1,1,0.01995823159813881
5254854698,2217048775,1,1,0.026801982894539833
5261117446,6232442780,1,1,0.015105613507330418
5262402500,6871895822,1,1,0.047794926911592484
5263608538,5250260756,1,1,0.06010972335934639
5263805472,2002400427,1,1,0.05364098399877548
5265115236,7866135934,1,1,0.04879075661301613
5266847638,1041705884,1,1,0.01122930645942688
5266877938,6437735703,1,1,0.04828033968806267
5268473295,1875293522,1,1,0.05777240917086601
5268473295,3847642518,1,1,0.015181053429841995
5270244136,7240026510,1,1,0.01407749392092228
5280044647,6788591973,1,1,0.0970231294631958
5281371309,2090591961,1,1,0.09092596918344498
5281409415,1306484861,1,1,0.025099828839302063
5283734007,2002400427,1,1,0.049679502844810486
5286204909,7341744407,1,1,0.022236058488488197
5290077821,1316949123,1,1,0.0496545173227787
5290869302,1791873284,1,1,0.01030686218291521
5299247507,3847642518,1,1,0.043173886835575104
5303426500,7804300115,1,1,0.012576867826282978
5308129958,6425881183,1,1,0.04877275601029396
5309239540,1316949123,1,1,0.05784463509917259
5309940962,2002400427,1,1,0.07106737047433853
5314126799,3217742437,1,1,0.04907623305916786
5315842867,1737850362,1,1,0.04873550310730934
5321920510,3905581452,1,1,0.06935969740152359
5324742748,7847210480,1,1,0.028688039630651474
5326483526,7844581127,1,1,0.04992299899458885
5327980588,6153121801,1,1,0.016281135380268097
5333217212,2136848625,1,1,0.0138671500608325
5335635347,5428423860,1,1,0.04912359640002251
5335635347,7850599876,1,1,0.046904824674129486
5336874105,5250260756,1,1,0.021334195509552956
5339691190,3671879202,1,1,0.04870353639125824
5341323511,5226302309,1,1,0.04708674177527428
5344059989,6839422251,1,1,0.05081886053085327
5345933644,7844581127,1,1,0.013703295029699802
5346401119,6523666955,1,1,0.0499923937022686
5348951316,6839422251,1,1,0.04589136689901352
5351856519,5767049948,1,1,0.016923611983656883
5356107528,1188472987,1,1,0.053446389734745026
5360267657,2201915244,1,1,0.047231949865818024
5370247480,7767144248,1,1,0.05014180392026901
5370275584,1875293522,1,1,0.01722031459212303
5370816636,7506746741,1,1,0.01027754321694374
5373599087,6153121801,1,1,0.060718342661857605
5376705709,5543176559,1,1,0.04783811792731285
5384084688,7341744407,1,1,0.047145210206508636
5389725498,7760290512,1,1,0.023584390059113503
5392384794,7767144248,1,1,0.05495995655655861
5392590669,6276227682,1,1,0.025405636057257652
5394072229,6272876985,1,1,0.047302357852458954
5407978252,5407978252,1,1,0.04623962566256523
5409069865,1816029971,1,1,0.049846626818180084
5411287384,2018925253,1,1,0.024555742740631104
5428610345,1195908387,1,1,0.010802761651575565
5434665240,3671879202,1,1,0.054074306041002274
5435888391,2201915244,1,1,0.017147287726402283
5435888391,5428423860,1,1,0.01026881206780672
5439230597,1316949123,1,1,0.017720792442560196
5443508636,2136848625,1,1,0.05336633324623108
5445918929,2909406375,1,1,0.04862211272120476
5453665355,6788591973,1,1,0.02602117508649826
5453665355,7506746741,1,1,0.05454149469733238
5453665355,7866135934,1,1,0.052732743322849274
5454305823,6243146585,1,1,0.09305332601070404
5454739561,2909406375,1,1,0.029012348502874374
5455245489,1875293522,1,1,0.051351118832826614
5455438937,7847210480,1,1,0.053316645324230194
5457515269,7804300115,1,1,0.053707897663116455
5457962032,2018925253,1,1,0.052310794591903687
5462435649,2201915244,1,1,0.030860887840390205
5462435649,5428423860,1,1,0.02008609101176262
5463792463,7200019989,1,1,0.026597728952765465
5474591958,6065301364,1,1,0.016088271513581276
5474943846,1041705884,1,1,0.047861628234386444
5476860342,5789387121,1,1,0.06366075575351715
5482747519,5987057408,1,1,0.047938451170921326
5484361748,6442235149,1,1,0.028048036620020866
5484672307,6558040566,1,1,0.04613783583045006
5491488173,5767049948,1,1,0.014749649912118912
5495066741,6065301364,1,1,0.05060093104839325
5504476141,5365378896,1,1,0.020127777010202408
5504476141,7765668071,1,1,0.027085620909929276
5507021158,2018925253,1,1,0.06344325095415115
5508446127,3317704373,1,1,0.04737592115998268
5510438425,2090591961,1,1,0.04524732753634453
5515196472,5789387121,1,1,0.10188747197389603
5516825585,2201915244,1,1,0.051351118832826614
5517797135,3671879202,1,1,0.047938451170921326
5520050647,2705589884,1,1,0.049791961908340454
5527042788,3778125742,1,1,0.014713658019900322
5528151587,1297975973,1,1,0.04736843705177307
5529351998,2217048775,1,1,0.05271957069635391
5531767567,3217035437,1,1,0.048074983060359955
5531767567,3778125742,1,1,0.04869329556822777
5532924326,6788591973,1,1,0.05468953400850296
5536408380,1306484861,1,1,0.047368697822093964
5538213563,2705589884,1,1,0.05300168693065643
5538376860,5955730111,1,1,0.013854596763849258
5538814532,5926318749,1,1,0.13023516535758972
5540607334,2008062861,1,1,0.04772789031267166
5543805633,6065301364,1,1,0.14221422374248505
5549649402,3778125742,1,1,0.059206392616033554
5553194302,3098510521,1,1,0.048372913151979446
5555204906,3217035437,1,1,0.015246876515448093
5556422441,6523666955,1,1,0.048928502947092056
5558232063,5531506227,1,1,0.05417270585894585
5567653864,6523666955,1,1,0.053558237850666046
5568150720,7765668071,1,1,0.060190703719854355
5568357239,5987057408,1,1,0.017030099406838417
5568778089,5939204645,1,1,0.04738665372133255
5571987278,5531506227,1,1,0.021379414945840836
5574666804,3217742437,1,1,0.05566031113266945
5574911608,5574911608,1,1,0.01115113403648138
5575629715,5972505998,1,1,0.00991051085293293
5576508908,7380722614,1,1,0.04628361761569977
5577912170,5972505998,1,1,0.051557909697294235
5577912170,7760290512,1,1,0.03035348653793335
5578434647,1850017837,1,1,0.012594186700880527
5578440317,2002400427,1,1,0.08637537062168121
5581294810,7467277921,1,1,0.10401340574026108
5582280558,1647256370,1,1,0.08308366686105728
5582280558,6437735703,1,1,0.12982097268104553
5583023567,6502204514,1,1,0.09472014009952545
5586832169,6420654776,1,1,0.08230037242174149
5587461003,1821525001,1,1,0.08808549493551254
5590197982,7866135934,1,1,0.09192899614572525
5590253140,5226302309,1,1,0.08248844742774963
5590498308,7804300115,1,1,0.11104816943407059
5597732473,5428423860,1,1,0.08324979245662689
5598714798,5311962099,1,1,0.08146386593580246
5599656883,2018925253,1,1,0.08102964609861374
5600540896,5600540896,1,1,0.08250126987695694
5601871705,3317704373,1,1,0.11891540139913559
5604215566,5250260756,1,1,0.12387514859437943
5606716867,1041705884,1,1,0.08262278884649277
5606716867,1316949123,1,1,0.07975713163614273
5606716867,1554226303,1,1,0.08272524923086166
5606716867,1719397245,1,1,0.09825962036848068
5606716867,1791873284,1,1,0.08666478097438812
5606716867,1821525001,1,1,0.06746235489845276
5606716867,1954778190,1,1,0.08428263664245605
5606716867,2018925253,1,1,0.08643333613872528
5606716867,2560497310,1,1,0.05361424386501312
5606716867,2705589884,1,1,0.0475829653441906
5606716867,2909406375,1,1,0.05083684250712395
5606716867,3973292213,1,1,0.047613583505153656
5606716867,5926318749,1,1,0.06848381459712982
5606716867,5939204645,1,1,0.01335032470524311
5606716867,6113513458,1,1,0.06367157399654388
5606716867,6124100893,1,1,0.026256872341036797
5606716867,6272876985,1,1,0.05486862361431122
5606716867,6304429250,1,1,0.04769589751958847
5606716867,6441657735,1,1,0.051351118832826614
5606716867,6580670764,1,1,0.050667643547058105
5606716867,6871895822,1,1,0.049590349197387695
5606716867,7850599876,1,1,0.011204088106751442
5606716867,7912058860,1,1,0.05296318978071213
5606716867,9165329829,1,1,0.04729251563549042
5609347535,6442235149,1,1,0.04821237921714783
5610062909,5955730111,1,1,0.04798901826143265
5612753236,3412668714,1,1,0.030938751995563507
5613148622,1195908387,1,1,0.01472028810530901
5617649014,3541413702,1,1,0.04847569391131401
5617654427,3217742437,1,1,0.020809350535273552
5617993734,5574911608,1,1,0.09630576521158218
5618034425,1306484861,1,1,0.047814395278692245
5618901084,6580670764,1,1,0.058498550206422806
5620568566,5365378896,1,1,0.04790063574910164
5626242855,6065301364,1,1,0.047288283705711365
5626835993,1188472987,1,1,0.048627935349941254
5627055948,2136848625,1,1,0.055333882570266724
5632181477,7804300115,1,1,0.059755172580480576
5634683808,6442235149,1,1,0.055738065391778946
5635660662,7341744407,1,1,0.05211907997727394
5635802475,6437735703,1,1,0.020509695634245872
5635952364,6437735703,1,1,0.015431812964379787
5636340038,3317704373,1,1,0.01703345775604248
5638020515,2201915244,1,1,0.01025514118373394
5638142057,9165329829,1,1,0.04496559873223305
5638489358,6153121801,1,1,0.0473613366484642
5643873947,2937990707,1,1,0.026597728952765465
5643910408,6425881183,1,1,0.06995441764593124
5646261392,5226302309,1,1,0.016637403517961502
5646320933,1195908387,1,1,0.049293167889118195
5646923398,2560497310,1,1,0.050873205065727234
5648291201,3847642518,1,1,0.04891929402947426
5648330378,5070705161,1,1,0.02412460185587406
5648330378,6618737705,1,1,0.047282591462135315
5648330378,7506746741,1,1,0.012677979655563831
5649546460,7461276382,1,1,0.05020195618271828
5650478727,7866135934,1,1,0.05104530230164528
5653438922,2002400427,1,1,0.04658988118171692
5653438922,2201915244,1,1,0.050894852727651596
5653438922,5428423860,1,1,0.049054887145757675
5653941020,6276227682,1,1,0.047123752534389496
5654302190,2560497310,1,1,0.046716365963220596
5654934057,5789387121,1,1,0.048029351979494095
5655765052,6124100893,1,1,0.047688908874988556
5655938692,6420654776,1,1,0.017006680369377136
5657354887,2136848625,1,1,0.0931527316570282
5657796945,7461276382,1,1,0.024527879431843758
5659216419,7160110296,1,1,0.04528658837080002
5659490809,3082731712,1,1,0.05212540179491043
5660648279,6304429250,1,1,0.04813346266746521
5662310423,5250260756,1,1,0.05241977050900459
5664264860,7734889891,1,1,0.050309114158153534
5665274371,1917488115,1,1,0.04642275720834732
5667886200,5939204645,1,1,0.021682094782590866
5668271663,1791873284,1,1,0.060546841472387314
5668452912,3671879202,1,1,0.05358124524354935
5670794147,5955730111,1,1,0.021786408498883247
5671691042,6441657735,1,1,0.0199369378387928
5672420076,1647256370,1,1,0.04998759180307388
5672816163,7506746741,1,1,0.04867415875196457
5673222134,6420654776,1,1,0.06871360540390015
5674280373,3905581452,1,1,0.01407749392092228
5674814998,3082731712,1,1,0.0625380352139473
5676421522,7912058860,1,1,0.05235807225108147
5677811513,1917488115,1,1,0.02881341055035591
5678631487,6243146585,1,1,0.02020004577934742
5679148742,2018925253,1,1,0.04795112833380699
5681056381,6001863056,1,1,0.04764357581734657
5681116057,7946457588,1,1,0.0584249310195446
5681660621,7866135934,1,1,0.06903764605522156
5681753497,1797539504,1,1,0.04801816865801811
5683845236,7946457588,1,1,0.04877275601029396
5686014770,7866135934,1,1,0.048941079527139664
5688061910,2090591961,1,1,0.053660798817873
5688504186,5311962099,1,1,0.05727999284863472
5689394728,1645599505,1,1,0.05028531327843666
5691923498,1497609517,1,1,0.09114545583724976
5692216595,3217742437,1,1,0.05172361806035042
5695662845,2219969573,1,1,0.04783811792731285
5696238186,5531506227,1,1,0.047028254717588425
5697079868,5767049948,1,1,0.05522795021533966
5697540134,2090591961,1,1,0.08656556159257889
5697943978,5365378896,1,1,0.05018087103962898
5700369002,3292333231,1,1,0.02792551927268505
5706976507,6113513458,1,1,0.05118783563375473
5709863449,1497609517,1,1,0.013855061493813992
5710030423,7506746741,1,1,0.017012782394886017
5710759196,3671879202,1,1,0.01990952156484127
5711147638,6871895822,1,1,0.01121874526143074
5711641197,5730240854,1,1,0.01775519549846649
5711641197,6232442780,1,1,0.01990952156484127
5714825533,6618737705,1,1,0.04816068336367607
5715166252,2937990707,1,1,0.06929868459701538
5716163017,7461276382,1,1,0.07804828882217407
5717189991,2136848625,1,1,0.06883101910352707
5724794152,6425881183,1,1,0.01549607515335083
5727659310,3412668714,1,1,0.044374387711286545
5727659310,3541413702,1,1,0.011761270463466644
5734193765,5730240854,1,1,0.07912188023328781
5734193765,5789387121,1,1,0.06842537224292755
5737978475,3412668714,1,1,0.06928306072950363
5746142680,7767144248,1,1,0.07818250358104706
5747860842,1816029971,1,1,0.10578729212284088
5756268828,2090591961,1,1,0.029425211250782013
5756594539,7804300115,1,1,0.0680011734366417
5756664917,7200019989,1,1,0.055852122604846954
5756946863,2090591961,1,1,0.0475158728659153
5759299465,5365378896,1,1,0.01005785632878542
5762999670,1850017837,1,1,0.0255933478474617
5762999670,2217048775,1,1,0.010045772418379784
5762999670,3051163592,1,1,0.01123301312327385
5762999670,3217742437,1,1,0.04640800878405571
5762999670,3317704373,1,1,0.051351118832826614
5762999670,5428423860,1,1,0.046813298016786575
5762999670,6065301364,1,1,0.06339561194181442
5762999670,6243146585,1,1,0.014124247245490551
5762999670,6276227682,1,1,0.0200957078486681
5762999670,6442235149,1,1,0.049019403755664825
5762999670,6554603444,1,1,0.048593852669000626
5762999670,6788591973,1,1,0.05084555596113205
5762999670,7341744407,1,1,0.05649832636117935
5762999670,7850599876,1,1,0.10769380629062653
5767077088,5311962099,1,1,0.13475196063518524
5767498904,5428423860,1,1,0.06235625967383385
5767574790,5789387121,1,1,0.04789424315094948
5774262932,5428423860,1,1,0.020777903497219086
5778761561,7804300115,1,1,0.012607636861503124
5780474806,3292333231,1,1,0.05722465738654137
5785269176,6065301364,1,1,0.027557143941521645
5786722534,7912058860,1,1,0.012665393762290478
5789387121,5789387121,1,1,0.01993352733552456
5794406144,1811903663,1,1,0.04856409505009651
5796917481,3217742437,1,1,0.04805931821465492
5802016175,2090591961,1,1,0.05777240917086601
5803376323,5543176559,1,1,0.04885423183441162
5807359631,5730240854,1,1,0.026974286884069443
5817169320,1954778190,1,1,0.09112515300512314
5817667427,6580670764,1,1,0.015161585062742233
5824562987,7612876955,1,1,0.015364238992333412
5824796643,1275418863,1,1,0.012665393762290478
5825877163,5987057408,1,1,0.04874546080827713
5828777107,1647256370,1,1,0.020224612206220627
5830301013,6788591973,1,1,0.09141253679990768
5830980402,5250260756,1,1,0.05873069167137146
5832125986,6580670764,1,1,0.07135169208049774
5833155053,5789387121,1,1,0.05375206097960472
5833426192,5250260756,1,1,0.029894791543483734
5834693552,6788591973,1,1,0.016979817301034927
5838388931,6276227682,1,1,0.04640800878405571
5839601203,1850017837,1,1,0.05136037990450859
5840157400,1316949123,1,1,0.021379414945840836
5840182814,3098510521,1,1,0.013881959952414036
5843646637,5789387121,1,1,0.04817521572113037
5843677208,6558040566,1,1,0.03043007291853428
5844362293,2002400427,1,1,0.05168664827942848
5845218568,2201915244,1,1,0.07032876461744308
5845619215,5250260756,1,1,0.026456154882907867
5845694399,5070705161,1,1,0.010982086881995201
5846584088,6788591973,1,1,0.061430320143699646
5848136487,3905581452,1,1,0.052291139960289
5848614059,5600540896,1,1,0.04841584339737892
5848966182,6554603444,1,1,0.04850156977772713
5850773620,5531506227,1,1,0.11180607974529266
5851199591,5767049948,1,1,0.09181517362594604
5851813335,1816029971,1,1,0.025680046528577805
5852655163,3292333231,1,1,0.0450197197496891
5853492283,2136848625,1,1,0.01691754348576069
5853495851,7866135934,1,1,0.024527879431843758
5854104706,7767144248,1,1,0.05187130346894264
5854479332,7341744407,1,1,0.060077421367168427
5858579111,3317704373,1,1,0.026274746283888817
5860270463,3412668714,1,1,0.0545765720307827
5860541137,6124100893,1,1,0.04780350625514984
5861523912,5789387121,1,1,0.013945554383099079
5861591131,7804300115,1,1,0.18060089647769928
5863689144,2219969573,1,1,0.05034623295068741
5864533868,7734889891,1,1,0.049212366342544556
5866117746,6276227682,1,1,0.025545457378029823
5866147532,7844581127,1,1,0.046813298016786575
5867735185,7612876955,1,1,0.02119775116443634
5867735185,7893929649,1,1,0.01407749392092228
5868525822,7847210480,1,1,0.030818725004792213
5869669944,1791873284,1,1,0.016979817301034927
5871604407,6420654776,1,1,0.015185204334557056
5872134282,3082731712,1,1,0.05187130346894264
5872852983,6232442780,1,1,0.021608462557196617
5873220619,1797539504,1,1,0.050848644226789474
5873223696,5789387121,1,1,0.020485054701566696
5874006003,6580670764,1,1,0.047934211790561676
5876200083,7844581127,1,1,0.04820653796195984
5878418570,7767144248,1,1,0.054265592247247696
5879096205,5033845034,1,1,0.04721452295780182
5880821891,3412668714,1,1,0.053158823400735855
5881066978,3098510521,1,1,0.01708187535405159
5881608767,5767049948,1,1,0.012649508193135262
5885568248,7912058860,1,1,0.04860260710120201
5885665766,6153121801,1,1,0.05344639718532562
5886178167,3217742437,1,1,0.04524732753634453
5887235582,3317704373,1,1,0.04809411242604256
5887456944,1816029971,1,1,0.04891204461455345
5888366667,2002400427,1,1,0.025577645748853683
5890465662,6232442780,1,1,0.104188933968544
5892577411,6153121801,1,1,0.014887583442032337
5893992672,1645599505,1,1,0.04772072285413742
5897852113,7866135934,1,1,0.04804590344429016
5899644376,7240026510,1,1,0.010135587304830551
5899793873,7757687460,1,1,0.0255933478474617
5911776487,7946457588,1,1,0.039186395704746246
5915569287,6483039487,1,1,0.06212390214204788
5917324084,6442235149,1,1,0.04772072285413742
5917996083,1816029971,1,1,0.04871232435107231
5929941760,5250260756,1,1,0.09132140874862671
5931356128,7844581127,1,1,0.04819498583674431
5932606090,7946457588,1,1,0.045006487518548965
5934581695,5926318749,1,1,0.014050216414034367
5936068499,2136848625,1,1,0.047983113676309586
5936734760,3292333231,1,1,0.011254820972681046
5941190242,7847210480,1,1,0.0233378317207098
5941399699,2937990707,1,1,0.04652463272213936
5941399699,3217035437,1,1,0.016637403517961502
5942989497,6560668913,1,1,0.025099828839302063
5943862253,7765668071,1,1,0.052113521844148636
5944541098,5428423860,1,1,0.05315294489264488
5949725740,5789387121,1,1,0.015149475075304508
5952970349,7850599876,1,1,0.054309818893671036
5954821883,6502204514,1,1,0.04740249365568161
5955502378,6560668913,1,1,0.027260849252343178
5957497363,7341744407,1,1,0.01265527680516243
5957658596,7625326364,1,1,0.025008246302604675
5958118164,3778125742,1,1,0.048806216567754745
5958444744,5926318749,1,1,0.04716984182596207
5964106324,3217742437,1,1,0.0299297533929348
5964122679,7341744407,1,1,0.014660127460956573
5966495566,7804300115,1,1,0.048676375299692154
5966595743,3082731712,1,1,0.05102461948990822
5967538216,6243146585,1,1,0.05224987491965294
5969799768,6420654776,1,1,0.01262794528156519
5970338864,7847210480,1,1,0.04679013043642044
5972186487,5070705161,1,1,0.04892256483435631
5972186487,7160110296,1,1,0.022073065862059593
5973497632,2002400427,1,1,0.049183569848537445
5974277810,2219969573,1,1,0.05012371018528938
5974573041,1850017837,1,1,0.013809198513627052
5976071509,5789387121,1,1,0.048957109451293945
5978653037,5250260756,1,1,0.014050216414034367
5979153359,3082731712,1,1,0.0376712903380394
5979319077,5730240854,1,1,0.10167553275823593
5980090631,1554226303,1,1,0.02147284708917141
5982010683,3317704373,1,1,0.0255933478474617
5983385535,3217035437,1,1,0.1117006242275238
5983385535,5730240854,1,1,0.04680512100458145
5984474054,3412668714,1,1,0.017720792442560196
5992414008,1791873284,1,1,0.05401066318154335
5993578282,5250260756,1,1,0.025768086314201355
5995908234,6272876985,1,1,0.04959346726536751
5997339059,6276227682,1,1,0.016842320561408997
5998318099,7866135934,1,1,0.01023202296346426
5999392924,9165329829,1,1,0.11580324918031693
6000741093,1954778190,1,1,0.045823872089385986
6008902197,7767144248,1,1,0.04874110966920853
6008980086,7188930130,1,1,0.026155641302466393
6011540541,3217742437,1,1,0.04822923615574837
6011594103,7850599876,1,1,0.04775872454047203
6012868747,2008062861,1,1,0.014050216414034367
6012976332,7866135934,1,1,0.07141674309968948
6013757222,5789387121,1,1,0.011109968647360802
6015118020,5407978252,1,1,0.011186070740222931
6015771820,6243146585,1,1,0.045688413083553314
6015883245,7200019989,1,1,0.08414731919765472
6015911202,5531506227,1,1,0.047012582421302795
6019443304,7847210480,1,1,0.047511979937553406
6020067335,6560668913,1,1,0.04952285438776016
6022538330,2201915244,1,1,0.08514220267534256
6022538330,5428423860,1,1,0.05808224156498909
6023319559,2217066377,1,1,0.0475158728659153
6025743401,5939204645,1,1,0.10246870666742325
6026418121,6243146585,1,1,0.050667643547058105
6027928294,7847210480,1,1,0.047814395278692245
6031413700,3292333231,1,1,0.01594473607838154
6033656950,5955730111,1,1,0.04800376668572426
6033945447,3217742437,1,1,0.0255933478474617
6034458929,6124100893,1,1,0.02119775116443634
6035810285,7804300115,1,1,0.015735585242509842
6036587429,7804300115,1,1,0.01387825421988964
6037114441,7506746741,1,1,0.03976525366306305
6039396026,7893929649,1,1,0.010100950486958027
6040619624,2909406375,1,1,0.013863448984920979
6042593842,7188930130,1,1,0.02722879685461521
6042848812,1188472987,1,1,0.0482046939432621
6045628829,2891416631,1,1,0.04875269904732704
6046864637,6001863056,1,1,0.04665840044617653
6047331876,5311962099,1,1,0.016643373295664787
6047942160,7612876955,1,1,0.04772564396262169
6048249860,1188472987,1,1,0.017111044377088547
6052110532,6425881183,1,1,0.049146618694067
6054638721,2201915244,1,1,0.048277806490659714
6055396394,5730240854,1,1,0.0233101025223732
6056810348,5789387121,1,1,0.014138532802462578
6057493119,6153121801,1,1,0.027260849252343178
6058433126,2201915244,1,1,0.0224241204559803
6065238581,3217742437,1,1,0.01137467660009861
6065250621,7850599876,1,1,0.04679329693317413
6065305919,5428423860,1,1,0.02881341055035591
6067347236,3217742437,1,1,0.04799533262848854
6067391403,1297975973,1,1,0.04592255875468254
6067942677,3098510521,1,1,0.026713963598012924
6069779399,5365378896,1,1,0.05099377781152725
6071245333,1195908387,1,1,0.04705112800002098
6074231828,1816029971,1,1,0.04659704864025116
6075899843,7240026510,1,1,0.013703295029699802
6078420970,1816029971,1,1,0.010038367472589016
6079322081,5365378896,1,1,0.020545804873108864
6081160242,5955730111,1,1,0.024966226890683174
6084227841,6153121801,1,1,0.05041218921542168
6084227841,7767144248,1,1,0.045462172478437424
6084775524,5789387121,1,1,0.02119775116443634
6086668009,6788591973,1,1,0.02940327487885952
6086668009,7804300115,1,1,0.04811820387840271
6087061776,6483039487,1,1,0.02935120463371277
6089135424,5767049948,1,1,0.0474383607506752
6090527688,2909406375,1,1,0.010169248096644878
6093705327,2909406375,1,1,0.05145774781703949
6094352102,5789387121,1,1,0.013848080299794674
6094748382,1188472987,1,1,0.023455793038010597
6095398627,1554226303,1,1,0.052359744906425476
6095768801,1554226303,1,1,0.014156162738800049
6098321098,7767144248,1,1,0.04860260710120201
6098865380,5428423860,1,1,0.04837837815284729
6098910513,7866135934,1,1,0.015262460336089134
6099762425,7847210480,1,1,0.04886269196867943
6103990879,6618737705,1,1,0.013821247965097427
6105414873,6232442780,1,1,0.046658504754304886
6108275308,6153121801,1,1,0.04637505114078522
6109841985,5767049948,1,1,0.05328250303864479
6110450262,6276227682,1,1,0.05405597761273384
6112997119,5767049948,1,1,0.07167533040046692
6114861094,1195908387,1,1,0.0566377155482769
6116297971,5428423860,1,1,0.06185445562005043
6116624314,1917488115,1,1,0.014619387686252594
6120258046,7767144248,1,1,0.07993857562541962
6120662293,6153121801,1,1,0.012607636861503124
6120662293,7506746741,1,1,0.04884905368089676
6120662293,7767144248,1,1,0.04847569391131401
6120886333,7844581127,1,1,0.05075753107666969
6121945370,5955730111,1,1,0.05566031113266945
6123208888,2002400427,1,1,0.015222354792058468
6124126982,7844581127,1,1,0.020224612206220627
6124288905,7767144248,1,1,0.0461403988301754
6124440234,6272876985,1,1,0.07351894676685333
6124704701,3778125742,1,1,0.014646821655333042
6125838276,6243146585,1,1,0.06846873462200165
6125838276,6437735703,1,1,0.020305581390857697
6126717712,6113513458,1,1,0.04769589751958847
6128111861,7760290512,1,1,0.10986409336328506
6128660215,2219969573,1,1,0.015126414597034454
6130797500,3217035437,1,1,0.04925297200679779
6134563997,2427613143,1,1,0.01023202296346426
6137058313,5250260756,1,1,0.017392337322235107
6137109045,7765668071,1,1,0.04773499071598053
6137694124,9165329829,1,1,0.04777097702026367
6137827265,1188472987,1,1,0.09141253679990768
6138018794,5226302309,1,1,0.025354769080877304
6140103743,2002400427,1,1,0.0482046939432621
6140728494,6788591973,1,1,0.05312610790133476
6141121645,5365378896,1,1,0.04884045198559761
6142450995,1719397245,1,1,0.0508195236325264
6144145181,2201915244,1,1,0.05831202119588852
6146790366,6113513458,1,1,0.010182433761656284
6148461329,6788591973,1,1,0.04869486019015312
6148530103,5365378896,1,1,0.04707559943199158
6152251617,5407978252,1,1,0.047575704753398895
6152283206,2002400427,1,1,0.01262794528156519
6152327584,1041705884,1,1,0.012742185965180397
6154865031,5428423860,1,1,0.04856836795806885
6154865031,6420654776,1,1,0.11278913170099258
6156240739,3051163592,1,1,0.047347720712423325
6156597813,7757687460,1,1,0.0577189102768898
6157025174,3905581452,1,1,0.08715654164552689
6157526046,3082731712,1,1,0.012753988616168499
6158871758,3098510521,1,1,0.01984679512679577
6159907383,7946457588,1,1,0.029636012390255928
6166627165,3847642518,1,1,0.021334195509552956
6169068936,6618737705,1,1,0.06817081570625305
6169768484,5226302309,1,1,0.0480358749628067
6174051169,5428423860,1,1,0.059424202889204025
6175234890,1647256370,1,1,0.014092979952692986
6175635733,7380722614,1,1,0.011165453121066093
6179345503,7380722614,1,1,0.016923611983656883
6179753889,5250260756,1,1,0.014050216414034367
6179930798,5250260756,1,1,0.049375370144844055
6183449684,1645599505,1,1,0.04839400574564934
6184963516,5407978252,1,1,0.014639519155025482
6186387394,6483039487,1,1,0.04705112800002098
6193913198,6001863056,1,1,0.12350093573331833
6198853428,2891416631,1,1,0.014130569994449615
6198853428,5250260756,1,1,0.016140736639499664
6199523389,6788591973,1,1,0.04784393683075905
6201206132,1297975973,1,1,0.047203466296195984
6203506040,6153121801,1,1,0.06678614020347595
6205989849,6113513458,1,1,0.05308227986097336
6207770619,6272876985,1,1,0.020224612206220627
6210221613,1316949123,1,1,0.04640800878405571
6213369701,3217035437,1,1,0.010067515075206757
6216067048,7804300115,1,1,0.05102461948990822
6216744881,1816029971,1,1,0.01391037181019783
6219713128,3217742437,1,1,0.04800376668572426
6226325896,5365378896,1,1,0.050691161304712296
6227273439,6871895822,1,1,0.010075563564896584
6230692465,3217035437,1,1,0.011155088432133198
6240623705,1554226303,1,1,0.015105613507330418
6242369268,3543420821,1,1,0.05369603633880615
6242369268,7767144248,1,1,0.04740062355995178
6242587462,2201915244,1,1,0.0484001487493515
6242882251,5311962099,1,1,0.012688405811786652
6243491180,6272876985,1,1,0.04432254284620285
6243550649,1497609517,1,1,0.04855163395404816
6245021138,6065301364,1,1,0.04789218679070473
6246400104,6788591973,1,1,0.011186070740222931
6246470049,3292333231,1,1,0.05649832636117935
6247338562,5428423860,1,1,0.04740435630083084
6248745007,3412668714,1,1,0.014661836437880993
6250516046,7767144248,1,1,0.01420914102345705
6260928891,5730240854,1,1,0.053969621658325195
6261492132,7734889891,1,1,0.04784001410007477
6265177214,5428423860,1,1,0.051728904247283936
6269105454,7804300115,1,1,0.04881332814693451
6272498050,2002400427,1,1,0.016923611983656883
6274959982,7760290512,1,1,0.015092444606125355
6275659691,7380722614,1,1,0.0473613366484642
6276709484,6437735703,1,1,0.052310794591903687
6277685000,5250260756,1,1,0.011142226867377758
6278236541,2560497310,1,1,0.048785027116537094
6283616615,7341744407,1,1,0.013809198513627052
6285933371,3973292213,1,1,0.01013107504695654
6289102385,7804300115,1,1,0.04878776893019676
6293602136,6580670764,1,1,0.04814423993229866
6294239826,5070705161,1,1,0.0974162295460701
6296409557,3217035437,1,1,0.14138785004615784
6296595060,3217742437,1,1,0.013798191212117672
6296676967,6065301364,1,1,0.02661108411848545
6298547794,7188930130,1,1,0.060352031141519547
6299576043,7734889891,1,1,0.015113218687474728
6300132860,7912058860,1,1,0.04708674177527428
6300234639,1816029971,1,1,0.049398843199014664
6302877294,2002400427,1,1,0.04861975461244583
6303169891,2560497310,1,1,0.0473613366484642
6303741708,2018925253,1,1,0.012875077314674854
6304852312,7804300115,1,1,0.011335748247802258
6306243419,6871895822,1,1,0.010062926448881626
6311814559,7767144248,1,1,0.047028254717588425
6311847543,5428423860,1,1,0.017092790454626083
6312726041,6243146585,1,1,0.00992415752261877
6313755319,7757687460,1,1,0.04869574308395386
6313972943,2427613143,1,1,0.055311959236860275
6313972943,3543420821,1,1,0.13914448022842407
6313972943,5250260756,1,1,0.046658504754304886
6313972943,6153121801,1,1,0.04988023638725281
6313972943,6523666955,1,1,0.04744310677051544
6313972943,7767144248,1,1,0.05462618172168732
6314231582,7341744407,1,1,0.09215529263019562
6314571178,1875293522,1,1,0.014910523779690266
6317004422,1647256370,1,1,0.04889974370598793
6326658563,2560497310,1,1,0.046441324055194855
6328108045,5250260756,1,1,0.060910485684871674
6328108045,7804300115,1,1,0.04790063574910164
6330827582,5428423860,1,1,0.048948075622320175
6330967556,6425881183,1,1,0.06051280349493027
6332254638,1816029971,1,1,0.05041218921542168
6335110770,5428423860,1,1,0.048253487795591354
6336142326,7844581127,1,1,0.06051280349493027
6336727393,6580670764,1,1,0.04740062355995178
6338374206,5020552519,1,1,0.05338750407099724
6338426400,6272876985,1,1,0.013774638995528221
6341263455,1645599505,1,1,0.047286342829465866
6343545114,3973292213,1,1,0.04783456400036812
6344687667,6001863056,1,1,0.010045772418379784
6345424036,6558040566,1,1,0.024527879431843758
6345571067,2002400427,1,1,0.025577645748853683
6346618705,5730240854,1,1,0.016923611983656883
6351430957,5939204645,1,1,0.046194158494472504
6351929548,5987057408,1,1,0.017720792442560196
6352030937,1195908387,1,1,0.05153853818774223
6352947134,9165329829,1,1,0.011073192581534386
6353318165,6502204514,1,1,0.017720792442560196
6354405994,6618737705,1,1,0.010075563564896584
6355773988,1875293522,1,1,0.04747045412659645
6356018956,6502204514,1,1,0.047606874257326126
6356088287,7380722614,1,1,0.047614775598049164
6357461165,2217048775,1,1,0.053479306399822235
6358868863,3217742437,1,1,0.047194115817546844
6358868863,6065301364,1,1,0.049135901033878326
6360182812,7240026510,1,1,0.014570994302630424
6362494295,5428423860,1,1,0.07634024322032928
6364508255,3082731712,1,1,0.025577645748853683
6367253711,7847210480,1,1,0.06355579942464828
6369592839,1816029971,1,1,0.019605791196227074
6371421716,6441657735,1,1,0.02738773263990879
6371440832,7200019989,1,1,0.09275350719690323
6371480339,7734889891,1,1,0.020014425739645958
6372503241,7804300115,1,1,0.04808536544442177
6375215321,7200019989,1,1,0.010067515075206757
6375864476,5428423860,1,1,0.05017351359128952
6375869841,6304429250,1,1,0.08549799025058746
6376536223,3671879202,1,1,0.016642360016703606
6380309035,2560497310,1,1,0.047035101801157
6382465960,6442235149,1,1,0.04715026915073395
6383834626,6523666955,1,1,0.05104115232825279
6384094120,3671879202,1,1,0.09677894413471222
6387270897,3217035437,1,1,0.021682094782590866
6388881237,3541413702,1,1,0.04592231288552284
6389972929,7847210480,1,1,0.09182436764240265
6398285228,2705589884,1,1,0.05873069167137146
6399001588,6788591973,1,1,0.012665393762290478
6405574504,5789387121,1,1,0.05153853818774223
6408628409,7625326364,1,1,0.010246828198432922
6409662397,2090591961,1,1,0.017417503520846367
6414483665,5543176559,1,1,0.014494623057544231
6414754851,5428423860,1,1,0.05296318978071213
6417288728,1875293522,1,1,0.053126104176044464
6417311813,2891416631,1,1,0.046418171375989914
6420654776,6420654776,1,1,0.012875077314674854
6422226540,6420654776,1,1,0.05100051686167717
6422789400,7160110296,1,1,0.011131537146866322
6424107124,3778125742,1,1,0.06324120610952377
6429908791,7734889891,1,1,0.04760973900556564
6431363980,1737850362,1,1,0.05155952647328377
6435458408,7866135934,1,1,0.05566031113266945
6436432521,6304429250,1,1,0.05857224017381668
6439839435,1737850362,1,1,0.04662128537893295
6441513845,5600540896,1,1,0.010067515075206757
6443251295,5250260756,1,1,0.01553123164921999
6443411459,7734889891,1,1,0.05462618172168732
6443590529,5428423860,1,1,0.048590049147605896
6443590529,6420654776,1,1,0.012618637643754482
6444938272,3217035437,1,1,0.010029616765677929
6445546177,6442235149,1,1,0.07112380862236023
6447802185,2018925253,1,1,0.05034623295068741
6448067294,6523666955,1,1,0.04648706316947937
6450068750,5250260756,1,1,0.13720203936100006
6450068750,6483039487,1,1,0.054713357239961624
6451523958,7804300115,1,1,0.016923611983656883
6452194854,1719397245,1,1,0.05344639718532562
6455278087,3778125742,1,1,0.0111002828925848
6455887120,1316949123,1,1,0.04822923615574837
6456559730,5226302309,1,1,0.045674726366996765
6457397933,1797539504,1,1,0.04568859189748764
6457644489,7380722614,1,1,0.047073543071746826
6458386250,5428423860,1,1,0.09319092333316803
6458845374,2201915244,1,1,0.07456712424755096
6459732362,6001863056,1,1,0.07302311807870865
6461156578,1954778190,1,1,0.07295083999633789
6461774513,5250260756,1,1,0.029478266835212708
6461986372,5428423860,1,1,0.010079135186970234
6463337564,6124100893,1,1,0.06136951223015785
6466297414,3412668714,1,1,0.04816068336367607
6468142897,2909406375,1,1,0.050527241080999374
6470849523,5020552519,1,1,0.04822923615574837
6471995081,1811903663,1,1,0.01108844019472599
6472974847,1816029971,1,1,0.04832899942994118
6474091695,7946457588,1,1,0.05235807225108147
6474567854,7804300115,1,1,0.015234466642141342
6476287452,3292333231,1,1,0.01597181335091591
6476475475,6483039487,1,1,0.009947638027369976
6476663717,3973292213,1,1,0.04794781282544136
6478270106,6441657735,1,1,0.0244496688246727
6478296291,7625326364,1,1,0.017720792442560196
6478381694,1811903663,1,1,0.050873205065727234
6478381694,2219969573,1,1,0.010103099048137665
6478381694,6502204514,1,1,0.01567104272544384
6478740616,1297975973,1,1,0.04609193652868271
6478883823,5428423860,1,1,0.047828417271375656
6480425540,6502204514,1,1,0.01119018904864788
6481122076,5365378896,1,1,0.011309774592518806
6481714157,6618737705,1,1,0.02347443625330925
6482346104,3292333231,1,1,0.048015691339969635
6483309777,7804300115,1,1,0.05678459256887436
6484237577,5543176559,1,1,0.010052191093564034
6484635189,5531506227,1,1,0.049236852675676346
6484871353,2002400427,1,1,0.04862036928534508
6484871353,2201915244,1,1,0.02198749966919422
6484901896,5428423860,1,1,0.057207588106393814
6485104230,7341744407,1,1,0.05250713974237442
6485135074,3082731712,1,1,0.0482267402112484
6487786517,7200019989,1,1,0.09141253679990768
6488535487,7461276382,1,1,0.010977379977703094
6488790498,5428423860,1,1,0.06426861882209778
6490386317,2201915244,1,1,0.06897762417793274
6493599725,6304429250,1,1,0.014494623057544231
6494101136,3847642518,1,1,0.025209518149495125
6495291341,7804300115,1,1,0.04840268939733505
6495956394,7804300115,1,1,0.04877764359116554
6495956394,7866135934,1,1,0.015405218116939068
6498096705,5543176559,1,1,0.016887186095118523
6498488519,6580670764,1,1,0.1327144205570221
6499417936,5428423860,1,1,0.05186953395605087
6499886509,7757687460,1,1,0.03976525366306305
6501435323,5543176559,1,1,0.06179323047399521
6502847479,6153121801,1,1,0.08414731919765472
6504034181,5600540896,1,1,0.009912234731018543
6505442645,7461276382,1,1,0.01726124994456768
6506720881,5070705161,1,1,0.015092444606125355
6506872161,3905581452,1,1,0.04866267740726471
6510330260,7804300115,1,1,0.05233316868543625
6514492322,6502204514,1,1,0.027810700237751007
6516655185,1497609517,1,1,0.049376558512449265
6517592900,3217035437,1,1,0.025161519646644592
6517929707,7847210480,1,1,0.017198413610458374
6518136011,3671879202,1,1,0.09285987168550491
6520148350,1041705884,1,1,0.0255933478474617
6520466508,2002400427,1,1,0.01105173584073782
6520466508,2201915244,1,1,0.055823422968387604
6520649510,5972505998,1,1,0.056593526154756546
6521767558,7461276382,1,1,0.053736597299575806
6522321411,7850599876,1,1,0.010067515075206757
6523198152,6502204514,1,1,0.021786408498883247
6523329535,7893929649,1,1,0.04992299899458885
6530939618,5428423860,1,1,0.047814395278692245
6532009767,6420654776,1,1,0.048317909240722656
6534526224,2002400427,1,1,0.022335302084684372
6536752832,5543176559,1,1,0.05297916755080223
6541815589,1195908387,1,1,0.010827076621353626
6541815589,7847210480,1,1,0.04823041334748268
6549772226,7734889891,1,1,0.014494623057544231
6553990368,1297975973,1,1,0.04903866723179817
6556190979,1816029971,1,1,0.04684815555810928
6556657694,6558040566,1,1,0.04732191562652588
6559055428,5789387121,1,1,0.015159966424107552
6560093474,7804300115,1,1,0.04957297816872597
6561223167,1188472987,1,1,0.021379414945840836
6561223167,1917488115,1,1,0.02000715769827366
6563650638,6442235149,1,1,0.05591962859034538
6568878143,5428423860,1,1,0.04628361761569977
6569810465,7866135934,1,1,0.04847569391131401
6569925002,1188472987,1,1,0.09609390050172806
6571966934,6425881183,1,1,0.07588163018226624
6572599385,7506746741,1,1,0.05502840504050255
6572599385,7866135934,1,1,0.030171586200594902
6572784019,7734889891,1,1,0.02173680253326893
6572850998,7804300115,1,1,0.0942181646823883
6573938570,5939204645,1,1,0.04869486019015312
6574690140,3217035437,1,1,0.029295068234205246
6576984362,1041705884,1,1,0.06996190547943115
6577239964,6441657735,1,1,0.06300720572471619
6577430644,1821525001,1,1,0.05542169511318207
6579969498,2201915244,1,1,0.029295068234205246
6580786502,7160110296,1,1,0.06654036045074463
6585653692,7866135934,1,1,0.037975672632455826
6585990740,6788591973,1,1,0.049858417361974716
6586873489,5531506227,1,1,0.010173392482101917
6588120898,5311962099,1,1,0.013886670581996441
6590518425,9165329829,1,1,0.011162557639181614
6596460896,6837278495,1,1,0.04903866723179817
6596460896,6839422251,1,1,0.013983665965497494
6599454226,3829981184,1,1,0.04660754278302193
6602595794,3317704373,1,1,0.049702152609825134
6603247892,7866135934,1,1,0.0691724494099617
6603690009,2937990707,1,1,0.051351118832826614
6604114176,1647256370,1,1,0.05105772614479065
6607304247,5767049948,1,1,0.05352813005447388
6607593762,1811903663,1,1,0.11053716391324997
6607593762,3829981184,1,1,0.046328235417604446
6607882366,6442235149,1,1,0.01993352733552456
6609148922,5767049948,1,1,0.04652375355362892
6610426151,1497609517,1,1,0.04884132742881775
6611870876,7850599876,1,1,0.05118783563375473
6612394647,1041705884,1,1,0.013821247965097427
6613325275,5428423860,1,1,0.05163129046559334
6613929574,7767144248,1,1,0.05343716964125633
6613929574,7804300115,1,1,0.012576867826282978
6614069511,1041705884,1,1,0.1014559417963028
6614528596,7767144248,1,1,0.06366075575351715
6614541969,1821525001,1,1,0.010627790354192257
6614830196,1875293522,1,1,0.020467214286327362
6615605106,6124100893,1,1,0.053671710193157196
6617567886,6065301364,1,1,0.05296888202428818
6618900848,6304429250,1,1,0.048053987324237823
6618900848,7757687460,1,1,0.08417119085788727
6619383698,2217066377,1,1,0.013872460462152958
6619800953,1821525001,1,1,0.04554011672735214
6620340779,6788591973,1,1,0.09015169739723206
6623716262,5926318749,1,1,0.010052191093564034
6627837181,7160110296,1,1,0.047619812190532684
6632866084,3412668714,1,1,0.049214500933885574
6633813429,7767144248,1,1,0.013861379586160183
6636351939,3973292213,1,1,0.095699742436409
6636351939,7467277921,1,1,0.07557038217782974
6638891509,5250260756,1,1,0.06669309735298157
6642282537,2008062861,1,1,0.057411689311265945
6642351307,2705589884,1,1,0.08868765830993652
6642539688,7804300115,1,1,0.07599742710590363
6643207912,6153121801,1,1,0.10519684106111526
6643222037,5574911608,1,1,0.010071706026792526
6646212653,6232442780,1,1,0.07786547392606735
6652974634,6304429250,1,1,0.01407749392092228
6656550305,2891416631,1,1,0.05136895179748535
6659388600,7767144248,1,1,0.0942181646823883
6660147759,6113513458,1,1,0.0473613366484642
6660781013,7625326364,1,1,0.048593852669000626
6661341602,5428423860,1,1,0.014494623057544231
6663009101,6276227682,1,1,0.12321051210165024
6666495820,5730240854,1,1,0.014123918488621712
6670777250,7767144248,1,1,0.06751291453838348
6675318855,6837278495,1,1,0.04943731054663658
6675318855,6839422251,1,1,0.016923611983656883
6679192530,6113513458,1,1,0.048485640436410904
6686137325,6001863056,1,1,0.020767254754900932
6688981686,7893929649,1,1,0.02237095683813095
6694550947,1719397245,1,1,0.05186953395605087
6697027127,7612876955,1,1,0.016923611983656883
6703271307,5428423860,1,1,0.04561292380094528
6705887337,2427613143,1,1,0.047619812190532684
6707713335,3217742437,1,1,0.0989753007888794
6710581900,7461276382,1,1,0.048111267387866974
6721667739,2937990707,1,1,0.046813298016786575
6739225264,2560497310,1,1,0.052040766924619675
6744311747,5730240854,1,1,0.029618820175528526
6744905755,3217035437,1,1,0.046731915324926376
6746001413,3543420821,1,1,0.04415181279182434
6746001413,7767144248,1,1,0.04707559943199158
6746169331,6113513458,1,1,0.017798632383346558
6748667139,6001863056,1,1,0.01266054529696703
6754082660,1816029971,1,1,0.014050216414034367
6754456403,1875293522,1,1,0.06993412226438522
6762134101,6788591973,1,1,0.08530113846063614
6762134101,7866135934,1,1,0.05162239819765091
6764352067,7461276382,1,1,0.14262761175632477
6776655367,1816029971,1,1,0.04645216092467308
6780580379,5926318749,1,1,0.0382046177983284
6784934739,6276227682,1,1,0.05566031113266945
6786220966,1737850362,1,1,0.06172586977481842
6791173024,7240026510,1,1,0.06077725440263748
6795686490,7912058860,1,1,0.059330858290195465
6802378376,7734889891,1,1,0.04816068336367607
6807262165,5767049948,1,1,0.04572249576449394
6807263453,1316949123,1,1,0.02580789290368557
6813655343,6618737705,1,1,0.04652463272213936
6825590951,7380722614,1,1,0.049698323011398315
6832365345,7200019989,1,1,0.021012134850025177
6834351860,5250260756,1,1,0.048704300075769424
6835357110,3217742437,1,1,0.07837273180484772
6838053383,6839422251,1,1,0.010091259144246578
6839427905,6837278495,1,1,0.06305709481239319
6839600660,5070705161,1,1,0.017148379236459732
6839600660,5972505998,1,1,0.046716365963220596
6850291428,7506746741,1,1,0.04860549420118332
6857122027,7850599876,1,1,0.062310151755809784
6858873223,5226302309,1,1,0.04691459238529205
6863572591,2219969573,1,1,0.030818725004792213
6868700467,6502204514,1,1,0.04304737597703934
6871895822,6871895822,1,1,0.0111992871388793
6878811189,5987057408,1,1,0.011168506927788258
6880373971,5365378896,1,1,0.04815707728266716
6886079831,6304429250,1,1,0.05130920931696892
6890984443,7847210480,1,1,0.017720792442560196
6895289962,6243146585,1,1,0.06185445562005043
6898195019,9165329829,1,1,0.02940327487885952
6898558046,6153121801,1,1,0.049272771924734116
6902066598,3412668714,1,1,0.04815114662051201
6910754286,3541413702,1,1,0.053479306399822235
6915113262,5428423860,1,1,0.059424202889204025
6926278145,5574911608,1,1,0.046831775456666946
6927285178,6420654776,1,1,0.01713811606168747
6930156962,6441657735,1,1,0.025577645748853683
6934375549,6871895822,1,1,0.04784001410007477
6960351193,6502204514,1,1,0.04771645367145538
6964621326,6304429250,1,1,0.05403698608279228
6966606731,3317704373,1,1,0.011414935812354088
6973960303,1954778190,1,1,0.06191163882613182
6979349835,7804300115,1,1,0.010214989073574543
6979851760,7804300115,1,1,0.041283681988716125
6981458823,6272876985,1,1,0.04838644713163376
6982878899,1188472987,1,1,0.024814357981085777
6985562762,7200019989,1,1,0.011146865785121918
6987335786,2219969573,1,1,0.02923416718840599
6988372508,5767049948,1,1,0.11008148640394211
6990305140,3098510521,1,1,0.01564590074121952
6991873630,5543176559,1,1,0.018248241394758224
6992181225,6442235149,1,1,0.010397413745522499
6992593942,1316949123,1,1,0.04510403424501419
6996037293,1821525001,1,1,0.05012371018528938
7001132329,6420654776,1,1,0.015211938880383968
7002091839,7847210480,1,1,0.02551940642297268
7006537516,7188930130,1,1,0.04866825416684151
7007336873,7765668071,1,1,0.05270028114318848
7010682405,6523666955,1,1,0.025100618600845337
7010682405,7804300115,1,1,0.04441042244434357
7015724069,6502204514,1,1,0.06411118060350418
7019520733,5428423860,1,1,0.014372759498655796
7019520733,7850599876,1,1,0.053455524146556854
7025526778,1554226303,1,1,0.05281319096684456
7025551829,3082731712,1,1,0.050076305866241455
7025983407,7804300115,1,1,0.06288748234510422
7027738944,5767049948,1,1,0.05510067194700241
7032391915,3543420821,1,1,0.014425053261220455
7034095279,2002400427,1,1,0.18089915812015533
7034095279,2201915244,1,1,0.029655179008841515
7034095279,5428423860,1,1,0.017720792442560196
7034095279,7850599876,1,1,0.046658504754304886
7034875411,1954778190,1,1,0.04891524463891983
7039369410,2002400427,1,1,0.01709628850221634
7042081233,7847210480,1,1,0.05249089375138283
7046928643,7160110296,1,1,0.017102424055337906
7053735761,2018925253,1,1,0.01775519549846649
7058928949,3082731712,1,1,0.05404744669795036
7061992515,1917488115,1,1,0.06980501860380173
7066212035,5574911608,1,1,0.07634024322032928
7069545912,3217742437,1,1,0.06998580694198608
7069545912,6560668913,1,1,0.05840747430920601
7083698859,7760290512,1,1,0.09112515300512314
7089887695,1041705884,1,1,0.044025104492902756
7093682308,1811903663,1,1,0.04763128608465195
7097522993,5574911608,1,1,0.015241092070937157
7101742696,3217035437,1,1,0.04861368238925934
7106057149,5033845034,1,1,0.057207588106393814
7107032825,5767049948,1,1,0.11189594864845276
7107179748,7200019989,1,1,0.05131428316235542
7112011079,6272876985,1,1,0.04635577276349068
7113226758,1041705884,1,1,0.04813641682267189
7119567247,6420654776,1,1,0.011183885857462883
7123441373,1188472987,1,1,0.046686749905347824
7125675440,1816029971,1,1,0.015211938880383968
7126080859,7200019989,1,1,0.04635577276349068
7149175323,6442235149,1,1,0.0464789904654026
7156911488,6554603444,1,1,0.048806216567754745
7168699288,3541413702,1,1,0.049380578100681305
7171066659,6113513458,1,1,0.013936405070126057
7172014689,1797539504,1,1,0.014494623057544231
7180839735,6558040566,1,1,0.015211938880383968
7185176312,7461276382,1,1,0.01691754348576069
7185765833,6441657735,1,1,0.062476132065057755
7185998502,2201915244,1,1,0.047814395278692245
7188667164,6425881183,1,1,0.010062926448881626
7190894435,5600540896,1,1,0.010137694887816906
7192800349,2217066377,1,1,0.04889974370598793
7194773256,7734889891,1,1,0.025455178692936897
7198019672,3973292213,1,1,0.011202535592019558
7200019989,7200019989,1,1,0.013809198513627052
7207045288,6871895822,1,1,0.048593852669000626
7207742336,7804300115,1,1,0.021065151318907738
7209915377,6483039487,1,1,0.046700917184352875
7209976143,2002400427,1,1,0.05866357311606407
7210847546,3973292213,1,1,0.048324182629585266
7211148835,7765668071,1,1,0.0542990081012249
7212356144,5730240854,1,1,0.021721113473176956
7213001610,5311962099,1,1,0.029722856357693672
7214862704,7767144248,1,1,0.04644913226366043
7215435780,3217035437,1,1,0.048863958567380905
7215453518,2002400427,1,1,0.04714610055088997
7215575653,6420654776,1,1,0.04640800878405571
7217985577,6502204514,1,1,0.12400960177183151
7229965075,6425881183,1,1,0.022357920184731483
7231141839,5428423860,1,1,0.047883279621601105
7237042134,5428423860,1,1,0.04738665372133255
7238416666,5730240854,1,1,0.011197586543858051
7240124041,7847210480,1,1,0.06367157399654388
7244689731,7804300115,1,1,0.04777425155043602
7246153446,7767144248,1,1,0.01418629102408886
7247843906,5730240854,1,1,0.0233378317207098
7250334348,6153121801,1,1,0.046730224043130875
7257086274,3973292213,1,1,0.029497331008315086
7257223953,5226302309,1,1,0.010152989067137241
7257689338,6502204514,1,1,0.04004593566060066
7261514048,6442235149,1,1,0.04785054549574852
7270732565,7847210480,1,1,0.01775519549846649
7271506780,5767049948,1,1,0.014710530638694763
7271800506,6304429250,1,1,0.04811893031001091
7272093353,5365378896,1,1,0.06319648027420044
7272747082,7240026510,1,1,0.04772194102406502
7274195852,3292333231,1,1,0.04928603023290634
7275729663,3543420821,1,1,0.047264158725738525
7275729663,6788591973,1,1,0.04830300435423851
7277231700,6523666955,1,1,0.011073192581534386
7278172326,1821525001,1,1,0.015149475075304508
7278732469,7804300115,1,1,0.046886198222637177
7278763128,5574911608,1,1,0.010052191093564034
7279464528,6523666955,1,1,0.06271079927682877
7279598013,3217742437,1,1,0.017195526510477066
7279794880,3082731712,1,1,0.017063161358237267
7279945706,6276227682,1,1,0.04818402975797653
7280330258,5767049948,1,1,0.0473613366484642
7280338093,5428423860,1,1,0.05201703682541847
7280338093,7850599876,1,1,0.047231949865818024
7282938712,7912058860,1,1,0.015495866537094116
7283695912,7200019989,1,1,0.05296318978071213
7284042601,3217035437,1,1,0.02597629465162754
7284126993,1554226303,1,1,0.016923611983656883
7284242348,5987057408,1,1,0.047028254717588425
7284590309,7160110296,1,1,0.05831202119588852
7285472863,9165329829,1,1,0.10519684106111526
7285844927,2909406375,1,1,0.04789527505636215
7287352403,7765668071,1,1,0.048248350620269775
7287639239,7804300115,1,1,0.05005893111228943
7288739472,2002400427,1,1,0.011125266551971436
7288874073,5070705161,1,1,0.02476689964532852
7291187334,5428423860,1,1,0.029561426490545273
7291888801,2705589884,1,1,0.05381857976317406
7294004188,1816029971,1,1,0.029148750007152557
7297286775,6420654776,1,1,0.06517182290554047
7299299119,6276227682,1,1,0.05168664827942848
7303946488,2560497310,1,1,0.02987547032535076
7304349878,1917488115,1,1,0.010154172778129578
7305011159,1195908387,1,1,0.0482046939432621
7305013645,2201915244,1,1,0.04818107932806015
7306027105,6442235149,1,1,0.017720792442560196
7309334237,7847210480,1,1,0.04667982831597328
7309845936,1816029971,1,1,0.015456868335604668
7309867176,6425881183,1,1,0.020436281338334084
7310045671,5226302309,1,1,0.04848945513367653
7310483255,7612876955,1,1,0.012594186700880527
7310769975,6276227682,1,1,0.02602117508649826
7311519122,3671879202,1,1,0.0214172825217247
7312677265,9165329829,1,1,0.01116221584379673
7313582111,7804300115,1,1,0.046441324055194855
7313779991,3082731712,1,1,0.05753674358129501
7316931551,1297975973,1,1,0.04746014252305031
7317376718,7760290512,1,1,0.011181609705090523
7317669901,1297975973,1,1,0.04749494045972824
7319463318,2705589884,1,1,0.04909190535545349
7321548432,3412668714,1,1,0.04748140648007393
7322608923,1297975973,1,1,0.04952285438776016
7325042768,5428423860,1,1,0.048965755850076675
7327194133,3098510521,1,1,0.015413385815918446
7328576645,5730240854,1,1,0.09241525828838348
7328924049,7200019989,1,1,0.0473613366484642
7331165589,1645599505,1,1,0.01585407555103302
7331489423,2201915244,1,1,0.04860260710120201
7331699774,6788591973,1,1,0.04857286438345909
7332934349,1195908387,1,1,0.04962631314992905
7335937620,5250260756,1,1,0.047511979937553406
7336651972,5789387121,1,1,0.049402300268411636
7337866894,6153121801,1,1,0.01459106057882309
7340966285,7804300115,1,1,0.0532333143055439
7342222902,5939204645,1,1,0.06305709481239319
7342227727,5226302309,1,1,0.01407749392092228
7343651861,1645599505,1,1,0.014254605397582054
7345289195,7804300115,1,1,0.05131428316235542
7345634569,2560497310,1,1,0.06766699254512787
7346490369,6232442780,1,1,0.01736338436603546
7347005140,7506746741,1,1,0.041283681988716125
7349213577,1188472987,1,1,0.0299297533929348
7350088951,5365378896,1,1,0.012594186700880527
7350442295,2201915244,1,1,0.01418629102408886
7350835134,6558040566,1,1,0.019805168733000755
7350920887,2560497310,1,1,0.02295651286840439
7351998196,2201915244,1,1,0.011330323293805122
7357211247,7844581127,1,1,0.04754049330949783
7358140854,6523666955,1,1,0.046813298016786575
7360146097,9165329829,1,1,0.047063808888196945
7360302064,7188930130,1,1,0.05918724462389946
7360379039,1954778190,1,1,0.047262005507946014
7361421909,3217035437,1,1,0.025099828839302063
7364365909,5531506227,1,1,0.01775519549846649
7365181791,5574911608,1,1,0.047573838382959366
7366523663,3217742437,1,1,0.024795034900307655
7367863996,3217035437,1,1,0.09724454581737518
7368356271,7734889891,1,1,0.048704300075769424
7370601356,6113513458,1,1,0.0508456788957119
7371171018,6420654776,1,1,0.052376776933670044
7371171018,7850599876,1,1,0.04978609457612038
7371534895,3317704373,1,1,0.047264158725738525
7374106655,5250260756,1,1,0.07249262183904648
7375893207,3217742437,1,1,0.014990000985562801
7376857898,2090591961,1,1,0.04809996485710144
7378094994,6153121801,1,1,0.029497331008315086
7378094994,7804300115,1,1,0.05631197616457939
7379678099,5730240854,1,1,0.020071156322956085
7379715611,7912058860,1,1,0.053158823400735855
7381541267,7912058860,1,1,0.024966226890683174
7382160940,1316949123,1,1,0.048391129821538925
7382758581,6441657735,1,1,0.05641646683216095
7384474329,7847210480,1,1,0.01775519549846649
7384844416,7200019989,1,1,0.059424202889204025
7385438127,3847642518,1,1,0.050873205065727234
7385538458,7847210480,1,1,0.015443680807948112
7385644052,1737850362,1,1,0.033578332513570786
7386845614,3412668714,1,1,0.048639725893735886
7387086486,1797539504,1,1,0.011146865785121918
7387102950,6232442780,1,1,0.029094193130731583
7387161612,1850017837,1,1,0.045518908649683
7387510720,2909406375,1,1,0.017720792442560196
7387937257,1719397245,1,1,0.029618820175528526
7388948924,2002400427,1,1,0.011168506927788258
7390903919,5311962099,1,1,0.057142216712236404
7391809569,5767049948,1,1,0.04809411242604256
7393354303,2705589884,1,1,0.0482267402112484
7394358296,6788591973,1,1,0.014050216414034367
7395128408,6442235149,1,1,0.047554753720760345
7395193174,7847210480,1,1,0.05676528066396713
7395836176,7844581127,1,1,0.012931695207953453
7397201988,6580670764,1,1,0.023521963506937027
7399810156,7200019989,1,1,0.052131786942481995
7401506975,1316949123,1,1,0.048736054450273514
7401851014,7461276382,1,1,0.047269485890865326
7402186530,2002400427,1,1,0.07330205291509628
7402186530,3317704373,1,1,0.04946807771921158
7402493747,7188930130,1,1,0.050009578466415405
7403786690,7804300115,1,1,0.0489221028983593
7406006054,5767049948,1,1,0.049380578100681305
7407210110,7188930130,1,1,0.04728720709681511
7410128470,7200019989,1,1,0.02653580904006958
7411414081,5767049948,1,1,0.05701801925897598
7411473681,7804300115,1,1,0.029295068234205246
7412043544,5226302309,1,1,0.06172586977481842
7412130835,2136848625,1,1,0.04673080891370773
7412975351,5070705161,1,1,0.04687945544719696
7413249374,3217742437,1,1,0.04713067039847374
7415715226,7506746741,1,1,0.048925530165433884
7416653698,3829981184,1,1,0.05972004309296608
7418997552,5250260756,1,1,0.06192868947982788
7418997552,6153121801,1,1,0.01775519549846649
7418997552,6483039487,1,1,0.014630171470344067
7419207923,7757687460,1,1,0.01712638884782791
7419986030,7912058860,1,1,0.05468415468931198
7423296397,7625326364,1,1,0.06158531829714775
7423471761,9165329829,1,1,0.04828033968806267
7424016178,1954778190,1,1,0.048173654824495316
7428374778,1875293522,1,1,0.0474383607506752
7429624522,5311962099,1,1,0.0482647679746151
7431931977,6272876985,1,1,0.05020603910088539
7432435668,1306484861,1,1,0.046658504754304886
7433046049,6001863056,1,1,0.017006680369377136
7433459781,5767049948,1,1,0.04943490028381348
7433532580,2219969573,1,1,0.04639429599046707
7434253395,7188930130,1,1,0.05224987491965294
7434755124,5926318749,1,1,0.010052191093564034
7435063227,3973292213,1,1,0.05020603910088539
7435862870,1954778190,1,1,0.04943490028381348
7436489524,1316949123,1,1,0.055000483989715576
7436845343,5987057408,1,1,0.049550820142030716
7437493762,7200019989,1,1,0.04786635562777519
7438237581,3217035437,1,1,0.029618820175528526
7438906544,6420654776,1,1,0.026456154882907867
7439338902,2705589884,1,1,0.016923611983656883
7439647593,2219969573,1,1,0.06617029756307602
7440826688,6425881183,1,1,0.04839877411723137
7442618355,2219969573,1,1,0.01525190845131874
7443225825,1195908387,1,1,0.01990952156484127
7443408734,9165329829,1,1,0.05783442407846451
7443635987,1917488115,1,1,0.048593852669000626
7450544828,6272876985,1,1,0.0942181646823883
7451072130,6420654776,1,1,0.016829337924718857
7452211679,1041705884,1,1,0.050873205065727234
7452967629,1554226303,1,1,0.09603262692689896
7453025733,1791873284,1,1,0.07583324611186981
7453967180,5428423860,1,1,0.046725139021873474
7455120452,1917488115,1,1,0.017720792442560196
7455186939,1041705884,1,1,0.049584776163101196
7455198589,2705589884,1,1,0.04922778159379959
7455326161,7160110296,1,1,0.051366619765758514
7455350811,6580670764,1,1,0.07101409882307053
7455890777,5767049948,1,1,0.011255416087806225
7457068634,5789387121,1,1,0.015413385815918446
7458654607,1816029971,1,1,0.048017390072345734
7458852208,5574911608,1,1,0.04706890136003494
7459004270,7188930130,1,1,0.056467749178409576
7461741263,2002400427,1,1,0.047073543071746826
7461781768,2090591961,1,1,0.015593410469591618
7461936114,3829981184,1,1,0.05147198215126991
7462673836,5730240854,1,1,0.14213138818740845
7463216755,2937990707,1,1,0.01285834051668644
7463426198,6420654776,1,1,0.016923611983656883
7463794426,7461276382,1,1,0.011234775185585022
7463923134,6837278495,1,1,0.05566873773932457
7463923134,6839422251,1,1,0.024003326892852783
7464936677,1821525001,1,1,0.017720792442560196
7466319216,7200019989,1,1,0.015126414597034454
7468833273,1954778190,1,1,0.04744797199964523
7469696114,5365378896,1,1,0.011109968647360802
7470006720,1917488115,1,1,0.06871360540390015
7470733332,6124100893,1,1,0.04773011803627014
7470908541,7804300115,1,1,0.056334566324949265
7472155604,2201915244,1,1,0.024555742740631104
7472830039,7341744407,1,1,0.04909190535545349
7472840470,7757687460,1,1,0.020509695634245872
7473662502,6001863056,1,1,0.06925919651985168
7474056299,6441657735,1,1,0.04802149534225464
7474258566,2201915244,1,1,0.09241525828838348
7475688423,1645599505,1,1,0.02004966139793396
7478156815,1275418863,1,1,0.04875269904732704
7478156815,5250260756,1,1,0.06185445562005043
7479461437,1816029971,1,1,0.06366075575351715
7481054233,7804300115,1,1,0.04749729856848717
7481118901,6618737705,1,1,0.0462803989648819
7481118901,7866135934,1,1,0.0498063899576664
7481185886,7200019989,1,1,0.06547584384679794
7482893833,2002400427,1,1,0.04956766590476036
7483190608,1821525001,1,1,0.016637403517961502
7483362757,7804300115,1,1,0.05200040712952614
7483477615,1497609517,1,1,0.011223221197724342
7483630211,7912058860,1,1,0.011245009489357471
7485466518,3829981184,1,1,0.053237322717905045
7485763875,7847210480,1,1,0.04694095999002457
7486972106,6232442780,1,1,0.047861628234386444
7487189721,7866135934,1,1,0.047814395278692245
7487253374,6839422251,1,1,0.04648149013519287
7488445934,1195908387,1,1,0.01459106057882309
7488601104,6558040566,1,1,0.029561426490545273
7489533440,2090591961,1,1,0.01102625485509634
7490354099,5365378896,1,1,0.04912404343485832
7491200785,2219969573,1,1,0.0471026748418808
7492946383,2705589884,1,1,0.047264158725738525
7496181974,6441657735,1,1,0.01459106057882309
7497372973,6442235149,1,1,0.014639519155025482
7497587655,6243146585,1,1,0.021682094782590866
7498398920,1811903663,1,1,0.07215829938650131
7499839162,5365378896,1,1,0.015116755850613117
7500031508,6420654776,1,1,0.020886212587356567
7502834388,7461276382,1,1,0.01710490696132183
7503747153,7804300115,1,1,0.050841353833675385
7503863946,7804300115,1,1,0.02923416718840599
7505329309,2217048775,1,1,0.02091766893863678
7505826350,7240026510,1,1,0.048248350620269775
7506493699,3671879202,1,1,0.024795034900307655
7507013549,6425881183,1,1,0.04772072285413742
7507678264,6276227682,1,1,0.011131537146866322
7508042824,3217035437,1,1,0.0691724494099617
7508159247,1297975973,1,1,0.04747214913368225
7509095711,7804300115,1,1,0.015149475075304508
7509595652,3829981184,1,1,0.0475158728659153
7509850858,1821525001,1,1,0.017157506197690964
7510057068,2909406375,1,1,0.025099828839302063
7510210574,3217035437,1,1,0.05809742584824562
7513228947,3217035437,1,1,0.01011907123029232
7513236449,7866135934,1,1,0.04943490028381348
7514961616,6554603444,1,1,0.04591914266347885
7515862282,2002400427,1,1,0.047861628234386444
7516819909,6153121801,1,1,0.049698323011398315
7516940253,6420654776,1,1,0.057464804500341415
7517804299,1188472987,1,1,0.10657226294279099
7518090397,5767049948,1,1,0.06255275011062622
7519048740,6788591973,1,1,0.010987772606313229
7520742218,3671879202,1,1,0.049402300268411636
7520995031,7847210480,1,1,0.01515578106045723
7521171196,6560668913,1,1,0.0473613366484642
7522509796,7804300115,1,1,0.052420567721128464
7525305347,6124100893,1,1,0.02958054281771183
7526771651,7757687460,1,1,0.012798153795301914
7527218608,2002400427,1,1,0.01401787344366312
7527550817,5311962099,1,1,0.02580789290368557
7527843624,6420654776,1,1,0.022848771885037422
7527969867,7847210480,1,1,0.021065151318907738
7528567592,5226302309,1,1,0.047028254717588425
7534912537,5428423860,1,1,0.01459106057882309
7537781271,1041705884,1,1,0.06445425748825073
7540152187,6483039487,1,1,0.04749729856848717
7540290957,3671879202,1,1,0.055645428597927094
7541247263,9165329829,1,1,0.42411351203918457
7543837857,1188472987,1,1,0.051158662885427475
7543837857,2008062861,1,1,0.0470152385532856
7544830534,1811903663,1,1,0.049268726259469986
7545767547,7804300115,1,1,0.04847108572721481
7547749467,1954778190,1,1,0.045865610241889954
7547921982,2002400427,1,1,0.047925062477588654
7547932059,2560497310,1,1,0.0643412172794342
7549671723,7461276382,1,1,0.05395466461777687
7550533560,5767049948,1,1,0.0574471615254879
7550888631,5250260756,1,1,0.046277984976768494
7550888631,7767144248,1,1,0.014494623057544231
7551339358,7847210480,1,1,0.04834038391709328
7553168280,5767049948,1,1,0.0217058714479208
7556282888,6153121801,1,1,0.047974973917007446
7556723356,6425881183,1,1,0.06827612966299057
7557534941,3217035437,1,1,0.04800791293382645
7559591031,5574911608,1,1,0.063500314950943
7560055382,6441657735,1,1,0.013794466853141785
7560146358,6580670764,1,1,0.020990127697587013
7562155141,2318910945,1,1,0.021334195509552956
7562155141,5070705161,1,1,0.01384028047323227
7562766057,6272876985,1,1,0.04397807642817497
7564299435,6425881183,1,1,0.06393873691558838
7564369284,5955730111,1,1,0.046328235417604446
7565448191,7341744407,1,1,0.04746676981449127
7565713094,5070705161,1,1,0.02600521221756935
7566055835,1811903663,1,1,0.09152338653802872
7566197496,2217048775,1,1,0.04988371580839157
7568910607,1797539504,1,1,0.04628453776240349
7569400999,2136848625,1,1,0.013703295029699802
7570263625,3217035437,1,1,0.04735267162322998
7570811435,7341744407,1,1,0.029540132731199265
7571662162,6153121801,1,1,0.05608054995536804
7574285927,7188930130,1,1,0.1117006242275238
7575201020,6113513458,1,1,0.030171586200594902
7576330878,6243146585,1,1,0.047217659652233124
7579178877,1811903663,1,1,0.046523284167051315
7586793355,7767144248,1,1,0.0511615015566349
7591441737,6788591973,1,1,0.05363692715764046
7592894454,6153121801,1,1,0.04751995950937271
7594899876,7767144248,1,1,0.049363721162080765
7597207883,7760290512,1,1,0.047262005507946014
7597265339,1811903663,1,1,0.014382809400558472
7597566311,1821525001,1,1,0.0622808001935482
7601735866,1554226303,1,1,0.04843808338046074
7602090486,7847210480,1,1,0.06191163882613182
7602167592,6558040566,1,1,0.04998396709561348
7604170498,1954778190,1,1,0.04907719045877457
7604206089,6304429250,1,1,0.08587808907032013
7604700213,7767144248,1,1,0.014156577177345753
7604764119,7757687460,1,1,0.09114545583724976
7605213617,5767049948,1,1,0.0473613366484642
7605271994,6001863056,1,1,0.016923611983656883
7605620715,5407978252,1,1,0.04694095999002457
7605665127,3317704373,1,1,0.09531165659427643
7606618082,5939204645,1,1,0.07526392489671707
7609612347,6304429250,1,1,0.049899570643901825
7609939042,6304429250,1,1,0.048409201204776764
7609939042,7757687460,1,1,0.012576867826282978
7610027482,6523666955,1,1,0.04705345258116722
7611291619,7240026510,1,1,0.020033646374940872
7611371717,6441657735,1,1,0.05271957069635391
7611980071,3217035437,1,1,0.047904033213853836
7613018742,2705589884,1,1,0.05002547428011894
7613200721,6580670764,1,1,0.0490105077624321
7614645925,6502204514,1,1,0.030171586200594902
7615393551,6618737705,1,1,0.04594827815890312
7616728356,5070705161,1,1,0.04790607467293739
7619348846,2427613143,1,1,0.0485614538192749
7619348846,7767144248,1,1,0.02240186743438244
7621579590,2937990707,1,1,0.057103388011455536
7621922449,2560497310,1,1,0.0769505724310875
7627815840,1816029971,1,1,0.010038367472589016
7627945273,7240026510,1,1,0.04778780788183212
7627992009,6837278495,1,1,0.029167601838707924
7627992009,6839422251,1,1,0.05187130346894264
7630032876,6871895822,1,1,0.04805205389857292
7637017967,7160110296,1,1,0.05261062830686569
7637476482,5250260756,1,1,0.04853923246264458
7638735739,7188930130,1,1,0.048948075622320175
7638839607,2090591961,1,1,0.04970840364694595
7639183405,5531506227,1,1,0.0100855752825737
7641509132,6437735703,1,1,0.04941800236701965
7641917051,6871895822,1,1,0.04771411791443825
7642808608,3098510521,1,1,0.04747214913368225
7643156363,3317704373,1,1,0.04801446571946144
7644570410,6441657735,1,1,0.06185351684689522
7644647344,1850017837,1,1,0.05864788964390755
7644965866,7380722614,1,1,0.07634024322032928
7644983894,6153121801,1,1,0.0567183643579483
7644983894,7760290512,1,1,0.05413670465350151
7647042605,2891416631,1,1,0.016865361481904984
7647290948,5428423860,1,1,0.0500694140791893
7648305690,1875293522,1,1,0.10246870666742325
7650789195,5767049948,1,1,0.011176744475960732
7651901176,6232442780,1,1,0.04492846876382828
7653443152,6441657735,1,1,0.04975919798016548
7654625786,1791873284,1,1,0.04771645367145538
7656239787,3671879202,1,1,0.04946807771921158
7658407000,9165329829,1,1,0.04829337075352669
7658908040,6437735703,1,1,0.05619525909423828
7659191261,5428423860,1,1,0.047554753720760345
7659276816,6871895822,1,1,0.06268994510173798
7669400970,1645599505,1,1,0.04749494045972824
7669791808,7757687460,1,1,0.02716052532196045
7669799374,1645599505,1,1,0.052227653563022614
7671843793,1811903663,1,1,0.01005785632878542
7672433302,6580670764,1,1,0.04761309549212456
7672979339,3541413702,1,1,0.050615645945072174
7676807903,6580670764,1,1,0.046700917184352875
7679863731,6442235149,1,1,0.07837273180484772
7685423446,2201915244,1,1,0.04884982109069824
7685423446,5926318749,1,1,0.04744797199964523
7686052762,7612876955,1,1,0.049402300268411636
7689789831,7804300115,1,1,0.04985442012548447
7695075759,7757687460,1,1,0.046725139021873474
7701951239,6871895822,1,1,0.10167553275823593
7703060479,7765668071,1,1,0.047867342829704285
7706445442,9165329829,1,1,0.04749494045972824
7707911560,6502204514,1,1,0.029497331008315086
7714701957,7760290512,1,1,0.1762077957391739
7714737214,7506746741,1,1,0.044642362743616104
7716052904,5987057408,1,1,0.05854535102844238
7717099613,2560497310,1,1,0.14244723320007324
7717611466,5789387121,1,1,0.04906941577792168
7717714493,7461276382,1,1,0.01582375355064869
7718451038,5428423860,1,1,0.05726398900151253
7718744326,7467277921,1,1,0.04946402087807655
7719094299,3412668714,1,1,0.0111002828925848
7719325369,3973292213,1,1,0.04860549420118332
7719592475,3541413702,1,1,0.04829251766204834
7720465494,5955730111,1,1,0.04722790792584419
7721400511,1821525001,1,1,0.015229296870529652
7722624276,1954778190,1,1,0.01012739259749651
7723389990,5543176559,1,1,0.046108685433864594
7723418861,1821525001,1,1,0.04679013043642044
7723670421,2008062861,1,1,0.02000715769827366
7724532733,6243146585,1,1,0.017720792442560196
7724580488,2560497310,1,1,0.04736843705177307
7726183833,5767049948,1,1,0.014639519155025482
7726449004,5033845034,1,1,0.049512699246406555
7727401235,1554226303,1,1,0.048391129821538925
7727446595,3829981184,1,1,0.0200957078486681
7727702368,5020552519,1,1,0.01775519549846649
7727796801,3829981184,1,1,0.04640800878405571
7727940188,2201915244,1,1,0.02546663209795952
7728744773,1797539504,1,1,0.06218545511364937
7728935639,2909406375,1,1,0.0111002828925848
7729145237,7804300115,1,1,0.049584776163101196
7729943977,6871895822,1,1,0.012576867826282978
7730106133,3051163592,1,1,0.06408465653657913
7730715967,7341744407,1,1,0.04694317281246185
7730973077,2002400427,1,1,0.055488891899585724
7732028676,5428423860,1,1,0.011155088432133198
7732586853,5926318749,1,1,0.04926925152540207
7733292301,6272876985,1,1,0.06974668055772781
7734202393,6788591973,1,1,0.021552160382270813
7734792730,7200019989,1,1,0.013775497674942017
7735029500,6523666955,1,1,0.04875269904732704
7736104044,3217035437,1,1,0.0488542839884758
7736450307,6871895822,1,1,0.047730859369039536
7737098108,7844581127,1,1,0.04717160761356354
7737391119,2090591961,1,1,0.047437429428100586
7737848304,7200019989,1,1,0.020071156322956085
7738168802,3292333231,1,1,0.01284065842628479
7738507510,5767049948,1,1,0.023429540917277336
7738612889,2219969573,1,1,0.05757364630699158
7738727481,7804300115,1,1,0.014494623057544231
7738856131,1954778190,1,1,0.05757364630699158
7741064621,5250260756,1,1,0.050106942653656006
7741165443,1811903663,1,1,0.05253134295344353
7741538065,7380722614,1,1,0.04712671414017677
7741602423,6580670764,1,1,0.02425369992852211
7741950618,7804300115,1,1,0.048514097929000854
7742062007,5543176559,1,1,0.04550258442759514
7742345529,6113513458,1,1,0.05623658001422882
7742613057,7866135934,1,1,0.058536067605018616
7743824173,7767144248,1,1,0.01646319217979908
7744110829,5365378896,1,1,0.050076305866241455
7744334254,5543176559,1,1,0.010096346028149128
7745490704,5939204645,1,1,0.057207588106393814
7749692802,6441657735,1,1,0.047063808888196945
7750231581,5939204645,1,1,0.047814395278692245
7750822619,6788591973,1,1,0.05032438039779663
7751062251,5250260756,1,1,0.04528658837080002
7751062251,7866135934,1,1,0.016923611983656883
7751145529,6001863056,1,1,0.05323991924524307
7751914351,3217035437,1,1,0.04604361578822136
7752084441,6001863056,1,1,0.04884045198559761
7755003616,6304429250,1,1,0.01691754348576069
7755003616,7757687460,1,1,0.024795034900307655
7755686582,2560497310,1,1,0.012576867826282978
7758197878,3082731712,1,1,0.010100950486958027
7763320155,7765668071,1,1,0.049584776163101196
7764213265,2560497310,1,1,0.0493880994617939
7766655540,6580670764,1,1,0.01775519549846649
7767385685,6001863056,1,1,0.014665628783404827
7767499922,6420654776,1,1,0.017720792442560196
7767545174,1041705884,1,1,0.05159520357847214
7767667462,5428423860,1,1,0.01775519549846649
7769380101,5600540896,1,1,0.04696635901927948
7769809125,7912058860,1,1,0.017720792442560196
7769939434,6425881183,1,1,0.014181609265506268
7770085370,1954778190,1,1,0.017087943851947784
7770581910,7912058860,1,1,0.03355651721358299
7770912267,1816029971,1,1,0.010261693969368935
7771791323,7760290512,1,1,0.048336129635572433
7771894978,7912058860,1,1,0.01407749392092228
7772234669,3847642518,1,1,0.04941800236701965
7772730684,6420654776,1,1,0.030235962942242622
7772993098,7847210480,1,1,0.04846395179629326
7773662743,5250260756,1,1,0.022218426689505577
7773908510,5428423860,1,1,0.017086658626794815
7774085998,1954778190,1,1,0.046328235417604446
7774305052,2705589884,1,1,0.01005785632878542
7774793467,7200019989,1,1,0.015255080536007881
7774793475,2201915244,1,1,0.047231949865818024
7776999090,7200019989,1,1,0.04737592115998268
7777370516,6232442780,1,1,0.050009578466415405
7777967691,7200019989,1,1,0.017662132158875465
7778128762,6441657735,1,1,0.0095673818141222
7778268796,7200019989,1,1,0.049698323011398315
7778713060,3217742437,1,1,0.05300168693065643
7779012489,2201915244,1,1,0.047498516738414764
7779012489,3317704373,1,1,0.08929998427629471
7779012489,5428423860,1,1,0.0174273531883955
7780144098,3051163592,1,1,0.04966499283909798
7780632274,3217742437,1,1,0.02162110060453415
7782265347,6871895822,1,1,0.07402653992176056
7783386411,5767049948,1,1,0.05000573769211769
7783499664,7240026510,1,1,0.01577329821884632
7783602000,7866135934,1,1,0.04928603023290634
7784727920,6420654776,1,1,0.013947243802249432
7785117806,1821525001,1,1,0.017720792442560196
7785950738,5428423860,1,1,0.04628565162420273
7787155246,2002400427,1,1,0.02769245207309723
7788136287,1195908387,1,1,0.047035101801157
7789121166,5955730111,1,1,0.012636014260351658
7789254073,1954778190,1,1,0.04898446425795555
7790597131,7200019989,1,1,0.026852009817957878
7790733876,5428423860,1,1,0.020372040569782257
7790816087,9165329829,1,1,0.07634024322032928
7791062454,5531506227,1,1,0.01564687117934227
7792389854,3051163592,1,1,0.12178508937358856
7792559500,7893929649,1,1,0.012822999618947506
7792900078,7200019989,1,1,0.04909443482756615
7793450004,1041705884,1,1,0.04732024297118187
7793474523,7866135934,1,1,0.01270745787769556
7794629486,1719397245,1,1,0.04861166700720787
7795079347,9165329829,1,1,0.050894852727651596
7796705641,2201915244,1,1,0.01389407180249691
7797097314,9165329829,1,1,0.02125590853393078
7797581524,7767144248,1,1,0.05358124524354935
7798119309,7200019989,1,1,0.015166960656642914
7798324571,5070705161,1,1,0.021379414945840836
7798731230,5789387121,1,1,0.030171586200594902
7798744320,7160110296,1,1,0.05735938623547554
7799217119,5250260756,1,1,0.022556431591510773
7799409469,1645599505,1,1,0.04837586358189583
7800766830,7847210480,1,1,0.047130487859249115
7800835571,6153121801,1,1,0.061659228056669235
7801495762,3541413702,1,1,0.04673866182565689
7801710188,2201915244,1,1,0.01691754348576069
7801996463,2217066377,1,1,0.07192821055650711
7801996463,5250260756,1,1,0.04766136407852173
7802091155,1850017837,1,1,0.017138607800006866
7802915944,7240026510,1,1,0.019805168733000755
7803564732,5250260756,1,1,0.04758278280496597
7804152685,6437735703,1,1,0.020467214286327362
7804464590,1791873284,1,1,0.06415282189846039
7804957617,7767144248,1,1,0.07255576550960541
7805336245,6788591973,1,1,0.07273909449577332
7806205931,7946457588,1,1,0.0653432086110115
7806293863,2002400427,1,1,0.03365181013941765
7807075716,7866135934,1,1,0.1799362748861313
7807133999,3317704373,1,1,0.017186369746923447
7807173762,3829981184,1,1,0.048336129635572433
7808484457,7866135934,1,1,0.048247236758470535
7810066172,7757687460,1,1,0.012576867826282978
7810696266,7506746741,1,1,0.011168506927788258
7811505560,5987057408,1,1,0.050873205065727234
7811526515,6523666955,1,1,0.048785027116537094
7812064042,6420654776,1,1,0.015593410469591618
7812225072,6554603444,1,1,0.015209085308015347
7812229281,3051163592,1,1,0.010029616765677929
7813287038,1816029971,1,1,0.053776323795318604
7813423521,2090591961,1,1,0.0140968794003129
7813943405,3051163592,1,1,0.01564687117934227
7814095387,6153121801,1,1,0.01775519549846649
7814377206,1811903663,1,1,0.0531340092420578
7815030583,1811903663,1,1,0.04404383525252342
7815030583,2705589884,1,1,0.010193472728133202
7815030583,3829981184,1,1,0.048418816179037094
7815030583,5767049948,1,1,0.047288283705711365
7815054139,5033845034,1,1,0.04815153032541275
7815357647,6420654776,1,1,0.01679197885096073
7815645651,3051163592,1,1,0.03297531232237816
7815891292,3051163592,1,1,0.015530997887253761
7816323362,5250260756,1,1,0.010321054607629776
7816637580,7804300115,1,1,0.05649348348379135
7816693889,7461276382,1,1,0.04891204461455345
7817544742,6871895822,1,1,0.07048926502466202
7817988795,2201915244,1,1,0.011204088106751442
7818362155,2002400427,1,1,0.04758278280496597
7818792239,5428423860,1,1,0.06935969740152359
7819234629,1791873284,1,1,0.04758278280496597
7819552191,3217742437,1,1,0.01577329821884632
7819586879,2201915244,1,1,0.020003151148557663
7820549323,7200019989,1,1,0.05235807225108147
7820971236,1316949123,1,1,0.015173173509538174
7821067086,1791873284,1,1,0.046470459550619125
7821254691,5428423860,1,1,0.07634024322032928
7821629567,3051163592,1,1,0.03602045029401779
7823928257,2560497310,1,1,0.010408150032162666
7824255601,7160110296,1,1,0.0176917165517807
7824702171,2201915244,1,1,0.04683610796928406
7824702171,3317704373,1,1,0.04686267673969269
7824782570,2002400427,1,1,0.017299169674515724
7824782570,5428423860,1,1,0.015166960656642914
7824884720,3829981184,1,1,0.016923611983656883
7824908005,3292333231,1,1,0.04627041891217232
7825199999,6124100893,1,1,0.020894935354590416
7825263438,7804300115,1,1,0.017814161255955696
7825290669,3051163592,1,1,0.05327601730823517
7825501598,6839422251,1,1,0.014171156100928783
7826761169,3051163592,1,1,0.05381540581583977
7826806862,2201915244,1,1,0.04901864752173424
7827777701,2090591961,1,1,0.04886269196867943
7829834110,5531506227,1,1,0.029384272173047066
7830075259,2002400427,1,1,0.01392645575106144
7830075259,5926318749,1,1,0.05391853302717209
7830794214,3541413702,1,1,0.05300168693065643
7831167755,3317704373,1,1,0.04730208218097687
7831167755,5428423860,1,1,0.06817081570625305
7831167755,6420654776,1,1,0.013872460462152958
7831835147,7341744407,1,1,0.045647114515304565
7833386318,2909406375,1,1,0.015105613507330418
7833775310,6420654776,1,1,0.012607636861503124
7833972606,2002400427,1,1,0.04743005707859993
7834446752,1816029971,1,1,0.08672706037759781
7834506888,5939204645,1,1,0.01775519549846649
7835311407,6788591973,1,1,0.014639519155025482
7835900478,7200019989,1,1,0.017720792442560196
7835933857,7734889891,1,1,0.015126414597034454
7836775805,3217742437,1,1,0.047118425369262695
7837603894,7946457588,1,1,0.015495866537094116
7841417954,7467277921,1,1,0.021891828626394272
7842381926,7844581127,1,1,0.011146865785121918
7842790795,1297975973,1,1,0.05023336783051491
7843624981,3217035437,1,1,0.052663885056972504
7844620575,7946457588,1,1,0.04924101009964943
7844852461,5531506227,1,1,0.04818107932806015
7846001086,7380722614,1,1,0.047073543071746826
7846057467,6113513458,1,1,0.04804665222764015
7846557262,7767144248,1,1,0.04821237921714783
7847010732,6304429250,1,1,0.0100855752825737
7847294508,2002400427,1,1,0.01775519549846649
7847350654,5250260756,1,1,0.04528658837080002
7847388571,2560497310,1,1,0.047269485890865326
7847830043,6837278495,1,1,0.011142226867377758
7847845245,7200019989,1,1,0.04688606038689613
7848507298,3217035437,1,1,0.024840395897626877
7848985507,7200019989,1,1,0.05505383759737015
7849295202,2002400427,1,1,0.02379491552710533
7849878366,1850017837,1,1,0.010045772418379784
7850599876,7850599876,1,1,0.015116755850613117
7851087423,2201915244,1,1,0.010038367472589016
7852255647,6153121801,1,1,0.047498516738414764
7852370214,7804300115,1,1,0.010335098952054977
7852737448,6304429250,1,1,0.05257078632712364
7852737448,7757687460,1,1,0.10390357673168182
7852767785,7380722614,1,1,0.051898594945669174
7853203670,5730240854,1,1,0.01014352310448885
7853226804,6441657735,1,1,0.021682094782590866
7853379217,5955730111,1,1,0.015092444606125355
7853488940,6437735703,1,1,0.015161585062742233
7854244030,5428423860,1,1,0.047606874257326126
7854421815,7200019989,1,1,0.053528159856796265
7854650407,7912058860,1,1,0.04909190535545349
7857884216,7912058860,1,1,0.39298972487449646
7859581415,7804300115,1,1,0.0809023529291153
7860798646,6442235149,1,1,0.018611693754792213
7861852871,6153121801,1,1,0.10920656472444534
7861852871,6483039487,1,1,0.029167601838707924
7861852871,6788591973,1,1,0.015196406282484531
7862827084,5428423860,1,1,0.07300108671188354
7863209794,2002400427,1,1,0.05309595540165901
7863746497,5428423860,1,1,0.023717546835541725
7863840147,3051163592,1,1,0.054696835577487946
7865913205,5428423860,1,1,0.01782730221748352
7865913205,5926318749,1,1,0.011194014921784401
7865913205,7625326364,1,1,0.04820578172802925
7866218490,1917488115,1,1,0.05735938623547554
7867663616,5428423860,1,1,0.01262794528156519
7867843977,7866135934,1,1,0.04717160761356354
7868242827,2002400427,1,1,0.015431134030222893
7869507227,2002400427,1,1,0.010254690423607826
7869773741,3671879202,1,1,0.04839147999882698
7871939741,2219969573,1,1,0.04829449579119682
7872063766,6232442780,1,1,0.046691104769706726
7872974655,2318910945,1,1,0.04722867161035538
7874031656,1497609517,1,1,0.05435540899634361
7874031656,2201915244,1,1,0.054584722965955734
7874031656,7625326364,1,1,0.01423892006278038
7874178336,5767049948,1,1,0.017720792442560196
7876468820,2002400427,1,1,0.06875138729810715
7878331509,6554603444,1,1,0.13890601694583893
7878990442,3671879202,1,1,0.07020305842161179
7878990442,7866135934,1,1,0.08263497799634933
7879228080,6065301364,1,1,0.023616503924131393
7880047681,7200019989,1,1,0.06832782179117203
7881413313,7804300115,1,1,0.06756722182035446
7881969035,7188930130,1,1,0.05209798738360405
7882327464,3829981184,1,1,0.06367157399654388
7882699175,5250260756,1,1,0.015105613507330418
7882856101,6441657735,1,1,0.07015176117420197
7885630436,2002400427,1,1,0.030268099159002304
7885630436,5428423860,1,1,0.04878310486674309
7886591297,7912058860,1,1,0.049419596791267395
7887184487,3847642518,1,1,0.04831016808748245
7889657196,7240026510,1,1,0.026931168511509895
7890587550,7506746741,1,1,0.06296391040086746
7890630936,1811903663,1,1,0.048151757568120956
7892055557,7160110296,1,1,0.011118163354694843
7892055557,7767144248,1,1,0.07236185669898987
7892259223,7200019989,1,1,0.0691724494099617
7892270010,1195908387,1,1,0.017838694155216217
7892270010,1737850362,1,1,0.014570994302630424
7892270010,3292333231,1,1,0.014655153267085552
7892270010,6001863056,1,1,0.04810208082199097
7892270010,7200019989,1,1,0.046721313148736954
7892270010,7240026510,1,1,0.010271468199789524
7892270010,7380722614,1,1,0.04243766516447067
7892731622,6232442780,1,1,0.07645897567272186
7893248056,5574911608,1,1,0.049419596791267395
7895072695,2002400427,1,1,0.029094193130731583
7895183286,6124100893,1,1,0.013895682990550995
7895244027,3317704373,1,1,0.048603564500808716
7895530036,7240026510,1,1,0.053158823400735855
7895548935,7765668071,1,1,0.13231079280376434
7895827986,5311962099,1,1,0.013037366792559624
7896196352,1297975973,1,1,0.05468812212347984
7896259199,5987057408,1,1,0.014279884286224842
7896572942,7912058860,1,1,0.04644913226366043
7896681550,7804300115,1,1,0.04758278280496597
7897451713,6554603444,1,1,0.046730224043130875
7898522948,6124100893,1,1,0.014713658019900322
7900188404,7200019989,1,1,0.015463782474398613
7900317565,3217035437,1,1,0.017210625112056732
7903070195,3217035437,1,1,0.04721451178193092
7904076213,5070705161,1,1,0.047309115529060364
7904157810,5939204645,1,1,0.024795034900307655
7905358076,5428423860,1,1,0.048310160636901855
7905358076,7850599876,1,1,0.04744310677051544
7905479162,2427613143,1,1,0.024814357981085777
7906100183,7765668071,1,1,0.047812413424253464
7906293672,5767049948,1,1,0.049512699246406555
7906440060,3217742437,1,1,0.061641402542591095
7906460339,5070705161,1,1,0.06823036074638367
7906518013,6442235149,1,1,0.019404280930757523
7906568195,2217066377,1,1,0.01606818102300167
7906568195,5250260756,1,1,0.11034347116947174
7906568195,7506746741,1,1,0.158799409866333
7906568195,7767144248,1,1,0.08964524418115616
7907162073,6304429250,1,1,0.08268880844116211
7908520066,3051163592,1,1,0.23703435063362122
7908645686,6276227682,1,1,0.06797543168067932
7908794522,3217035437,1,1,0.022565534338355064
7909217740,2002400427,1,1,0.055290911346673965
7909217740,2201915244,1,1,0.04862211272120476
7909658831,5730240854,1,1,0.07407944649457932
7909945586,3051163592,1,1,0.014710530638694763
7910721592,7847210480,1,1,0.04628565162420273
7911174792,1917488115,1,1,0.0489221028983593
7912750208,3973292213,1,1,0.04893817380070686
7913037429,3082731712,1,1,0.04785572364926338
7913322273,6437735703,1,1,0.04687945544719696
7913575151,6871895822,1,1,0.04804665222764015
7913829809,3829981184,1,1,0.06947474181652069
7913829809,5987057408,1,1,0.014382809400558472
7914407845,1816029971,1,1,0.049597591161727905
7914407845,3217035437,1,1,0.08414731919765472
7914407845,3541413702,1,1,0.05173252522945404
7914407845,5407978252,1,1,0.022486457601189613
7914407845,5574911608,1,1,0.021831795573234558
7914407845,5600540896,1,1,0.05224987491965294
7914407845,6101852007,1,1,0.08191017806529999
7914407845,6425881183,1,1,0.04740767180919647
7914407845,7200019989,1,1,0.05445623770356178
7914638137,7760290512,1,1,0.020406672731041908
7914689550,1041705884,1,1,0.01108844019472599
7915013151,6554603444,1,1,0.010045772418379784
7915093325,3217035437,1,1,0.04649229720234871
7915359173,5070705161,1,1,0.051416099071502686
7915373397,1875293522,1,1,0.011165453121066093
7915381295,7844581127,1,1,0.0566360279917717
7915423668,7757687460,1,1,0.024304913356900215
7915842643,5926318749,1,1,0.04658988118171692
7916253928,5955730111,1,1,0.047368697822093964
7918696385,6124100893,1,1,0.047309115529060364
7920053298,3217035437,1,1,0.04833519831299782
7920289808,7844581127,1,1,0.016803720965981483
7922325696,7893929649,1,1,0.02935120463371277
7922906411,3098510521,1,1,0.04848860949277878
7922906411,6153121801,1,1,0.04743005707859993
7925195204,7866135934,1,1,0.010136652737855911
7925730795,1791873284,1,1,0.02147284708917141
7926300711,3541413702,1,1,0.05204936861991882
7927179538,3051163592,1,1,0.02126561850309372
7928787146,7760290512,1,1,0.047498516738414764
7930609215,6788591973,1,1,0.0547354519367218
7931321650,7804300115,1,1,0.017720792442560196
7931539308,5428423860,1,1,0.014494623057544231
7931953389,7912058860,1,1,0.09484594315290451
7932264578,1188472987,1,1,0.07489617168903351
7932749382,7804300115,1,1,0.07634024322032928
7933746790,3829981184,1,1,0.04740435630083084
7935855460,5767049948,1,1,0.011073192581534386
7936259415,5939204645,1,1,0.047498516738414764
7937414418,5939204645,1,1,0.01775519549846649
7938031410,3051163592,1,1,0.047883279621601105
7938153385,5730240854,1,1,0.07447586953639984
7938478031,6420654776,1,1,0.05081886053085327
7939026041,5767049948,1,1,0.014570994302630424
7939105995,5311962099,1,1,0.059452638030052185
7939240955,2560497310,1,1,0.05300168693065643
7940348893,5428423860,1,1,0.04656924679875374
7940856753,7866135934,1,1,0.048440009355545044
7940862064,6871895822,1,1,0.04901161044836044
7941764984,7866135934,1,1,0.04856470599770546
7943175380,3051163592,1,1,0.057207588106393814
7944308176,5987057408,1,1,0.046725139021873474
7944320083,7200019989,1,1,0.046721313148736954
7944772648,3217035437,1,1,0.05253380909562111
7945281358,6837278495,1,1,0.04915812611579895
7945281358,6839422251,1,1,0.020953025668859482
7947146412,3541413702,1,1,0.04627041891217232
7948030979,5070705161,1,1,0.04775146767497063
7948080664,7804300115,1,1,0.024966226890683174
7948624675,3051163592,1,1,0.10418161004781723
7948853157,7200019989,1,1,0.06288771331310272
7949859251,6523666955,1,1,0.04798901826143265
7951235674,6554603444,1,1,0.014749649912118912
7952324380,7760290512,1,1,0.09181517362594604
7952618862,3217035437,1,1,0.039410483092069626
7953002575,5600540896,1,1,0.04830620810389519
7953611459,5531506227,1,1,0.047028254717588425
7957029968,6483039487,1,1,0.05057073384523392
7957866698,3292333231,1,1,0.017720792442560196
7960211604,7188930130,1,1,0.013942043296992779
7962008506,7188930130,1,1,0.013809198513627052
7963497777,5600540896,1,1,0.048074983060359955
7963523625,1821525001,1,1,0.017720792442560196
7964554298,5939204645,1,1,0.05370352789759636
7964611847,6232442780,1,1,0.06305709481239319
7965175957,6523666955,1,1,0.05816389247775078
7965573505,6153121801,1,1,0.016923611983656883
7965764873,5939204645,1,1,0.12670855224132538
7965854567,6441657735,1,1,0.19017820060253143
7965947517,7847210480,1,1,0.12631021440029144
7966149778,7612876955,1,1,0.11823742836713791
7967677478,2705589884,1,1,0.0655706524848938
7967988243,6437735703,1,1,0.07304881513118744
7970393351,3217035437,1,1,0.01691754348576069
7970393351,7893929649,1,1,0.06980501860380173
7971958423,7850599876,1,1,0.01775519549846649
7973075649,7188930130,1,1,0.01115113403648138
7973978938,6425881183,1,1,0.08555395901203156
7975541622,1188472987,1,1,0.04819498583674431
7976694326,7200019989,1,1,0.015443680807948112
7977411762,7767144248,1,1,0.19768835604190826
7977429821,7767144248,1,1,0.05271957069635391
7978072415,6523666955,1,1,0.052931398153305054
7979352492,7200019989,1,1,0.13043636083602905
7980287799,7946457588,1,1,0.013775497674942017
7980859588,5574911608,1,1,0.015470094047486782
7982287956,5600540896,1,1,0.01724577695131302
7983739813,1816029971,1,1,0.033866461366415024
7984486935,3905581452,1,1,0.06980501860380173
7984486935,5020552519,1,1,0.024795034900307655
7984486935,6558040566,1,1,0.0482214018702507
7984486935,6837278495,1,1,0.015250268392264843
7984486935,7188930130,1,1,0.017048286274075508
7984486935,7946457588,1,1,0.01521468535065651
7986897540,6420654776,1,1,0.019605791196227074
7987612947,6554603444,1,1,0.04851331189274788
7988462291,7200019989,1,1,0.04943490028381348
7988884369,7804300115,1,1,0.017125973477959633
7988960538,7893929649,1,1,0.04789527505636215
7989280493,3778125742,1,1,0.02126561850309372
7992942724,2002400427,1,1,0.05566031113266945
7992942724,5033845034,1,1,0.0522904247045517
7994184733,5531506227,1,1,0.04852399602532387
7995635576,7461276382,1,1,0.01775519549846649
7998360675,5972505998,1,1,0.017030099406838417
7998566614,7767144248,1,1,0.04627041891217232
7999272254,2002400427,1,1,0.05007674917578697
7999272254,2201915244,1,1,0.017720792442560196
7999272254,3317704373,1,1,0.017720792442560196
8002812036,6554603444,1,1,0.047629501670598984
8003183213,7847210480,1,1,0.01117139495909214
8004116279,7160110296,1,1,0.06625083088874817
8004481588,2002400427,1,1,0.01775519549846649
8006203602,6420654776,1,1,0.01775519549846649
8006593040,2002400427,1,1,0.01027754321694374
8006665000,6788591973,1,1,0.10104247182607651
8007250332,6523666955,1,1,0.01775519549846649
8007284230,1041705884,1,1,0.05816389247775078
8008306259,1816029971,1,1,0.015026438981294632
8009339655,6276227682,1,1,0.0620558001101017
8010796220,7866135934,1,1,0.04778163135051727
8011095985,5226302309,1,1,0.010075563564896584
8013707464,6232442780,1,1,0.09323164075613022
8013853792,7757687460,1,1,0.06202033907175064
8016891260,7200019989,1,1,0.05847357213497162
8017253179,6420654776,1,1,0.03873399272561073
8017407131,5939204645,1,1,0.05302061885595322
8211149352,6560668913,1,1,0.047674622386693954
8213128757,7200019989,1,1,0.024966226890683174
8213815243,7200019989,1,1,0.04712827876210213
8219263300,1554226303,1,1,0.0224241204559803
8233626356,7804300115,1,1,0.01137467660009861
8252443551,1497609517,1,1,0.02588069997727871
8261099715,7200019989,1,1,0.049582935869693756
8262473487,7200019989,1,1,0.05336633324623108
8267337794,5428423860,1,1,0.014428157359361649
8267337794,7625326364,1,1,0.06980501860380173
8269075140,7200019989,1,1,0.04785054549574852
8280338974,5600540896,1,1,0.021552160382270813
8298591498,2002400427,1,1,0.058845795691013336
8302069509,5600540896,1,1,0.02026674523949623
8319102561,5939204645,1,1,0.01775519549846649
8345920168,5428423860,1,1,0.01262794528156519
8358913160,6558040566,1,1,0.07691992819309235
8403513439,5574911608,1,1,0.017838694155216217
8409177419,3829981184,1,1,0.010062926448881626
8419886976,7850599876,1,1,0.048015691339969635
8427289383,6232442780,1,1,0.054121870547533035
8435641726,6483039487,1,1,0.020640522241592407
8437483884,7847210480,1,1,0.011187681928277016
8438330290,6243146585,1,1,0.01503940299153328
8444197508,6788591973,1,1,0.01497514359652996
8444197508,7804300115,1,1,0.04717160761356354
8451024598,7847210480,1,1,0.047561679035425186
8455663383,3098510521,1,1,0.01775519549846649
8456897026,6065301364,1,1,0.05873069167137146
8475766446,2201915244,1,1,0.01775519549846649
8494715494,6554603444,1,1,0.01775519549846649
9009667598,7912058860,1,1,0.024555742740631104
9013172400,7866135934,1,1,0.020127777010202408
9027526143,6113513458,1,1,0.07985170185565948
9027724651,6788591973,1,1,0.02308513969182968
9049242664,7200019989,1,1,0.05153234302997589
9053155446,5250260756,1,1,0.02017856203019619
9056202508,2427613143,1,1,0.009908721782267094
9056913384,7200019989,1,1,0.1000950038433075
9099134840,5428423860,1,1,0.04216420650482178
9099502556,5543176559,1,1,0.014402980916202068
9099989043,6065301364,1,1,1.0
9116086826,6788591973,1,1,1.0
9116086826,7804300115,1,1,1.0
9120401139,2002400427,1,1,1.0
9120401139,2201915244,1,1,1.0
9122966976,6441657735,1,1,1.0
9123384953,2909406375,1,1,0.025417698547244072
9124384123,7200019989,1,1,1.0
9127451917,5600540896,1,1,1.0
9145502462,7200019989,1,1,1.0
9147107087,7200019989,1,1,1.0
9165329829,9165329829,1,1,1.0
9169924166,7847210480,1,1,1.0
9174272116,6788591973,1,1,1.0
9176144845,2427613143,1,1,1.0
9178591817,6153121801,1,1,1.0
9178591817,7506746741,1,1,1.0
9181376714,6788591973,1,1,1.0
9181926640,5428423860,1,1,1.0
9185841187,7625326364,1,1,1.0
9185841187,7850599876,1,1,1.0
9188458262,2201915244,1,1,1.0
77016152,5407978252,1,2,0.08987926691770554
250831971,2002400427,1,2,0.014338373206555843
1008219412,1306484861,1,2,0.02491527423262596
1009728383,5531506227,1,2,0.049240995198488235
1020217901,1306484861,1,2,0.02483958937227726
1035487817,7866135934,1,2,0.020616400986909866
1041705884,1041705884,1,2,0.012243155390024185
1050630677,7767144248,1,2,0.015892701223492622
1060462954,6420654776,1,2,0.04623712599277496
1076663271,7765668071,1,2,0.04596820846199989
1079442750,7160110296,1,2,0.009019392542541027
1082972395,7804300115,1,2,0.04748428612947464
1084377574,1647256370,1,2,0.016473161056637764
1087970883,6420654776,1,2,0.024332387372851372
1102009707,3082731712,1,2,0.04645450785756111
1102882352,3847642518,1,2,0.04412944242358208
1104186314,5955730111,1,2,0.04787244275212288
1105009104,3412668714,1,2,0.014542927965521812
1114182737,2201915244,1,2,0.04622429609298706
1136385381,7467277921,1,2,0.04151483625173569
1140574977,7760290512,1,2,0.0268893763422966
1144020075,3317704373,1,2,0.04398724064230919
1155096084,3778125742,1,2,0.01207843329757452
1157920844,3217742437,1,2,0.011318408884108067
1158316713,5250260756,1,2,0.04683750495314598
1159587683,7844581127,1,2,0.014070388861000538
1163831055,3217035437,1,2,0.04354361817240715
1164839511,3778125742,1,2,0.018891233950853348
1188472987,1188472987,1,2,0.03536215052008629
1190090017,2201915244,1,2,0.044172503054142
1190090017,3317704373,1,2,0.04564959928393364
1195589664,7240026510,1,2,0.04263797774910927
1204418163,1875293522,1,2,0.023997047916054726
1204547712,1850017837,1,2,0.045673470944166183
1215693853,3082731712,1,2,0.03975359722971916
1216009185,7467277921,1,2,0.028981653973460197
1220094840,2909406375,1,2,0.04387158155441284
1223507343,1297975973,1,2,0.08992766588926315
1224397412,7380722614,1,2,0.07416421175003052
1224415880,6837278495,1,2,0.059225112199783325
1224415880,6839422251,1,2,0.03192370757460594
1225514872,2136848625,1,2,0.04684386029839516
1225514872,5789387121,1,2,0.04776912182569504
1226232803,5543176559,1,2,0.016487454995512962
1247843004,2217048775,1,2,0.019795037806034088
1249909345,6420654776,1,2,0.01245934423059225
1253505270,2090591961,1,2,0.0472315177321434
1265389501,7767144248,1,2,0.019871141761541367
1266362847,3098510521,1,2,0.06883858889341354
1269335542,2090591961,1,2,0.014070388861000538
1273590234,2427613143,1,2,0.02484794892370701
1273802294,3217035437,1,2,0.04752311483025551
1275821037,1306484861,1,2,0.010570858605206013
1276901957,2217048775,1,2,0.057030946016311646
1279546101,3217035437,1,2,0.043580781668424606
1289060530,1719397245,1,2,0.019835207611322403
1298177241,2018925253,1,2,0.047194045037031174
1301677522,2090591961,1,2,0.008044552057981491
1306484861,1306484861,1,2,0.08969724178314209
1307484530,6618737705,1,2,0.03959906846284866
1334278383,3217742437,1,2,0.044455621391534805
1340403461,5407978252,1,2,0.014070388861000538
1342162192,6272876985,1,2,0.00796394981443882
1349210304,5311962099,1,2,0.06873544305562973
1352201130,3217035437,1,2,0.046031925827264786
1354456794,3217742437,1,2,0.047413431107997894
1367884197,2427613143,1,2,0.04499175772070885
1370466901,7467277921,1,2,0.024067658931016922
1381089144,1647256370,1,2,0.04350224509835243
1393613294,5311962099,1,2,0.06384089589118958
1396285351,3082731712,1,2,0.04632703214883804
1398212520,7380722614,1,2,0.024875756353139877
1400667804,1497609517,1,2,0.012379917316138744
1411404647,1647256370,1,2,0.06309082359075546
1413781974,1306484861,1,2,0.01985391415655613
1419770800,7767144248,1,2,0.04382895678281784
1421178721,1497609517,1,2,0.03917032480239868
1425187440,2090591961,1,2,0.019874077290296555
1428630687,7380722614,1,2,0.024189332500100136
1450000950,1821525001,1,2,0.014914440922439098
1483050955,2090591961,1,2,0.0464705154299736
1491464164,3082731712,1,2,0.04447859898209572
1493067267,3217742437,1,2,0.01676255278289318
1493067267,6560668913,1,2,0.040012259036302567
1557175617,3778125742,1,2,0.009071892127394676
1563292752,1816029971,1,2,0.01211598888039589
1565221364,2018925253,1,2,0.041502926498651505
1567038160,5428423860,1,2,0.014589235186576843
1567946024,3217742437,1,2,0.03985896334052086
1569465592,6483039487,1,2,0.014477450400590897
1571217812,3217742437,1,2,0.00923624075949192
1579318190,1554226303,1,2,0.00914701633155346
1580736222,3217035437,1,2,0.019851386547088623
1583856372,5428423860,1,2,0.016805490478873253
1588019775,5428423860,1,2,0.044118113815784454
1589731661,2090591961,1,2,0.02724778838455677
1592906625,1816029971,1,2,0.01975494809448719
1593148562,7240026510,1,2,0.115240678191185
1596126327,3317704373,1,2,0.01762644201517105
1596325883,2090591961,1,2,0.019117247313261032
1600908824,2891416631,1,2,0.024871382862329483
1600908824,5250260756,1,2,0.014251516200602055
1600908824,7767144248,1,2,0.05762175843119621
1601978401,1306484861,1,2,0.019858499988913536
1605293554,3217035437,1,2,0.046028487384319305
1609307762,2219969573,1,2,0.009419023059308529
1615724125,2090591961,1,2,0.010740552097558975
1616988417,3847642518,1,2,0.045844655483961105
1626205887,5250260756,1,2,0.041117358952760696
1627128191,7804300115,1,2,0.009614018723368645
1628704454,7467277921,1,2,0.02893294021487236
1636097451,6483039487,1,2,0.01834137551486492
1637804344,3217742437,1,2,0.029058681800961494
1638579377,1297975973,1,2,0.015911992639303207
1641587561,6788591973,1,2,0.04337601736187935
1644167225,1297975973,1,2,0.10643507540225983
1645026453,6153121801,1,2,0.01460876502096653
1651909015,1195908387,1,2,0.04729078337550163
1651911632,1275418863,1,2,0.019128121435642242
1657098895,2201915244,1,2,0.05196116492152214
1660689347,1645599505,1,2,0.014070388861000538
1663306463,2090591961,1,2,0.047698263078927994
1665074831,1797539504,1,2,0.011403411626815796
1668299217,3217035437,1,2,0.02488342486321926
1671739735,6001863056,1,2,0.04207151383161545
1674590241,5250260756,1,2,0.045820582658052444
1677256504,1306484861,1,2,0.042938560247421265
1680847394,7506746741,1,2,0.008232273161411285
1683529827,7765668071,1,2,0.05219321325421333
1683705650,1195908387,1,2,0.049623072147369385
1684577171,3217742437,1,2,0.02488342486321926
1685037187,1719397245,1,2,0.05626160651445389
1686096563,7946457588,1,2,0.06018894910812378
1691573063,1306484861,1,2,0.04641032591462135
1691995232,7380722614,1,2,0.04699910432100296
1691995232,7844581127,1,2,0.016796572133898735
1694760504,7467277921,1,2,0.036919865757226944
1696256335,6065301364,1,2,0.02485501579940319
1696707511,1816029971,1,2,0.02542310394346714
1697747120,5926318749,1,2,0.016826998442411423
1698194380,1306484861,1,2,0.05181884765625
1705189843,5789387121,1,2,0.016466379165649414
1705968887,1816029971,1,2,0.043513186275959015
1706497993,1797539504,1,2,0.04376291111111641
1712344213,6420654776,1,2,0.04387369006872177
1713066740,5070705161,1,2,0.06020848825573921
1713156365,2018925253,1,2,0.05108539015054703
1713849991,6425881183,1,2,0.04674336314201355
1714852885,1645599505,1,2,0.05183689668774605
1714852885,5939204645,1,2,0.011288406327366829
1722034007,3098510521,1,2,0.019161878153681755
1724962892,1797539504,1,2,0.04454752802848816
1725876043,5250260756,1,2,0.1656472235918045
1728534704,2090591961,1,2,0.029124237596988678
1728543651,7240026510,1,2,0.10092581063508987
1728860841,1737850362,1,2,0.23563195765018463
1728860841,2090591961,1,2,0.10200048238039017
1728860841,3778125742,1,2,0.11184078454971313
1728860841,5020552519,1,2,0.129667729139328
1728860841,5311962099,1,2,0.04469689354300499
1728860841,5531506227,1,2,0.05628492310643196
1728860841,6839422251,1,2,0.11391981691122055
1729321410,3778125742,1,2,0.024886829778552055
1729435613,1719397245,1,2,0.04211726039648056
1729573205,5972505998,1,2,0.03969710320234299
1730107171,1306484861,1,2,0.018990667536854744
1731008637,7506746741,1,2,0.041117358952760696
1731065970,2909406375,1,2,0.049231331795454025
1731086097,6153121801,1,2,0.008044552057981491
1732235607,6483039487,1,2,0.05320527404546738
1732592991,7760290512,1,2,0.0159864891320467
1734230522,3217742437,1,2,0.009071892127394676
1737002301,6483039487,1,2,0.04529273137450218
1737002301,7767144248,1,2,0.07533970475196838
1737070641,5428423860,1,2,0.012098768725991249
1737089831,2136848625,1,2,0.010679803788661957
1737765801,2891416631,1,2,0.042448580265045166
1737850362,1737850362,1,2,0.04307236894965172
1739848282,3217742437,1,2,0.016141390427947044
1740655094,3217742437,1,2,0.062212780117988586
1744032673,6243146585,1,2,0.01985391415655613
1744256094,1850017837,1,2,0.04529273137450218
1744365780,3217035437,1,2,0.019887998700141907
1744365780,5226302309,1,2,0.02850647270679474
1744830973,2090591961,1,2,0.024104785174131393
1745099012,2136848625,1,2,0.014692150987684727
1745304521,2090591961,1,2,0.024559274315834045
1748371714,1297975973,1,2,0.015934782102704048
1750189645,3082731712,1,2,0.010855390690267086
1751676312,5250260756,1,2,0.009096005000174046
1751676312,6153121801,1,2,0.014356724917888641
1751676312,7767144248,1,2,0.025433575734496117
1752419970,7804300115,1,2,0.024871382862329483
1756555421,5428423860,1,2,0.012475422583520412
1757730393,2002400427,1,2,0.04321596026420593
1758670473,5789387121,1,2,0.050959113985300064
1759355281,1306484861,1,2,0.039786141365766525
1760266180,7767144248,1,2,0.025449372828006744
1760328720,6276227682,1,2,0.016194656491279602
1761197200,1797539504,1,2,0.02403924986720085
1762198133,6272876985,1,2,0.04753734543919563
1762289434,5789387121,1,2,0.045963071286678314
1762610752,1816029971,1,2,0.014743302017450333
1764669723,1306484861,1,2,0.019835207611322403
1765282493,3412668714,1,2,0.04746459797024727
1766006870,3847642518,1,2,0.01921144872903824
1766797025,6420654776,1,2,0.04772011190652847
1767029373,2090591961,1,2,0.04536375030875206
1767567135,2217048775,1,2,0.016487454995512962
1768036933,6153121801,1,2,0.1157965213060379
1768437524,3412668714,1,2,0.024469399824738503
1768498042,6560668913,1,2,0.011726422235369682
1768661321,6420654776,1,2,0.04777488857507706
1768665863,1275418863,1,2,0.03504660353064537
1769541493,7847210480,1,2,0.0469856821000576
1769699740,5428423860,1,2,0.016812412068247795
1769699740,5926318749,1,2,0.010589893907308578
1769699740,7850599876,1,2,0.0437980554997921
1769881767,6618737705,1,2,0.024889998137950897
1770019182,1816029971,1,2,0.04618164524435997
1770890027,3217742437,1,2,0.04694107174873352
1771726321,2018925253,1,2,0.046275388449430466
1773011615,1306484861,1,2,0.024661440402269363
1773588075,6437735703,1,2,0.015896618366241455
1774490543,1647256370,1,2,0.02486114203929901
1774609563,3847642518,1,2,0.01148230116814375
1774894487,7847210480,1,2,0.02893294021487236
1775419875,6420654776,1,2,0.04390661418437958
1776147867,1306484861,1,2,0.045889247208833694
1777652265,5250260756,1,2,0.024943478405475616
1777805561,1297975973,1,2,0.045683860778808594
1778337977,1791873284,1,2,0.043716445565223694
1781054361,7467277921,1,2,0.014813940972089767
1781568237,1306484861,1,2,0.02378283441066742
1783578635,3098510521,1,2,0.03954887017607689
1783797177,1195908387,1,2,0.04624493047595024
1786175837,5250260756,1,2,0.02850647270679474
1786175837,6788591973,1,2,0.15036346018314362
1789040470,2909406375,1,2,0.09720602631568909
1789723081,6437735703,1,2,0.09269518405199051
1790025437,1297975973,1,2,0.01648339256644249
1792879900,1275418863,1,2,0.04798843339085579
1792879900,2891416631,1,2,0.06444552540779114
1793117301,2008062861,1,2,0.01676255278289318
1793839097,6420654776,1,2,0.039418645203113556
1796941592,2217048775,1,2,0.05204864591360092
1797539504,1797539504,1,2,0.04643866792321205
1798738522,1497609517,1,2,0.04410415142774582
1800242235,1816029971,1,2,0.029118573293089867
1802067362,1554226303,1,2,0.045963071286678314
1802626467,1797539504,1,2,0.043111469596624374
1803625801,2136848625,1,2,0.049192529171705246
1804091521,3778125742,1,2,0.0520370751619339
1805507904,1297975973,1,2,0.01676255278289318
1805595342,3847642518,1,2,0.008747322484850883
1805824585,6276227682,1,2,0.09006305038928986
1811903663,1811903663,1,2,0.014520636759698391
1812830637,7946457588,1,2,0.023967500776052475
1816029971,1816029971,1,2,0.04297260567545891
1816555811,1797539504,1,2,0.024267885833978653
1817121380,1816029971,1,2,0.044438473880290985
1819098745,5250260756,1,2,0.047574788331985474
1821525001,1797539504,1,2,0.07538767904043198
1823052635,3217742437,1,2,0.009071892127394676
1823960932,3082731712,1,2,0.016812412068247795
1824532011,1850017837,1,2,0.016784008592367172
1824681991,3082731712,1,2,0.010769098997116089
1827460937,6425881183,1,2,0.04818721115589142
1827497444,2217048775,1,2,0.06007794663310051
1832054540,2891416631,1,2,0.054960474371910095
1835003467,5428423860,1,2,0.012914123944938183
1835577815,1816029971,1,2,0.012209038250148296
1837376213,1816029971,1,2,0.012440675869584084
1840245473,7804300115,1,2,0.0187958013266325
1840772337,2217048775,1,2,0.058564089238643646
1842782523,5543176559,1,2,0.019867951050400734
1842782523,7341744407,1,2,0.04878544807434082
1842817440,5250260756,1,2,0.08914582431316376
1842817440,7804300115,1,2,0.04661945253610611
1843239054,7767144248,1,2,0.03972800821065903
1845506087,3217742437,1,2,0.05178572237491608
1845506087,6560668913,1,2,0.04410415142774582
1846119637,2090591961,1,2,0.07528859376907349
1846614551,6065301364,1,2,0.030039053410291672
1847469027,3543420821,1,2,0.05999715253710747
1847912024,3098510521,1,2,0.023893209174275398
1848809100,1554226303,1,2,0.04722015932202339
1851782205,3829981184,1,2,0.04654589295387268
1854400381,3778125742,1,2,0.044409580528736115
1854511882,1737850362,1,2,0.014520636759698391
1856000570,1306484861,1,2,0.043591827154159546
1856000570,7467277921,1,2,0.023997047916054726
1858291127,3082731712,1,2,0.04068758338689804
1861032474,2217048775,1,2,0.018170980736613274
1861287570,1647256370,1,2,0.024816185235977173
1862750590,3292333231,1,2,0.01913599856197834
1862817887,3217742437,1,2,0.024879751726984978
1863031164,1850017837,1,2,0.043111469596624374
1863700093,3082731712,1,2,0.05231066048145294
1864594974,6871895822,1,2,0.045820582658052444
1865079010,6788591973,1,2,0.046799007803201675
1865348772,1306484861,1,2,0.04579286277294159
1865394082,2090591961,1,2,0.014466416090726852
1865927432,1306484861,1,2,0.04587366804480553
1866086621,6276227682,1,2,0.04354361817240715
1866280303,1719397245,1,2,0.011424544267356396
1866296807,7765668071,1,2,0.04666479304432869
1868011571,1647256370,1,2,0.0596785768866539
1868790194,6437735703,1,2,0.05976519733667374
1871950051,3217742437,1,2,0.02433738112449646
1874698957,7160110296,1,2,0.024023139849305153
1878982664,3778125742,1,2,0.046346265822649
1880440934,5250260756,1,2,0.015492585487663746
1881939460,3098510521,1,2,0.03956115245819092
1882313655,2136848625,1,2,0.04466564208269119
1882313655,7765668071,1,2,0.05633104220032692
1883332187,1297975973,1,2,0.02374427020549774
1884345014,3082731712,1,2,0.04808910936117172
1885397274,5543176559,1,2,0.046041883528232574
1885617617,6420654776,1,2,0.04662979766726494
1887929805,3973292213,1,2,0.014695635065436363
1888550095,5311962099,1,2,0.01593855954706669
1890250623,5070705161,1,2,0.01079129334539175
1890250623,6788591973,1,2,0.05232424661517143
1891371892,6065301364,1,2,0.01645764149725437
1891453755,6437735703,1,2,0.025449372828006744
1893176165,1875293522,1,2,0.042448580265045166
1893673244,5250260756,1,2,0.0762505829334259
1893673244,7767144248,1,2,0.024942507967352867
1895091803,7804300115,1,2,0.043275851756334305
1896492524,5600540896,1,2,0.11674842238426208
1897840032,6420654776,1,2,0.04898492619395256
1899730963,5789387121,1,2,0.019022919237613678
1902835532,6243146585,1,2,0.017511794343590736
1902855323,2891416631,1,2,0.01981370709836483
1903813533,1306484861,1,2,0.0466708168387413
1908350853,1850017837,1,2,0.04697505384683609
1911378152,1275418863,1,2,0.009578119032084942
1913382064,1917488115,1,2,0.046357933431863785
1916727945,2201915244,1,2,0.02488342486321926
1916727945,6420654776,1,2,0.02725948393344879
1916779177,2090591961,1,2,0.042945876717567444
1919125503,1875293522,1,2,0.01149290893226862
1919656940,1188472987,1,2,0.06833328306674957
1921253302,3217742437,1,2,0.01676255278289318
1923512540,3671879202,1,2,0.019867951050400734
1924667901,1306484861,1,2,0.01243371982127428
1925124973,3317704373,1,2,0.024895748123526573
1925196447,1791873284,1,2,0.04466564208269119
1926504564,5250260756,1,2,0.009088704362511635
1932667390,2427613143,1,2,0.04744131490588188
1934847561,1816029971,1,2,0.04511665180325508
1935780510,2090591961,1,2,0.04435128718614578
1939907527,7767144248,1,2,0.024829363450407982
1941013222,1306484861,1,2,0.01648339256644249
1945421111,5311962099,1,2,0.04507455974817276
1946998331,5428423860,1,2,0.05887572839856148
1947995494,6618737705,1,2,0.06387395411729813
1948136135,5955730111,1,2,0.05255330353975296
1949571457,7380722614,1,2,0.024121273308992386
1951431212,1306484861,1,2,0.0316125862300396
1951605917,6420654776,1,2,0.04521217942237854
1956054824,6560668913,1,2,0.014568586833775043
1957735750,3847642518,1,2,0.02489837259054184
1957735750,7760290512,1,2,0.01676255278289318
1960107865,5600540896,1,2,0.024067658931016922
1961240997,3082731712,1,2,0.06173676997423172
1961811461,7850599876,1,2,0.04666765779256821
1962696443,7734889891,1,2,0.009038017131388187
1962937910,2201915244,1,2,0.014520636759698391
1963189641,1306484861,1,2,0.043580781668424606
1964306911,1816029971,1,2,0.046343158930540085
1964420741,3082731712,1,2,0.03920025750994682
1964926535,6554603444,1,2,0.0445476658642292
1966296207,1645599505,1,2,0.09690859913825989
1966425923,5428423860,1,2,0.016076143831014633
1970380601,3217742437,1,2,0.01676255278289318
1971294417,2018925253,1,2,0.014466416090726852
1973795483,2136848625,1,2,0.07813627272844315
1977422053,3973292213,1,2,0.04507455974817276
1978279332,3292333231,1,2,0.024067658931016922
1978279913,2891416631,1,2,0.047242239117622375
1978279913,7767144248,1,2,0.045889247208833694
1979879971,1816029971,1,2,0.04874439164996147
1980517153,3217742437,1,2,0.046263135969638824
1982258591,7893929649,1,2,0.019856277853250504
2001689311,6560668913,1,2,0.04953966289758682
2001870045,3082731712,1,2,0.04943777620792389
2002400427,2002400427,1,2,0.024990083649754524
2006967744,1647256370,1,2,0.01134173572063446
2008062861,2008062861,1,2,0.01086052879691124
2009183185,7467277921,1,2,0.04536375030875206
2009827717,5531506227,1,2,0.014520636759698391
2011253384,7160110296,1,2,0.024232011288404465
2012029167,2090591961,1,2,0.024990778416395187
2012371701,7946457588,1,2,0.014649754390120506
2017571924,7946457588,1,2,0.04653278738260269
2035192127,1306484861,1,2,0.08061064779758453
2038562752,5250260756,1,2,0.03412122651934624
2039509934,7804300115,1,2,0.07368122041225433
2043874157,6560668913,1,2,0.032770831137895584
2044005772,3217742437,1,2,0.04839972406625748
2044075367,3082731712,1,2,0.020748673006892204
2044556797,1306484861,1,2,0.018552370369434357
2046531181,2201915244,1,2,0.024948040023446083
2052345502,5543176559,1,2,0.043875183910131454
2054440425,5955730111,1,2,0.05185806751251221
2054440425,6153121801,1,2,0.04733609780669212
2054440425,6483039487,1,2,0.04611455649137497
2054440425,6788591973,1,2,0.014070388861000538
2057315464,2217048775,1,2,0.014520636759698391
2057919773,7866135934,1,2,0.014520636759698391
2062738765,6788591973,1,2,0.029261482879519463
2063018362,1306484861,1,2,0.04550415650010109
2085049023,5070705161,1,2,0.029486525803804398
2085916463,6001863056,1,2,0.04653891921043396
2090591961,2090591961,1,2,0.04634702950716019
2095733924,1647256370,1,2,0.01676255278289318
2097214345,7765668071,1,2,0.0290902778506279
2100154271,3217035437,1,2,0.0437745600938797
2100200230,3217742437,1,2,0.0437980554997921
2105442077,3217742437,1,2,0.04003218933939934
2106690497,1297975973,1,2,0.040749333798885345
2108758754,7188930130,1,2,0.010809462517499924
2109746983,1297975973,1,2,0.02708570659160614
2109787250,7844581127,1,2,0.042519960552453995
2110445790,1645599505,1,2,0.04851648211479187
2115035020,1816029971,1,2,0.0407579131424427
2115941062,1297975973,1,2,0.04843493551015854
2119657280,7240026510,1,2,0.012321705929934978
2122890604,2018925253,1,2,0.016796572133898735
2123003344,1554226303,1,2,0.045820582658052444
2124369041,9165329829,1,2,0.06307622790336609
2125020211,7804300115,1,2,0.0587032251060009
2126460312,3317704373,1,2,0.011555970646440983
2128188492,7341744407,1,2,0.04267941787838936
2128976602,1917488115,1,2,0.03991973027586937
2129407751,1041705884,1,2,0.039547380059957504
2129487577,1917488115,1,2,0.016805490478873253
2130578203,7767144248,1,2,0.014559229835867882
2132853267,1816029971,1,2,0.046346265822649
2133575713,7765668071,1,2,0.04348030686378479
2134427891,1917488115,1,2,0.02431194856762886
2134427891,5955730111,1,2,0.03971392661333084
2136036001,5250260756,1,2,0.014595053158700466
2138022740,6243146585,1,2,0.1251843124628067
2138083365,2909406375,1,2,0.1251843124628067
2138536734,3973292213,1,2,0.04669061675667763
2141063440,1816029971,1,2,0.04897467419505119
2141559172,3217742437,1,2,0.04618021100759506
2149524777,5543176559,1,2,0.010874543339014053
2150638832,1850017837,1,2,0.012390808202326298
2150694340,1297975973,1,2,0.04677983745932579
2151047035,3973292213,1,2,0.04026932641863823
2159256052,2201915244,1,2,0.04524350166320801
2160474317,6101852007,1,2,0.05691364035010338
2167400120,6101852007,1,2,0.016218706965446472
2172731622,1647256370,1,2,0.016877951100468636
2172994680,5531506227,1,2,0.012166622094810009
2178709242,3847642518,1,2,0.02427603118121624
2191030060,7804300115,1,2,0.02893294021487236
2194271024,7767144248,1,2,0.014668571762740612
2203458995,7844581127,1,2,0.04408689960837364
2204491133,6272876985,1,2,0.009096005000174046
2204864291,6560668913,1,2,0.03909597173333168
2207438823,1719397245,1,2,0.04423423111438751
2211373945,2201915244,1,2,0.04527289792895317
2211373945,6420654776,1,2,0.014481398276984692
2212708624,3217742437,1,2,0.012354454956948757
2217066377,2217066377,1,2,0.02697298675775528
2217284714,3082731712,1,2,0.046839695423841476
2233131052,1297975973,1,2,0.09530246257781982
2236753315,3217742437,1,2,0.04226040095090866
2237183641,7380722614,1,2,0.08060447126626968
2241131631,5428423860,1,2,0.0410083644092083
2247525322,1821525001,1,2,0.02499246783554554
2250428050,6523666955,1,2,0.05178059637546539
2252557097,5955730111,1,2,0.051643334329128265
2255667324,2201915244,1,2,0.04460258409380913
2257323550,7767144248,1,2,0.008278441615402699
2261355190,3317704373,1,2,0.06429795920848846
2262461494,3098510521,1,2,0.0438605472445488
2266927053,7612876955,1,2,0.04838787019252777
2267814934,7506746741,1,2,0.011403411626815796
2268551240,3905581452,1,2,0.012464954517781734
2277936631,6483039487,1,2,0.046584486961364746
2280862092,1306484861,1,2,0.05965041741728783
2280966885,1797539504,1,2,0.014751282520592213
2281876423,1797539504,1,2,0.01599891483783722
2282792660,3292333231,1,2,0.08801284432411194
2287336764,3217742437,1,2,0.0198055487126112
2287649464,1497609517,1,2,0.014466416090726852
2288039104,1195908387,1,2,0.04680085554718971
2288985290,1917488115,1,2,0.08095477521419525
2290102181,5250260756,1,2,0.044185806065797806
2296824232,7767144248,1,2,0.08914582431316376
2298212813,1875293522,1,2,0.07943874597549438
2302957412,3671879202,1,2,0.043549545109272
2302957412,5250260756,1,2,0.019886014983057976
2302957412,7767144248,1,2,0.025358153507113457
2310962647,3543420821,1,2,0.012339243665337563
2314708794,2090591961,1,2,0.019896572455763817
2314909021,3217742437,1,2,0.09189095348119736
2315321560,3847642518,1,2,0.04657327011227608
2317965392,3905581452,1,2,0.04291153699159622
2319237264,5070705161,1,2,0.04730064421892166
2321761900,3543420821,1,2,0.01684653013944626
2326202931,7893929649,1,2,0.020587099716067314
2332234185,7380722614,1,2,0.014889371581375599
2335120563,2090591961,1,2,0.04639240726828575
2339203132,5789387121,1,2,0.08142566680908203
2341530235,7767144248,1,2,0.04636732116341591
2343236425,2090591961,1,2,0.01981370709836483
2345210947,2217066377,1,2,0.04603705182671547
2346206157,6618737705,1,2,0.043588362634181976
2352384124,1850017837,1,2,0.012321705929934978
2354330157,6065301364,1,2,0.07883075624704361
2354722035,1816029971,1,2,0.020817065611481667
2359735447,7866135934,1,2,0.04715048521757126
2363366540,3217742437,1,2,0.019845740869641304
2363366540,6560668913,1,2,0.045673470944166183
2369923072,3905581452,1,2,0.025512848049402237
2372300315,3847642518,1,2,0.04375499114394188
2374597625,2090591961,1,2,0.01834137551486492
2375312690,7765668071,1,2,0.0121559277176857
2375746444,1791873284,1,2,0.04597032442688942
2376201243,7767144248,1,2,0.01211967971175909
2381760717,7625326364,1,2,0.016796572133898735
2382554801,7866135934,1,2,0.04000835493206978
2387690287,6618737705,1,2,0.011174559593200684
2390412714,2090591961,1,2,0.04460258409380913
2393499455,7467277921,1,2,0.04305385425686836
2394197215,5789387121,1,2,0.04474278539419174
2397921670,3292333231,1,2,0.018511950969696045
2398050341,6788591973,1,2,0.014858749695122242
2398850425,3217742437,1,2,0.046296995133161545
2400178611,2136848625,1,2,0.04695099592208862
2401362081,7767144248,1,2,0.046088676899671555
2402180855,1816029971,1,2,0.011391025967895985
2406323612,1554226303,1,2,0.024023139849305153
2408657922,5250260756,1,2,0.037156734615564346
2411988607,3292333231,1,2,0.12727102637290955
2419767744,7341744407,1,2,0.03989403322339058
2422927235,3778125742,1,2,0.08574426174163818
2423493665,6788591973,1,2,0.011442167684435844
2424689883,3217742437,1,2,0.04409906268119812
2424689883,6560668913,1,2,0.04070024564862251
2424757174,6618737705,1,2,0.04468896985054016
2425334477,7467277921,1,2,0.04674817994236946
2428371695,5250260756,1,2,0.015699636191129684
2430736564,3082731712,1,2,0.01863737218081951
2435125140,5926318749,1,2,0.045593295246362686
2436824465,6101852007,1,2,0.0198055487126112
2441873181,1554226303,1,2,0.011391025967895985
2441897275,2937990707,1,2,0.039295267313718796
2441977482,5250260756,1,2,0.01243371982127428
2446831020,1195908387,1,2,0.014070388861000538
2446930557,1041705884,1,2,0.011391025967895985
2456708675,7757687460,1,2,0.039120253175497055
2458255731,1647256370,1,2,0.10416726768016815
2463325380,2002400427,1,2,0.016466379165649414
2463325380,2201915244,1,2,0.09702898561954498
2470834220,3847642518,1,2,0.0419626384973526
2485916767,2090591961,1,2,0.04880858585238457
2486710787,5250260756,1,2,0.03809095546603203
2486947565,3973292213,1,2,0.016839593648910522
2495470277,7767144248,1,2,0.025466127321124077
2498998250,3217035437,1,2,0.014457058161497116
2502468967,5250260756,1,2,0.02929152548313141
2506551673,1821525001,1,2,0.02887343429028988
2507350145,5020552519,1,2,0.0401499904692173
2516472111,6420654776,1,2,0.029058681800961494
2526229041,7612876955,1,2,0.015834862366318703
2526315502,6580670764,1,2,0.011807271279394627
2526563811,1917488115,1,2,0.02498793788254261
2526590643,6304429250,1,2,0.019851386547088623
2527660032,1816029971,1,2,0.023844067007303238
2528319882,5789387121,1,2,0.01856951229274273
2530417711,2201915244,1,2,0.0426330640912056
2538944930,1297975973,1,2,0.04067755490541458
2539430660,1297975973,1,2,0.014426380395889282
2539581455,1554226303,1,2,0.04536375030875206
2540410685,1297975973,1,2,0.01149290893226862
2547901727,2002400427,1,2,0.010769098997116089
2547901727,5428423860,1,2,0.016796572133898735
2553585884,1306484861,1,2,0.011791911907494068
2554148210,2090591961,1,2,0.048041701316833496
2559154297,3082731712,1,2,0.01649424619972706
2561103161,6788591973,1,2,0.025358153507113457
2566732253,6243146585,1,2,0.04629559442400932
2578956847,6871895822,1,2,0.02741650678217411
2586278350,3217035437,1,2,0.039295267313718796
2587445825,6560668913,1,2,0.03917032480239868
2588284800,5250260756,1,2,0.06401056796312332
2588427110,7804300115,1,2,0.014372511766850948
2589891047,1816029971,1,2,0.049967847764492035
2590335977,5428423860,1,2,0.04363451153039932
2590335977,5926318749,1,2,0.019875461235642433
2595952642,6420654776,1,2,0.015389667823910713
2598441920,5789387121,1,2,0.031574152410030365
2598494601,7467277921,1,2,0.019867951050400734
2599391064,3317704373,1,2,0.0521179735660553
2599563620,3973292213,1,2,0.046157341450452805
2605298310,1821525001,1,2,0.05532614141702652
2608144250,1497609517,1,2,0.01434427872300148
2608175473,3217035437,1,2,0.008285090327262878
2615607523,7760290512,1,2,0.014657524414360523
2616514835,2018925253,1,2,0.014341490343213081
2616558492,2090591961,1,2,0.0482378788292408
2618385231,6788591973,1,2,0.02393343672156334
2627429093,7850599876,1,2,0.014070388861000538
2628602713,2090591961,1,2,0.01651684381067753
2630206251,3829981184,1,2,0.0466708168387413
2630802785,3671879202,1,2,0.04375499114394188
2640096287,5574911608,1,2,0.01676255278289318
2643992491,2002400427,1,2,0.014466416090726852
2648474973,3217742437,1,2,0.04609038308262825
2654117967,3217035437,1,2,0.01649424619972706
2656621952,2002400427,1,2,0.024104785174131393
2657931011,1316949123,1,2,0.025449372828006744
2662817813,3082731712,1,2,0.02887343429028988
2667629823,3217035437,1,2,0.11664894968271255
2668466183,6420654776,1,2,0.04349871724843979
2668507541,1875293522,1,2,0.016424309462308884
2669309985,3292333231,1,2,0.012098768725991249
2670258781,1816029971,1,2,0.0752536803483963
2674783177,3217742437,1,2,0.016466379165649414
2680664063,7160110296,1,2,0.04315219074487686
2686415604,6420654776,1,2,0.0091089503839612
2687404797,3082731712,1,2,0.027163324877619743
2692899291,5789387121,1,2,0.05492875352501869
2695720811,1297975973,1,2,0.0147541593760252
2698284755,1275418863,1,2,0.02466292679309845
2706865113,1791873284,1,2,0.018451131880283356
2707136017,6420654776,1,2,0.009080716408789158
2709987651,3217742437,1,2,0.04460258409380913
2712312611,1737850362,1,2,0.03162987157702446
2712441052,6420654776,1,2,0.01676255278289318
2712486872,1850017837,1,2,0.015748757869005203
2714856004,5428423860,1,2,0.04492788016796112
2716195911,3317704373,1,2,0.02433738112449646
2717184773,5226302309,1,2,0.04603169858455658
2722434532,5250260756,1,2,0.02484794892370701
2722434532,6153121801,1,2,0.025358153507113457
2729492305,6788591973,1,2,0.010769098997116089
2731081377,5428423860,1,2,0.011391025967895985
2735304482,3292333231,1,2,0.01921144872903824
2737296227,7850599876,1,2,0.009458385407924652
2737348954,1816029971,1,2,0.09351600706577301
2739913222,1816029971,1,2,0.015994157642126083
2739916933,6523666955,1,2,0.05773294344544411
2744083455,1297975973,1,2,0.06567779928445816
2756221917,1647256370,1,2,0.02712748758494854
2759057317,1306484861,1,2,0.012520493939518929
2759441523,5789387121,1,2,0.01871415041387081
2771986467,7804300115,1,2,0.03503066673874855
2778106523,5250260756,1,2,0.011754664592444897
2778177631,6153121801,1,2,0.04564959928393364
2782266763,5250260756,1,2,0.01648339256644249
2783957877,2008062861,1,2,0.045794859528541565
2785240624,5250260756,1,2,0.014773199334740639
2785240624,6483039487,1,2,0.02469475381076336
2785240624,6618737705,1,2,0.016826998442411423
2790801702,3317704373,1,2,0.04831720143556595
2791403543,7767144248,1,2,0.045567456632852554
2793347685,2201915244,1,2,0.009920971468091011
2793347685,3317704373,1,2,0.04603705182671547
2793347685,5428423860,1,2,0.0091089503839612
2794329980,1875293522,1,2,0.06856552511453629
2803837540,6420654776,1,2,0.008278441615402699
2804576007,7467277921,1,2,0.04457377642393112
2806319925,5250260756,1,2,0.04666765779256821
2806319925,6153121801,1,2,0.04315219074487686
2808086442,1816029971,1,2,0.04127147048711777
2810859462,7946457588,1,2,0.011607889086008072
2812347581,1647256370,1,2,0.017324436455965042
2813454690,7804300115,1,2,0.05492875352501869
2814874944,7765668071,1,2,0.04521715268492699
2815252572,5428423860,1,2,0.040075719356536865
2828835274,2427613143,1,2,0.01986958086490631
2830035983,3217742437,1,2,0.045001376420259476
2831164344,5311962099,1,2,0.02725948393344879
2838496032,1645599505,1,2,0.09181606024503708
2840610715,1850017837,1,2,0.01230099517852068
2854009963,6483039487,1,2,0.039295267313718796
2857550643,5428423860,1,2,0.010589893907308578
2857550643,6420654776,1,2,0.04934461787343025
2864921902,5226302309,1,2,0.014070388861000538
2868558324,5955730111,1,2,0.023967500776052475
2870372034,1554226303,1,2,0.07893232256174088
2875862284,2090591961,1,2,0.01389328297227621
2884540223,7240026510,1,2,0.026630137115716934
2887477154,3317704373,1,2,0.011963714845478535
2890173387,2217066377,1,2,0.047866351902484894
2894051637,7767144248,1,2,0.11012478172779083
2903455721,3973292213,1,2,0.05897509306669235
2904548773,3217742437,1,2,0.020852115005254745
2914587615,6232442780,1,2,0.047000009566545486
2923256815,3217035437,1,2,0.04677567631006241
2925062583,3082731712,1,2,0.014378952793776989
2929543361,7893929649,1,2,0.04630596563220024
2931356587,7804300115,1,2,0.023967500776052475
2931356587,7866135934,1,2,0.012008555233478546
2940677475,3217035437,1,2,0.01876908913254738
2948804022,3412668714,1,2,0.05848085507750511
2953376860,2937990707,1,2,0.014070388861000538
2953376860,5365378896,1,2,0.02981966733932495
2954325032,7866135934,1,2,0.016572918742895126
2954703322,1645599505,1,2,0.04885883629322052
2979443400,6618737705,1,2,0.04617011174559593
2986592521,2002400427,1,2,0.03990984708070755
2989627804,2136848625,1,2,0.04701021686196327
2991074313,3082731712,1,2,0.016822854056954384
2993063632,3217035437,1,2,0.01415315829217434
2997506332,3217742437,1,2,0.04426354169845581
2997506332,6560668913,1,2,0.025449372828006744
3009528013,3217035437,1,2,0.046904973685741425
3012889857,1297975973,1,2,0.01983906514942646
3012889857,6420654776,1,2,0.0198726374655962
3016651517,1316949123,1,2,0.046985335648059845
3023825623,2136848625,1,2,0.1159578263759613
3027400661,6272876985,1,2,0.04255146533250809
3030300431,1188472987,1,2,0.01455636415630579
3049445697,1816029971,1,2,0.01983906514942646
3053539753,2201915244,1,2,0.024121273308992386
3054456051,7240026510,1,2,0.024991797283291817
3059123933,5789387121,1,2,0.039418645203113556
3060536095,1647256370,1,2,0.03923320770263672
3061366341,2090591961,1,2,0.011449993588030338
3078105095,2090591961,1,2,0.018885251134634018
3082343995,3098510521,1,2,0.014081792905926704
3083845235,5972505998,1,2,0.04208606854081154
3085284881,6243146585,1,2,0.011899007484316826
3089241893,2201915244,1,2,0.04527289792895317
3092158951,2090591961,1,2,0.057280417531728745
3095061865,3082731712,1,2,0.04731747508049011
3095801057,1306484861,1,2,0.013821142725646496
3097498647,1554226303,1,2,0.016796572133898735
3102885807,5939204645,1,2,0.04762105643749237
3110038137,5250260756,1,2,0.048477545380592346
3117084031,2002400427,1,2,0.019848672673106194
3117084031,5428423860,1,2,0.010769098997116089
3117084031,7850599876,1,2,0.017481541261076927
3123020445,3217035437,1,2,0.0463532991707325
3126175622,5955730111,1,2,0.04722015932202339
3127429293,6502204514,1,2,0.01908038556575775
3136761354,2217048775,1,2,0.051587242633104324
3137474057,2002400427,1,2,0.025358153507113457
3137503355,1816029971,1,2,0.044024936854839325
3142510534,2217048775,1,2,0.045186251401901245
3143975085,1917488115,1,2,0.03959906846284866
3152920474,2090591961,1,2,0.04570268839597702
3155226064,7804300115,1,2,0.04442235082387924
3159416630,7200019989,1,2,0.04644537344574928
3165143097,3847642518,1,2,0.015540635213255882
3166454103,2217048775,1,2,0.018448619171977043
3167944545,6153121801,1,2,0.011587880551815033
3168329522,1797539504,1,2,0.015967275947332382
3168363654,5789387121,1,2,0.025634437799453735
3170533115,1195908387,1,2,0.0173177532851696
3171353494,5955730111,1,2,0.01149290893226862
3173322884,6272876985,1,2,0.014070388861000538
3175151102,5365378896,1,2,0.04499593749642372
3177549032,1791873284,1,2,0.023541025817394257
3178522032,3098510521,1,2,0.04634102061390877
3182080140,2002400427,1,2,0.045794859528541565
3182080140,2201915244,1,2,0.047368381172418594
3182080140,5428423860,1,2,0.04419504851102829
3183216730,5250260756,1,2,0.043550994247198105
3183216730,6788591973,1,2,0.010935130529105663
3183216730,7767144248,1,2,0.04522066190838814
3187665272,5250260756,1,2,0.02914418838918209
3191789091,3217035437,1,2,0.016487454995512962
3194863717,7757687460,1,2,0.012098768725991249
3196310282,3082731712,1,2,0.016518261283636093
3197881575,7160110296,1,2,0.04231623560190201
3199193745,7467277921,1,2,0.04865943267941475
3201134251,5543176559,1,2,0.0461132638156414
3202047570,3778125742,1,2,0.018424905836582184
3206133660,2018925253,1,2,0.04398724064230919
3206959331,7804300115,1,2,0.04263797774910927
3217625733,1719397245,1,2,0.009614018723368645
3217878361,1297975973,1,2,0.012480322271585464
3220654543,6420654776,1,2,0.03916217386722565
3220990344,3217742437,1,2,0.04774815961718559
3224220842,6420654776,1,2,0.0290902778506279
3224475965,7506746741,1,2,0.010769098997116089
3226419533,7734889891,1,2,0.00923624075949192
3229253833,2136848625,1,2,0.043388064950704575
3230571112,6788591973,1,2,0.014520636759698391
3231231974,3778125742,1,2,0.025358153507113457
3237248910,1850017837,1,2,0.046130936592817307
3253820142,3217742437,1,2,0.019107840955257416
3256979595,7767144248,1,2,0.01230099517852068
3258958961,3973292213,1,2,0.039179977029561996
3259919771,3412668714,1,2,0.043588362634181976
3263075754,1297975973,1,2,0.05873388797044754
3264353815,7804300115,1,2,0.04377779737114906
3266191104,5428423860,1,2,0.046154044568538666
3270271044,6276227682,1,2,0.057658448815345764
3272009764,3217742437,1,2,0.04196569323539734
3272559204,5789387121,1,2,0.024871382862329483
3276247902,7160110296,1,2,0.014705685898661613
3277839405,7866135934,1,2,0.024581898003816605
3281026411,7767144248,1,2,0.03668450564146042
3291242315,1821525001,1,2,0.011457284912467003
3297536633,1791873284,1,2,0.014378952793776989
3298555275,5987057408,1,2,0.0245344340801239
3305357841,1791873284,1,2,0.03682199865579605
3305927904,1647256370,1,2,0.014443010091781616
3314081325,2219969573,1,2,0.048307351768016815
3320792231,1954778190,1,2,0.01676255278289318
3338118440,1306484861,1,2,0.012447238899767399
3344715030,5250260756,1,2,0.025474699214100838
3344715030,6153121801,1,2,0.046127207577228546
3388330412,5926318749,1,2,0.044672947376966476
3396311052,5250260756,1,2,0.04634702950716019
3412668714,3412668714,1,2,0.043275851756334305
3444444394,2002400427,1,2,0.0076396288350224495
3457030580,7847210480,1,2,0.01676255278289318
3478656500,5926318749,1,2,0.047105442732572556
3479606787,2201915244,1,2,0.014559229835867882
3480486464,6232442780,1,2,0.04524350166320801
3497182123,1816029971,1,2,0.012098768725991249
3506784664,7767144248,1,2,0.014070388861000538
3516613563,5789387121,1,2,0.04273630306124687
3517908584,6437735703,1,2,0.051737960427999496
3541413702,3541413702,1,2,0.015800364315509796
3541678724,7188930130,1,2,0.011781547218561172
3541825070,1645599505,1,2,0.058285076171159744
3543271013,1850017837,1,2,0.01751280575990677
3543583804,5428423860,1,2,0.015265517868101597
3547305065,1816029971,1,2,0.02697298675775528
3549498150,5543176559,1,2,0.058777280151844025
3561643170,3217742437,1,2,0.08969724178314209
3564652312,6560668913,1,2,0.019061846658587456
3592107422,3217742437,1,2,0.053477708250284195
3601293363,3217035437,1,2,0.04647021368145943
3606864955,7341744407,1,2,0.038076002150774
3610441363,6001863056,1,2,0.029118573293089867
3612524932,2002400427,1,2,0.011927845887839794
3612524932,5428423860,1,2,0.046490561217069626
3616558417,6483039487,1,2,0.04701782017946243
3616558417,7767144248,1,2,0.04840492829680443
3616558417,7804300115,1,2,0.016009241342544556
3625870344,3317704373,1,2,0.013954894617199898
3630211215,5987057408,1,2,0.04544258490204811
3643174265,5407978252,1,2,0.04272092133760452
3647369394,6153121801,1,2,0.011442167684435844
3649161523,5987057408,1,2,0.046883367002010345
3674224027,1645599505,1,2,0.04761765897274017
3697808905,6304429250,1,2,0.03944403678178787
3698281894,1297975973,1,2,0.009514983743429184
3718622400,3217035437,1,2,0.024067658931016922
3719057297,7467277921,1,2,0.04618164524435997
3720399483,6618737705,1,2,0.04647659510374069
3720929930,1316949123,1,2,0.014520636759698391
3730032693,7767144248,1,2,0.046415556222200394
3730032693,7804300115,1,2,0.029022902250289917
3733983767,5955730111,1,2,0.044455621391534805
3735427345,6243146585,1,2,0.018560174852609634
3735646922,5250260756,1,2,0.016424309462308884
3743780822,1875293522,1,2,0.04705512896180153
3750067004,1875293522,1,2,0.04647647961974144
3779630665,2909406375,1,2,0.04776912182569504
3794046457,5250260756,1,2,0.04362400993704796
3794471363,3082731712,1,2,0.05232424661517143
3799376175,6437735703,1,2,0.04698331281542778
3808195430,1875293522,1,2,0.04447963833808899
3809525734,3217742437,1,2,0.03161456435918808
3814256704,7844581127,1,2,0.04236127808690071
3823374460,1297975973,1,2,0.014070388861000538
3825739699,5311962099,1,2,0.04912261292338371
3826021920,2090591961,1,2,0.04634702950716019
3826297527,6420654776,1,2,0.014684785157442093
3828097315,5543176559,1,2,0.013883024454116821
3828293458,7765668071,1,2,0.014481398276984692
3830427922,2217048775,1,2,0.012409921735525131
3833957011,6276227682,1,2,0.043275851756334305
3838395201,5600540896,1,2,0.0091089503839612
3844241937,1188472987,1,2,0.049164675176143646
3858538566,7188930130,1,2,0.014251516200602055
3872689121,7850599876,1,2,0.007935425266623497
3885235904,6243146585,1,2,0.04704325646162033
3886346797,3217035437,1,2,0.044840384274721146
3887866395,7946457588,1,2,0.03991973027586937
3891927452,1645599505,1,2,0.014353187754750252
3894924082,5250260756,1,2,0.043899133801460266
3894924082,7804300115,1,2,0.012464954517781734
3908770978,2201915244,1,2,0.0552847646176815
3909285343,7767144248,1,2,0.014325291849672794
3932278797,1850017837,1,2,0.045935243368148804
3932700017,5428423860,1,2,0.024864166975021362
3942516362,7461276382,1,2,0.014070388861000538
3944015214,3217035437,1,2,0.11622161418199539
3944334435,7804300115,1,2,0.024674033746123314
3949137663,3098510521,1,2,0.01650659181177616
3960771019,7188930130,1,2,0.05558782070875168
3961271757,2909406375,1,2,0.05232424661517143
3965264431,2002400427,1,2,0.009030511602759361
3965332335,1195908387,1,2,0.019017698243260384
3965875532,7767144248,1,2,0.019338905811309814
3967670326,5574911608,1,2,0.06877170503139496
3968934524,3217035437,1,2,0.01451124344021082
3969939552,6437735703,1,2,0.044438473880290985
3980787859,7847210480,1,2,0.04658951982855797
3981631677,3217035437,1,2,0.037706803530454636
3991558018,2217066377,1,2,0.017481541261076927
3991558018,6153121801,1,2,0.0455046072602272
4010388662,6420654776,1,2,0.020587099716067314
4012576506,6124100893,1,2,0.012354454956948757
4029903964,5600540896,1,2,0.02486114203929901
4038601565,7804300115,1,2,0.014213738031685352
4051670507,6153121801,1,2,0.014773199334740639
4053237920,6153121801,1,2,0.016022685915231705
4053691655,2427613143,1,2,0.009080716408789158
4056576928,2201915244,1,2,0.04398724064230919
4060874164,6425881183,1,2,0.04632726311683655
4073024132,7844581127,1,2,0.04123752936720848
4089469796,6304429250,1,2,0.02490321360528469
4093260210,7200019989,1,2,0.04742932692170143
4093848783,7160110296,1,2,0.04651147872209549
4099476624,7866135934,1,2,0.09351600706577301
5012172822,7767144248,1,2,0.04925317317247391
5015554345,1306484861,1,2,0.04380222037434578
5017891576,3217035437,1,2,0.054230645298957825
5017984506,5250260756,1,2,0.016812412068247795
5017984506,7767144248,1,2,0.04709317162632942
5026581055,5428423860,1,2,0.08974936604499817
5026913713,3778125742,1,2,0.07401715964078903
5032446204,7467277921,1,2,0.030999645590782166
5032960618,1954778190,1,2,0.06417571008205414
5040702834,1306484861,1,2,0.024469399824738503
5054920537,6618737705,1,2,0.09337197244167328
5055884981,3098510521,1,2,0.014937018975615501
5057645881,2008062861,1,2,0.016200359910726547
5057711027,7946457588,1,2,0.0401088185608387
5078335381,3051163592,1,2,0.01676255278289318
5080827273,5226302309,1,2,0.04790953919291496
5081396513,1816029971,1,2,0.018699003383517265
5090404359,1188472987,1,2,0.16284891963005066
5091244357,6837278495,1,2,0.044455621391534805
5091244357,6839422251,1,2,0.016839593648910522
5092418919,3082731712,1,2,0.024923361837863922
5092418919,7760290512,1,2,0.040188152343034744
5093234685,7847210480,1,2,0.0461132638156414
5102017098,2008062861,1,2,0.019533462822437286
5105022555,5250260756,1,2,0.021175522357225418
5105022555,7767144248,1,2,0.018612174317240715
5110800687,6272876985,1,2,0.05867377296090126
5116956158,1816029971,1,2,0.06387733668088913
5117130279,6065301364,1,2,0.0639558881521225
5119768111,3217742437,1,2,0.049858804792165756
5119768111,6101852007,1,2,0.010679803788661957
5122872077,5311962099,1,2,0.05655081942677498
5123348096,1816029971,1,2,0.011414502747356892
5125090408,1306484861,1,2,0.043910179287195206
5134616573,2018925253,1,2,0.08125820010900497
5136133801,2136848625,1,2,0.014535674825310707
5139226538,6153121801,1,2,0.05911071598529816
5139226538,7866135934,1,2,0.04774815961718559
5140279430,3217035437,1,2,0.04291628301143646
5140279430,5730240854,1,2,0.010890643112361431
5140279430,7461276382,1,2,0.018606139346957207
5140279430,7734889891,1,2,0.04957250505685806
5140583411,7734889891,1,2,0.04646451398730278
5143261665,3217742437,1,2,0.024886829778552055
5151848656,1719397245,1,2,0.04907254874706268
5163204267,5250260756,1,2,0.08502241969108582
5165396337,7380722614,1,2,0.04497568681836128
5165621981,3905581452,1,2,0.040215425193309784
5168295981,2201915244,1,2,0.025358153507113457
5171954592,5987057408,1,2,0.012242890894412994
5173634609,3412668714,1,2,0.023466728627681732
5177758106,7341744407,1,2,0.04002303257584572
5180004160,7804300115,1,2,0.00913009699434042
5180414133,6788591973,1,2,0.04440002143383026
5181491799,7734889891,1,2,0.04616425558924675
5181838103,5365378896,1,2,0.045863084495067596
5183768805,1306484861,1,2,0.014604346826672554
5184863933,7734889891,1,2,0.06419892609119415
5186975499,2937990707,1,2,0.014070388861000538
5189479929,7757687460,1,2,0.057173047214746475
5190589411,6272876985,1,2,0.04820718988776207
5196510075,5789387121,1,2,0.020641816779971123
5199672634,7804300115,1,2,0.03995179384946823
5199672634,7866135934,1,2,0.04703064262866974
5203157774,3973292213,1,2,0.04536375030875206
5203707642,5428423860,1,2,0.04415518045425415
5212960198,6523666955,1,2,0.012530265375971794
5214400755,6437735703,1,2,0.048911478370428085
5215457600,3671879202,1,2,0.008287866599857807
5215856388,2201915244,1,2,0.045926183462142944
5216359040,1497609517,1,2,0.048307351768016815
5216621276,3217035437,1,2,0.037110984325408936
5221254250,2219969573,1,2,0.009071892127394676
5221779743,1917488115,1,2,0.045940302312374115
5223391922,7866135934,1,2,0.046311721205711365
5227463804,2909406375,1,2,0.02393343672156334
5228243570,1645599505,1,2,0.01716475561261177
5229919421,6560668913,1,2,0.012798907235264778
5231510839,6425881183,1,2,0.05214432254433632
5235392814,7767144248,1,2,0.04507455974817276
5235990405,7461276382,1,2,0.04362737387418747
5236617398,3217035437,1,2,0.04972528666257858
5237235070,3847642518,1,2,0.040724046528339386
5237315820,6232442780,1,2,0.011544117704033852
5240008241,5926318749,1,2,0.01432594284415245
5241103283,5428423860,1,2,0.020702555775642395
5243006556,3671879202,1,2,0.04067263752222061
5243857206,7467277921,1,2,0.045903850346803665
5246164621,3082731712,1,2,0.06047973409295082
5250084887,2002400427,1,2,0.05951477959752083
5250084887,5428423860,1,2,0.04458672180771828
5250084887,5926318749,1,2,0.018382232636213303
5254144658,6560668913,1,2,0.01981370709836483
5254854698,2217048775,1,2,0.0249697957187891
5261117446,6232442780,1,2,0.01433076336979866
5262402500,6871895822,1,2,0.0427655391395092
5263608538,5250260756,1,2,0.04821717366576195
5263805472,2002400427,1,2,0.04382539913058281
5265115236,7866135934,1,2,0.04623980075120926
5266847638,1041705884,1,2,0.010964194312691689
5266877938,6437735703,1,2,0.04432067647576332
5268473295,1875293522,1,2,0.04748508334159851
5268473295,3847642518,1,2,0.014358331449329853
5270244136,7240026510,1,2,0.014520636759698391
5280044647,6788591973,1,2,0.07530322670936584
5281371309,2090591961,1,2,0.08043869584798813
5281409415,1306484861,1,2,0.024584997445344925
5283734007,2002400427,1,2,0.047109946608543396
5286204909,7341744407,1,2,0.019482744857668877
5290077821,1316949123,1,2,0.046540066599845886
5290869302,1791873284,1,2,0.011885873973369598
5299247507,3847642518,1,2,0.035523150116205215
5303426500,7804300115,1,2,0.011288406327366829
5308129958,6425881183,1,2,0.04619794338941574
5309239540,1316949123,1,2,0.05504195764660835
5309940962,2002400427,1,2,0.05796714127063751
5314126799,3217742437,1,2,0.04688843712210655
5315842867,1737850362,1,2,0.04457547515630722
5321920510,3905581452,1,2,0.05742579326033592
5324742748,7847210480,1,2,0.027878811582922935
5326483526,7844581127,1,2,0.04694414511322975
5327980588,6153121801,1,2,0.01473539974540472
5333217212,2136848625,1,2,0.012400760315358639
5335635347,5428423860,1,2,0.046906761825084686
5335635347,7850599876,1,2,0.04211726039648056
5336874105,5250260756,1,2,0.019174030050635338
5339691190,3671879202,1,2,0.046762656420469284
5341323511,5226302309,1,2,0.042519960552453995
5344059989,6839422251,1,2,0.048734817653894424
5345933644,7844581127,1,2,0.01211967971175909
5346401119,6523666955,1,2,0.0439663901925087
5348951316,6839422251,1,2,0.03945120424032211
5351856519,5767049948,1,2,0.01676255278289318
5356107528,1188472987,1,2,0.043845679610967636
5360267657,2201915244,1,2,0.04358093440532684
5370247480,7767144248,1,2,0.04669395089149475
5370275584,1875293522,1,2,0.018819354474544525
5370816636,7506746741,1,2,0.011820746585726738
5373599087,6153121801,1,2,0.04840492829680443
5376705709,5543176559,1,2,0.045875780284404755
5384084688,7341744407,1,2,0.03984588757157326
5389725498,7760290512,1,2,0.028493160381913185
5392384794,7767144248,1,2,0.06555003672838211
5392590669,6276227682,1,2,0.03216123208403587
5394072229,6272876985,1,2,0.04258056730031967
5407978252,5407978252,1,2,0.03954887017607689
5409069865,1816029971,1,2,0.047171901911497116
5411287384,2018925253,1,2,0.024378027766942978
5428610345,1195908387,1,2,0.007870086468756199
5434665240,3671879202,1,2,0.044043686240911484
5435888391,2201915244,1,2,0.018788527697324753
5435888391,5428423860,1,2,0.011801383458077908
5439230597,1316949123,1,2,0.017481541261076927
5443508636,2136848625,1,2,0.04770222678780556
5445918929,2909406375,1,2,0.040653783828020096
5453665355,6788591973,1,2,0.025390608236193657
5453665355,7506746741,1,2,0.054042886942625046
5453665355,7866135934,1,2,0.047343697398900986
5454305823,6243146585,1,2,0.08117129653692245
5454739561,2909406375,1,2,0.02799997292459011
5455245489,1875293522,1,2,0.04699910432100296
5455438937,7847210480,1,2,0.059786830097436905
5457515269,7804300115,1,2,0.05994105711579323
5457962032,2018925253,1,2,0.0434839203953743
5462435649,2201915244,1,2,0.02720905840396881
5462435649,5428423860,1,2,0.019862577319145203
5463792463,7200019989,1,2,0.025433575734496117
5474591958,6065301364,1,2,0.01466781459748745
5474943846,1041705884,1,2,0.045863084495067596
5476860342,5789387121,1,2,0.04897814244031906
5482747519,5987057408,1,2,0.04410415142774582
5484361748,6442235149,1,2,0.02850647270679474
5484672307,6558040566,1,2,0.04373549669981003
5491488173,5767049948,1,2,0.018187105655670166
5495066741,6065301364,1,2,0.0562836155295372
5504476141,5365378896,1,2,0.01830744743347168
5504476141,7765668071,1,2,0.024990083649754524
5507021158,2018925253,1,2,0.04891351982951164
5508446127,3317704373,1,2,0.0447896309196949
5510438425,2090591961,1,2,0.036760106682777405
5515196472,5789387121,1,2,0.09374776482582092
5516825585,2201915244,1,2,0.04699910432100296
5517797135,3671879202,1,2,0.04410415142774582
5520050647,2705589884,1,2,0.04715447500348091
5527042788,3778125742,1,2,0.014483388513326645
5528151587,1297975973,1,2,0.044088900089263916
5529351998,2217048775,1,2,0.04887394607067108
5531767567,3217035437,1,2,0.04434143751859665
5531767567,3778125742,1,2,0.04618019238114357
5532924326,6788591973,1,2,0.0540994256734848
5536408380,1306484861,1,2,0.03953360393643379
5538213563,2705589884,1,2,0.04897467419505119
5538376860,5955730111,1,2,0.01211598888039589
5538814532,5926318749,1,2,0.11488700658082962
5540607334,2008062861,1,2,0.043781351298093796
5543805633,6065301364,1,2,0.14854562282562256
5549649402,3778125742,1,2,0.06460700184106827
5553194302,3098510521,1,2,0.04341041296720505
5555204906,3217035437,1,2,0.014382315799593925
5556422441,6523666955,1,2,0.04627884551882744
5558232063,5531506227,1,2,0.060879580676555634
5567653864,6523666955,1,2,0.05989465489983559
5568150720,7765668071,1,2,0.05691526085138321
5568357239,5987057408,1,2,0.016466379165649414
5568778089,5939204645,1,2,0.03918849304318428
5571987278,5531506227,1,2,0.02055249735713005
5574666804,3217742437,1,2,0.054230645298957825
5574911608,5574911608,1,2,0.010817448608577251
5575629715,5972505998,1,2,0.007587140891700983
5576508908,7380722614,1,2,0.044007278978824615
5577912170,5972505998,1,2,0.04324141517281532
5577912170,7760290512,1,2,0.027035601437091827
5578434647,1850017837,1,2,0.011318408884108067
5578440317,2002400427,1,2,0.19743801653385162
5581294810,7467277921,1,2,0.2389737069606781
5582280558,1647256370,1,2,0.19890576601028442
5582280558,6437735703,1,2,0.2822021245956421
5583023567,6502204514,1,2,0.21891190111637115
5586832169,6420654776,1,2,0.1894790232181549
5587461003,1821525001,1,2,0.20808382332324982
5590197982,7866135934,1,2,0.21680442988872528
5590253140,5226302309,1,2,0.19843825697898865
5590498308,7804300115,1,2,0.2434999942779541
5597732473,5428423860,1,2,0.19903388619422913
5598714798,5311962099,1,2,0.1956186592578888
5599656883,2018925253,1,2,0.18461865186691284
5600540896,5600540896,1,2,0.19642846286296844
5601871705,3317704373,1,2,0.2653732895851135
5604215566,5250260756,1,2,0.27575862407684326
5606716867,1041705884,1,2,0.19854237139225006
5606716867,1316949123,1,2,0.18855375051498413
5606716867,1554226303,1,2,0.19862070679664612
5606716867,1719397245,1,2,0.22788727283477783
5606716867,1791873284,1,2,0.19742386043071747
5606716867,1821525001,1,2,0.1354321390390396
5606716867,1954778190,1,2,0.19983942806720734
5606716867,2018925253,1,2,0.19734282791614532
5606716867,2560497310,1,2,0.047647446393966675
5606716867,2705589884,1,2,0.044865041971206665
5606716867,2909406375,1,2,0.04769477993249893
5606716867,3973292213,1,2,0.043716445565223694
5606716867,5926318749,1,2,0.06393186002969742
5606716867,5939204645,1,2,0.008057139813899994
5606716867,6113513458,1,2,0.05525542050600052
5606716867,6124100893,1,2,0.02493024244904518
5606716867,6272876985,1,2,0.045375481247901917
5606716867,6304429250,1,2,0.04582415893673897
5606716867,6441657735,1,2,0.04699910432100296
5606716867,6580670764,1,2,0.0469978004693985
5606716867,6871895822,1,2,0.04651685431599617
5606716867,7850599876,1,2,0.010916749946773052
5606716867,7912058860,1,2,0.047423411160707474
5606716867,9165329829,1,2,0.042591553181409836
5609347535,6442235149,1,2,0.0460176058113575
5610062909,5955730111,1,2,0.045935243368148804
5612753236,3412668714,1,2,0.027235522866249084
5613148622,1195908387,1,2,0.012192086316645145
5617649014,3541413702,1,2,0.04067109897732735
5617654427,3217742437,1,2,0.018990667536854744
5617993734,5574911608,1,2,0.08629438281059265
5618034425,1306484861,1,2,0.04415518045425415
5618901084,6580670764,1,2,0.05528116598725319
5620568566,5365378896,1,2,0.04381792992353439
5626242855,6065301364,1,2,0.039914321154356
5626835993,1188472987,1,2,0.04618021100759506
5627055948,2136848625,1,2,0.06796491891145706
5632181477,7804300115,1,2,0.07327571511268616
5634683808,6442235149,1,2,0.06590648740530014
5635660662,7341744407,1,2,0.04937012866139412
5635802475,6437735703,1,2,0.017217710614204407
5635952364,6437735703,1,2,0.017024803906679153
5636340038,3317704373,1,2,0.02021050453186035
5638020515,2201915244,1,2,0.01269455160945654
5638142057,9165329829,1,2,0.04220522940158844
5638489358,6153121801,1,2,0.03993809595704079
5643873947,2937990707,1,2,0.025433575734496117
5643910408,6425881183,1,2,0.05514594912528992
5646261392,5226302309,1,2,0.015835735946893692
5646320933,1195908387,1,2,0.04640911519527435
5646923398,2560497310,1,2,0.048911478370428085
5648291201,3847642518,1,2,0.046277131885290146
5648330378,5070705161,1,2,0.023844067007303238
5648330378,6618737705,1,2,0.03842020779848099
5648330378,7506746741,1,2,0.011464109644293785
5649546460,7461276382,1,2,0.04865943267941475
5650478727,7866135934,1,2,0.04843493551015854
5653438922,2002400427,1,2,0.03928158059716225
5653438922,2201915244,1,2,0.042945876717567444
5653438922,5428423860,1,2,0.04630085453391075
5653941020,6276227682,1,2,0.044697511941194534
5654302190,2560497310,1,2,0.03971998393535614
5654934057,5789387121,1,2,0.04650066792964935
5655765052,6124100893,1,2,0.04238748177886009
5655938692,6420654776,1,2,0.01645764149725437
5657354887,2136848625,1,2,0.0811929926276207
5657796945,7461276382,1,2,0.023997047916054726
5659216419,7160110296,1,2,0.03920426219701767
5659490809,3082731712,1,2,0.04882775619626045
5660648279,6304429250,1,2,0.04286763444542885
5662310423,5250260756,1,2,0.04351884871721268
5664264860,7734889891,1,2,0.04787703603506088
5665274371,1917488115,1,2,0.045416124165058136
5667886200,5939204645,1,2,0.020664259791374207
5668271663,1791873284,1,2,0.052308134734630585
5668452912,3671879202,1,2,0.0493546798825264
5670794147,5955730111,1,2,0.020702555775642395
5671691042,6441657735,1,2,0.0198055487126112
5672420076,1647256370,1,2,0.0453338585793972
5672816163,7506746741,1,2,0.04674999788403511
5673222134,6420654776,1,2,0.0639854446053505
5674280373,3905581452,1,2,0.014520636759698391
5674814998,3082731712,1,2,0.057784341275691986
5676421522,7912058860,1,2,0.04874439164996147
5677811513,1917488115,1,2,0.027925748378038406
5678631487,6243146585,1,2,0.019905973225831985
5679148742,2018925253,1,2,0.045918598771095276
5681056381,6001863056,1,2,0.04420076683163643
5681116057,7946457588,1,2,0.04891274869441986
5681660621,7866135934,1,2,0.0641016811132431
5681753497,1797539504,1,2,0.04250013828277588
5683845236,7946457588,1,2,0.04619794338941574
5686014770,7866135934,1,2,0.04068758338689804
5688061910,2090591961,1,2,0.05883608013391495
5688504186,5311962099,1,2,0.06407725811004639
5689394728,1645599505,1,2,0.04682653769850731
5691923498,1497609517,1,2,0.0844803974032402
5692216595,3217742437,1,2,0.04922528564929962
5695662845,2219969573,1,2,0.045875780284404755
5696238186,5531506227,1,2,0.04387369006872177
5697079868,5767049948,1,2,0.05957811698317528
5697540134,2090591961,1,2,0.0815061703324318
5697943978,5365378896,1,2,0.057333771139383316
5700369002,3292333231,1,2,0.031556833535432816
5706976507,6113513458,1,2,0.04772011190652847
5709863449,1497609517,1,2,0.012379917316138744
5710030423,7506746741,1,2,0.016796572133898735
5710759196,3671879202,1,2,0.019795037806034088
5711147638,6871895822,1,2,0.010944312438368797
5711641197,5730240854,1,2,0.017494624480605125
5711641197,6232442780,1,2,0.019795037806034088
5714825533,6618737705,1,2,0.04599590599536896
5715166252,2937990707,1,2,0.13105332851409912
5716163017,7461276382,1,2,0.14475253224372864
5717189991,2136848625,1,2,0.13074137270450592
5724794152,6425881183,1,2,0.044631052762269974
5727659310,3412668714,1,2,0.08225936442613602
5727659310,3541413702,1,2,0.02760242111980915
5734193765,5730240854,1,2,0.14592956006526947
5734193765,5789387121,1,2,0.12902988493442535
5737978475,3412668714,1,2,0.13104486465454102
5746142680,7767144248,1,2,0.1448327600955963
5747860842,1816029971,1,2,0.18886372447013855
5756268828,2090591961,1,2,0.0557028092443943
5756594539,7804300115,1,2,0.12876425683498383
5756664917,7200019989,1,2,0.08249498903751373
5756946863,2090591961,1,2,0.044455621391534805
5759299465,5365378896,1,2,0.009071892127394676
5762999670,1850017837,1,2,0.025358153507113457
5762999670,2217048775,1,2,0.009050882421433926
5762999670,3051163592,1,2,0.010971175506711006
5762999670,3217742437,1,2,0.04375499114394188
5762999670,3317704373,1,2,0.04699910432100296
5762999670,5428423860,1,2,0.0397089384496212
5762999670,6065301364,1,2,0.05544925481081009
5762999670,6243146585,1,2,0.014613798819482327
5762999670,6276227682,1,2,0.019866246730089188
5762999670,6442235149,1,2,0.046879421919584274
5762999670,6554603444,1,2,0.045308489352464676
5762999670,6788591973,1,2,0.04196569323539734
5762999670,7341744407,1,2,0.04589072987437248
5762999670,7850599876,1,2,0.0971486046910286
5767077088,5311962099,1,2,0.11671625822782516
5767498904,5428423860,1,2,0.05851457640528679
5767574790,5789387121,1,2,0.046450160443782806
5774262932,5428423860,1,2,0.018533341586589813
5778761561,7804300115,1,2,0.01134173572063446
5780474806,3292333231,1,2,0.046117424964904785
5785269176,6065301364,1,2,0.025503206998109818
5786722534,7912058860,1,2,0.011442167684435844
5789387121,5789387121,1,2,0.018239086493849754
5794406144,1811903663,1,2,0.04347749426960945
5796917481,3217742437,1,2,0.04330163449048996
5802016175,2090591961,1,2,0.04748508334159851
5803376323,5543176559,1,2,0.04680988937616348
5807359631,5730240854,1,2,0.02546117641031742
5817169320,1954778190,1,2,0.08051826059818268
5817667427,6580670764,1,2,0.014351224526762962
5824562987,7612876955,1,2,0.014409558847546577
5824796643,1275418863,1,2,0.011442167684435844
5825877163,5987057408,1,2,0.044206373393535614
5828777107,1647256370,1,2,0.01834137551486492
5830301013,6788591973,1,2,0.08060447126626968
5830980402,5250260756,1,2,0.05232424661517143
5832125986,6580670764,1,2,0.06173676997423172
5833155053,5789387121,1,2,0.049240995198488235
5833426192,5250260756,1,2,0.02832549437880516
5834693552,6788591973,1,2,0.016784008592367172
5838388931,6276227682,1,2,0.04375499114394188
5839601203,1850017837,1,2,0.047150470316410065
5840157400,1316949123,1,2,0.02055249735713005
5840182814,3098510521,1,2,0.012426317669451237
5843646637,5789387121,1,2,0.042896486818790436
5843677208,6558040566,1,2,0.02706189826130867
5844362293,2002400427,1,2,0.04775582626461983
5845218568,2201915244,1,2,0.055259596556425095
5845619215,5250260756,1,2,0.02542310394346714
5845694399,5070705161,1,2,0.009037981741130352
5846584088,6788591973,1,2,0.0573873333632946
5848136487,3905581452,1,2,0.04943084344267845
5848614059,5600540896,1,2,0.04342624545097351
5848966182,6554603444,1,2,0.04667586460709572
5850773620,5531506227,1,2,0.12318607419729233
5851199591,5767049948,1,2,0.10099739581346512
5851813335,1816029971,1,2,0.02480270154774189
5852655163,3292333231,1,2,0.039836328476667404
5853492283,2136848625,1,2,0.016424309462308884
5853495851,7866135934,1,2,0.023997047916054726
5854104706,7767144248,1,2,0.04934461787343025
5854479332,7341744407,1,2,0.052151311188936234
5858579111,3317704373,1,2,0.02540961280465126
5860270463,3412668714,1,2,0.045282162725925446
5860541137,6124100893,1,2,0.046415556222200394
5861523912,5789387121,1,2,0.012536353431642056
5861591131,7804300115,1,2,0.15642952919006348
5863689144,2219969573,1,2,0.04765910655260086
5864533868,7734889891,1,2,0.04694196581840515
5866117746,6276227682,1,2,0.025926541537046432
5866147532,7844581127,1,2,0.0397089384496212
5867735185,7612876955,1,2,0.01912662945687771
5867735185,7893929649,1,2,0.014520636759698391
5868525822,7847210480,1,2,0.027194712311029434
5869669944,1791873284,1,2,0.016784008592367172
5871604407,6420654776,1,2,0.014359845779836178
5872134282,3082731712,1,2,0.04934461787343025
5872852983,6232442780,1,2,0.01926874741911888
5873220619,1797539504,1,2,0.04754489287734032
5873223696,5789387121,1,2,0.01717783324420452
5874006003,6580670764,1,2,0.04433806613087654
5876200083,7844581127,1,2,0.04495440796017647
5878418570,7767144248,1,2,0.04959690570831299
5879096205,5033845034,1,2,0.04138116165995598
5880821891,3412668714,1,2,0.04749090224504471
5881066978,3098510521,1,2,0.016822854056954384
5881608767,5767049948,1,2,0.011414502747356892
5885568248,7912058860,1,2,0.04671335220336914
5885665766,6153121801,1,2,0.0493067242205143
5886178167,3217742437,1,2,0.036760106682777405
5887235582,3317704373,1,2,0.04597032442688942
5887456944,1816029971,1,2,0.044651079922914505
5888366667,2002400427,1,2,0.024764498695731163
5890465662,6232442780,1,2,0.11117593944072723
5892577411,6153121801,1,2,0.01851658895611763
5893992672,1645599505,1,2,0.04507455974817276
5897852113,7866135934,1,2,0.04594236612319946
5899644376,7240026510,1,2,0.00920761190354824
5899793873,7757687460,1,2,0.025358153507113457
5911776487,7946457588,1,2,0.03160621598362923
5915569287,6483039487,1,2,0.05761360377073288
5917324084,6442235149,1,2,0.04507455974817276
5917996083,1816029971,1,2,0.04308035224676132
5929941760,5250260756,1,2,0.07807689160108566
5931356128,7844581127,1,2,0.04419504851102829
5932606090,7946457588,1,2,0.03668450564146042
5934581695,5926318749,1,2,0.014466416090726852
5936068499,2136848625,1,2,0.042830418795347214
5936734760,3292333231,1,2,0.011012296192348003
5941190242,7847210480,1,2,0.023541025817394257
5941399699,2937990707,1,2,0.04230911657214165
5941399699,3217035437,1,2,0.015835735946893692
5942989497,6560668913,1,2,0.024584997445344925
5943862253,7765668071,1,2,0.0566924549639225
5944541098,5428423860,1,2,0.059719912707805634
5949725740,5789387121,1,2,0.014346802607178688
5952970349,7850599876,1,2,0.05322109907865524
5954821883,6502204514,1,2,0.04307236894965172
5955502378,6560668913,1,2,0.025481944903731346
5957497363,7341744407,1,2,0.011424544267356396
5957658596,7625326364,1,2,0.024177270010113716
5958118164,3778125742,1,2,0.04538477584719658
5958444744,5926318749,1,2,0.03985896334052086
5964106324,3217742437,1,2,0.0268893763422966
5964122679,7341744407,1,2,0.016157090663909912
5966495566,7804300115,1,2,0.05093427002429962
5966595743,3082731712,1,2,0.04770835116505623
5967538216,6243146585,1,2,0.043383412063121796
5969799768,6420654776,1,2,0.01137700118124485
5970338864,7847210480,1,2,0.039747487753629684
5972186487,5070705161,1,2,0.04360101372003555
5972186487,7160110296,1,2,0.020807217806577682
5973497632,2002400427,1,2,0.040716610848903656
5974277810,2219969573,1,2,0.04173485189676285
5974573041,1850017837,1,2,0.01230099517852068
5976071509,5789387121,1,2,0.045072510838508606
5978653037,5250260756,1,2,0.014466416090726852
5979153359,3082731712,1,2,0.031510207802057266
5979319077,5730240854,1,2,0.09337197244167328
5980090631,1554226303,1,2,0.020587099716067314
5982010683,3317704373,1,2,0.025358153507113457
5983385535,3217035437,1,2,0.08981204032897949
5983385535,5730240854,1,2,0.042407337576150894
5984474054,3412668714,1,2,0.017481541261076927
5992414008,1791873284,1,2,0.04933224990963936
5993578282,5250260756,1,2,0.02483546920120716
5995908234,6272876985,1,2,0.045748889446258545
5997339059,6276227682,1,2,0.01865890808403492
5998318099,7866135934,1,2,0.011719966307282448
5999392924,9165329829,1,2,0.09195972979068756
6000741093,1954778190,1,2,0.03903116285800934
6008902197,7767144248,1,2,0.043075598776340485
6008980086,7188930130,1,2,0.02497890405356884
6011540541,3217742437,1,2,0.044409580528736115
6011594103,7850599876,1,2,0.0449288971722126
6012868747,2008062861,1,2,0.014466416090726852
6012976332,7866135934,1,2,0.05558782070875168
6013757222,5789387121,1,2,0.010740552097558975
6015118020,5407978252,1,2,0.010882912203669548
6015771820,6243146585,1,2,0.041692499071359634
6015883245,7200019989,1,2,0.07813627272844315
6015911202,5531506227,1,2,0.039802610874176025
6019443304,7847210480,1,2,0.04455452784895897
6020067335,6560668913,1,2,0.046915002167224884
6022538330,2201915244,1,2,0.07513999938964844
6022538330,5428423860,1,2,0.05203431099653244
6023319559,2217066377,1,2,0.044455621391534805
6025743401,5939204645,1,2,0.09530246257781982
6026418121,6243146585,1,2,0.0469978004693985
6027928294,7847210480,1,2,0.04415518045425415
6031413700,3292333231,1,2,0.0146171934902668
6033656950,5955730111,1,2,0.04509544372558594
6033945447,3217742437,1,2,0.025358153507113457
6034458929,6124100893,1,2,0.01912662945687771
6035810285,7804300115,1,2,0.014542927965521812
6036587429,7804300115,1,2,0.0121559277176857
6037114441,7506746741,1,2,0.031641993671655655
6039396026,7893929649,1,2,0.00914701633155346
6040619624,2909406375,1,2,0.012130924500524998
6042593842,7188930130,1,2,0.024250464513897896
6042848812,1188472987,1,2,0.046568818390369415
6045628829,2891416631,1,2,0.04621320590376854
6046864637,6001863056,1,2,0.04337601736187935
6047331876,5311962099,1,2,0.016161857172846794
6047942160,7612876955,1,2,0.04426354169845581
6048249860,1188472987,1,2,0.01683392934501171
6052110532,6425881183,1,2,0.04635689780116081
6054638721,2201915244,1,2,0.04511665180325508
6055396394,5730240854,1,2,0.024797046557068825
6056810348,5789387121,1,2,0.016089055687189102
6057493119,6153121801,1,2,0.025481944903731346
6058433126,2201915244,1,2,0.02385474555194378
6065238581,3217742437,1,2,0.014047476463019848
6065250621,7850599876,1,2,0.04123834893107414
6065305919,5428423860,1,2,0.027925748378038406
6067347236,3217742437,1,2,0.04012154042720795
6067391403,1297975973,1,2,0.03944403678178787
6067942677,3098510521,1,2,0.025442134588956833
6069779399,5365378896,1,2,0.04702106863260269
6071245333,1195908387,1,2,0.03982023894786835
6074231828,1816029971,1,2,0.03967154771089554
6075899843,7240026510,1,2,0.01211967971175909
6078420970,1816029971,1,2,0.009038017131388187
6079322081,5365378896,1,2,0.017276227474212646
6081160242,5955730111,1,2,0.0245344340801239
6084227841,6153121801,1,2,0.04687207564711571
6084227841,7767144248,1,2,0.045609183609485626
6084775524,5789387121,1,2,0.01912662945687771
6086668009,6788591973,1,2,0.028144918382167816
6086668009,7804300115,1,2,0.043323058634996414
6087061776,6483039487,1,2,0.02812567912042141
6089135424,5767049948,1,2,0.04365431144833565
6090527688,2909406375,1,2,0.009266686625778675
6093705327,2909406375,1,2,0.04858553409576416
6094352102,5789387121,1,2,0.01236788835376501
6094748382,1188472987,1,2,0.026806754991412163
6095398627,1554226303,1,2,0.05922967568039894
6095768801,1554226303,1,2,0.017393013462424278
6098321098,7767144248,1,2,0.04671335220336914
6098865380,5428423860,1,2,0.04515289142727852
6098910513,7866135934,1,2,0.01438798476010561
6099762425,7847210480,1,2,0.04680962488055229
6103990879,6618737705,1,2,0.012321705929934978
6105414873,6232442780,1,2,0.03970431908965111
6108275308,6153121801,1,2,0.04354361817240715
6109841985,5767049948,1,2,0.05571899935603142
6110450262,6276227682,1,2,0.06010877713561058
6112997119,5767049948,1,2,0.05442008376121521
6114861094,1195908387,1,2,0.05081614479422569
6116297971,5428423860,1,2,0.057539865374565125
6116624314,1917488115,1,2,0.014304930344223976
6120258046,7767144248,1,2,0.06935557723045349
6120662293,6153121801,1,2,0.01134173572063446
6120662293,7506746741,1,2,0.04623712599277496
6120662293,7767144248,1,2,0.04067109897732735
6120886333,7844581127,1,2,0.047004230320453644
6121945370,5955730111,1,2,0.054230645298957825
6123208888,2002400427,1,2,0.014373388141393661
6124126982,7844581127,1,2,0.01834137551486492
6124288905,7767144248,1,2,0.045241765677928925
6124440234,6272876985,1,2,0.05649588257074356
6124704701,3778125742,1,2,0.012074989266693592
6125838276,6243146585,1,2,0.053467657417058945
6125838276,6437735703,1,2,0.01836966909468174
6126717712,6113513458,1,2,0.04582415893673897
6128111861,7760290512,1,2,0.08969724178314209
6128660215,2219969573,1,2,0.014338373206555843
6130797500,3217035437,1,2,0.040694236755371094
6134563997,2427613143,1,2,0.011719966307282448
6137058313,5250260756,1,2,0.017357761040329933
6137109045,7765668071,1,2,0.04319855943322182
6137694124,9165329829,1,2,0.04479727894067764
6137827265,1188472987,1,2,0.08060447126626968
6138018794,5226302309,1,2,0.024305960163474083
6140103743,2002400427,1,2,0.046568818390369415
6140728494,6788591973,1,2,0.049192529171705246
6141121645,5365378896,1,2,0.04625796526670456
6142450995,1719397245,1,2,0.04701782017946243
6144145181,2201915244,1,2,0.05521310120820999
6146790366,6113513458,1,2,0.009289875626564026
6148461329,6788591973,1,2,0.04674817994236946
6148530103,5365378896,1,2,0.043549545109272
6152251617,5407978252,1,2,0.04372744262218475
6152283206,2002400427,1,2,0.01137700118124485
6152327584,1041705884,1,2,0.011576359160244465
6154865031,5428423860,1,2,0.046710770577192307
6154865031,6420654776,1,2,0.08987926691770554
6156240739,3051163592,1,2,0.0414261557161808
6156597813,7757687460,1,2,0.05190850421786308
6157025174,3905581452,1,2,0.08517947047948837
6157526046,3082731712,1,2,0.013028479181230068
6158871758,3098510521,1,2,0.018208429217338562
6159907383,7946457588,1,2,0.029118573293089867
6166627165,3847642518,1,2,0.019174030050635338
6169068936,6618737705,1,2,0.05337778478860855
6169768484,5226302309,1,2,0.04015243053436279
6174051169,5428423860,1,2,0.04800429195165634
6175234890,1647256370,1,2,0.008870571851730347
6175635733,7380722614,1,2,0.010844256728887558
6179345503,7380722614,1,2,0.01676255278289318
6179753889,5250260756,1,2,0.014466416090726852
6179930798,5250260756,1,2,0.046440012753009796
6183449684,1645599505,1,2,0.040652308613061905
6184963516,5407978252,1,2,0.014342950657010078
6186387394,6483039487,1,2,0.03982023894786835
6193913198,6001863056,1,2,0.11671144515275955
6198853428,2891416631,1,2,0.016071580350399017
6198853428,5250260756,1,2,0.014686251059174538
6199523389,6788591973,1,2,0.04457377642393112
6201206132,1297975973,1,2,0.03988257050514221
6203506040,6153121801,1,2,0.06328699737787247
6205989849,6113513458,1,2,0.04760412126779556
6207770619,6272876985,1,2,0.01834137551486492
6210221613,1316949123,1,2,0.04375499114394188
6213369701,3217035437,1,2,0.009088704362511635
6216067048,7804300115,1,2,0.04770835116505623
6216744881,1816029971,1,2,0.012475422583520412
6219713128,3217742437,1,2,0.04509544372558594
6226325896,5365378896,1,2,0.04884180799126625
6227273439,6871895822,1,2,0.009102724492549896
6230692465,3217035437,1,2,0.010824847035109997
6240623705,1554226303,1,2,0.01433076336979866
6242369268,3543420821,1,2,0.04978126659989357
6242369268,7767144248,1,2,0.04366529732942581
6242587462,2201915244,1,2,0.04608666151762009
6242882251,5311962099,1,2,0.01148230116814375
6243491180,6272876985,1,2,0.03892938047647476
6243550649,1497609517,1,2,0.04302547127008438
6245021138,6065301364,1,2,0.039731379598379135
6246400104,6788591973,1,2,0.010882912203669548
6246470049,3292333231,1,2,0.04589072987437248
6247338562,5428423860,1,2,0.04373316466808319
6248745007,3412668714,1,2,0.014385155402123928
6250516046,7767144248,1,2,0.01478369627147913
6260928891,5730240854,1,2,0.04790953919291496
6261492132,7734889891,1,2,0.044672947376966476
6265177214,5428423860,1,2,0.04922513663768768
6269105454,7804300115,1,2,0.040355000644922256
6272498050,2002400427,1,2,0.01676255278289318
6274959982,7760290512,1,2,0.01432594284415245
6275659691,7380722614,1,2,0.03993809595704079
6276709484,6437735703,1,2,0.0434839203953743
6277685000,5250260756,1,2,0.01080078724771738
6278236541,2560497310,1,2,0.04067755490541458
6283616615,7341744407,1,2,0.01230099517852068
6285933371,3973292213,1,2,0.009199706837534904
6289102385,7804300115,1,2,0.04309149831533432
6293602136,6580670764,1,2,0.044931985437870026
6294239826,5070705161,1,2,0.14772506058216095
6296409557,3217035437,1,2,0.19416560232639313
6296595060,3217742437,1,2,0.024652255699038506
6296676967,6065301364,1,2,0.041208501905202866
6298547794,7188930130,1,2,0.09553404152393341
6299576043,7734889891,1,2,0.026737291365861893
6300132860,7912058860,1,2,0.042519960552453995
6300234639,1816029971,1,2,0.047007977962493896
6302877294,2002400427,1,2,0.04672034829854965
6303169891,2560497310,1,2,0.03993809595704079
6303741708,2018925253,1,2,0.014760803431272507
6304852312,7804300115,1,2,0.013954894617199898
6306243419,6871895822,1,2,0.009080716408789158
6311814559,7767144248,1,2,0.04387369006872177
6311847543,5428423860,1,2,0.016826998442411423
6312726041,6243146585,1,2,0.007607306819409132
6313755319,7757687460,1,2,0.04674785956740379
6313972943,2427613143,1,2,0.045516565442085266
6313972943,3543420821,1,2,0.10374347865581512
6313972943,5250260756,1,2,0.03970431908965111
6313972943,6153121801,1,2,0.047193512320518494
6313972943,6523666955,1,2,0.039587244391441345
6313972943,7767144248,1,2,0.0508173443377018
6314231582,7341744407,1,2,0.0808681920170784
6314571178,1875293522,1,2,0.013836940750479698
6317004422,1647256370,1,2,0.04541829973459244
6326658563,2560497310,1,2,0.03923320770263672
6328108045,5250260756,1,2,0.05798742547631264
6328108045,7804300115,1,2,0.04381792992353439
6330827582,5428423860,1,2,0.04070153832435608
6330967556,6425881183,1,2,0.05703255534172058
6332254638,1816029971,1,2,0.04687207564711571
6335110770,5428423860,1,2,0.046584486961364746
6336142326,7844581127,1,2,0.05703255534172058
6336727393,6580670764,1,2,0.04366529732942581
6338374206,5020552519,1,2,0.047574788331985474
6338426400,6272876985,1,2,0.012099183164536953
6341263455,1645599505,1,2,0.03956053406000137
6343545114,3973292213,1,2,0.04430248215794563
6344687667,6001863056,1,2,0.009050882421433926
6345424036,6558040566,1,2,0.023997047916054726
6345571067,2002400427,1,2,0.024764498695731163
6346618705,5730240854,1,2,0.01676255278289318
6351430957,5939204645,1,2,0.039548106491565704
6351929548,5987057408,1,2,0.017481541261076927
6352030937,1195908387,1,2,0.04915517196059227
6352947134,9165329829,1,2,0.01067208219319582
6353318165,6502204514,1,2,0.017481541261076927
6354405994,6618737705,1,2,0.009102724492549896
6355773988,1875293522,1,2,0.0384790264070034
6356018956,6502204514,1,2,0.04576876014471054
6356088287,7380722614,1,2,0.040020402520895004
6357461165,2217048775,1,2,0.04760115593671799
6358868863,3217742437,1,2,0.04402623698115349
6358868863,6065301364,1,2,0.04633034020662308
6360182812,7240026510,1,2,0.014213738031685352
6362494295,5428423860,1,2,0.06482980400323868
6364508255,3082731712,1,2,0.024764498695731163
6367253711,7847210480,1,2,0.04894697293639183
6369592839,1816029971,1,2,0.01812281459569931
6371421716,6441657735,1,2,0.025491075590252876
6371440832,7200019989,1,2,0.07854697108268738
6371480339,7734889891,1,2,0.019835207611322403
6372503241,7804300115,1,2,0.04653278738260269
6375215321,7200019989,1,2,0.009088704362511635
6375864476,5428423860,1,2,0.047290995717048645
6375869841,6304429250,1,2,0.07526096701622009
6376536223,3671879202,1,2,0.015503439120948315
6380309035,2560497310,1,2,0.04558122158050537
6382465960,6442235149,1,2,0.043822988867759705
6383834626,6523666955,1,2,0.04897162690758705
6384094120,3671879202,1,2,0.07528859376907349
6387270897,3217035437,1,2,0.020664259791374207
6388881237,3541413702,1,2,0.037989985197782516
6389972929,7847210480,1,2,0.07498394697904587
6398285228,2705589884,1,2,0.05232424661517143
6399001588,6788591973,1,2,0.011442167684435844
6405574504,5789387121,1,2,0.04915517196059227
6408628409,7625326364,1,2,0.011752700433135033
6409662397,2090591961,1,2,0.017367444932460785
6414483665,5543176559,1,2,0.014070388861000538
6414754851,5428423860,1,2,0.047423411160707474
6417288728,1875293522,1,2,0.043744128197431564
6417311813,2891416631,1,2,0.04374556988477707
6420654776,6420654776,1,2,0.014760803431272507
6422226540,6420654776,1,2,0.05328099802136421
6422789400,7160110296,1,2,0.01078080851584673
6424107124,3778125742,1,2,0.05184369161725044
6429908791,7734889891,1,2,0.04398724064230919
6431363980,1737850362,1,2,0.04419812560081482
6435458408,7866135934,1,2,0.054230645298957825
6436432521,6304429250,1,2,0.051643334329128265
6439839435,1737850362,1,2,0.043386928737163544
6441513845,5600540896,1,2,0.009088704362511635
6443251295,5250260756,1,2,0.014469776302576065
6443411459,7734889891,1,2,0.0508173443377018
6443590529,5428423860,1,2,0.04123752936720848
6443590529,6420654776,1,2,0.011360831558704376
6444938272,3217035437,1,2,0.009022827260196209
6445546177,6442235149,1,2,0.05549975484609604
6447802185,2018925253,1,2,0.04765910655260086
6448067294,6523666955,1,2,0.03963037580251694
6450068750,5250260756,1,2,0.10318238288164139
6450068750,6483039487,1,2,0.05271824821829796
6451523958,7804300115,1,2,0.01676255278289318
6452194854,1719397245,1,2,0.0493067242205143
6455278087,3778125742,1,2,0.010722499340772629
6455887120,1316949123,1,2,0.044409580528736115
6456559730,5226302309,1,2,0.04085523635149002
6457397933,1797539504,1,2,0.039015937596559525
6457644489,7380722614,1,2,0.039836857467889786
6458386250,5428423860,1,2,0.07868965715169907
6458845374,2201915244,1,2,0.08642683923244476
6459732362,6001863056,1,2,0.08981305360794067
6461156578,1954778190,1,2,0.08974319696426392
6461774513,5250260756,1,2,0.029058681800961494
6461986372,5428423860,1,2,0.0091089503839612
6463337564,6124100893,1,2,0.05734269693493843
6466297414,3412668714,1,2,0.04599590599536896
6468142897,2909406375,1,2,0.04691331461071968
6470849523,5020552519,1,2,0.044409580528736115
6471995081,1811903663,1,2,0.010700446553528309
6472974847,1816029971,1,2,0.046623602509498596
6474091695,7946457588,1,2,0.04874439164996147
6474567854,7804300115,1,2,0.014716402627527714
6476287452,3292333231,1,2,0.016432154923677444
6476475475,6483039487,1,2,0.0076420605182647705
6476663717,3973292213,1,2,0.042818255722522736
6478270106,6441657735,1,2,0.023967500776052475
6478296291,7625326364,1,2,0.017481541261076927
6478381694,1811903663,1,2,0.048911478370428085
6478381694,2219969573,1,2,0.00915076956152916
6478381694,6502204514,1,2,0.014519887045025826
6478740616,1297975973,1,2,0.03804405778646469
6478883823,5428423860,1,2,0.04588581621646881
6480425540,6502204514,1,2,0.010890643112361431
6481122076,5365378896,1,2,0.01389328297227621
6481714157,6618737705,1,2,0.026630137115716934
6482346104,3292333231,1,2,0.046506769955158234
6483309777,7804300115,1,2,0.045980289578437805
6484237577,5543176559,1,2,0.009062038734555244
6484635189,5531506227,1,2,0.04532264918088913
6484871353,2002400427,1,2,0.04673183336853981
6484871353,2201915244,1,2,0.019398439675569534
6484901896,5428423860,1,2,0.052218277007341385
6485104230,7341744407,1,2,0.0495116151869297
6485135074,3082731712,1,2,0.04402429983019829
6487786517,7200019989,1,2,0.08060447126626968
6488535487,7461276382,1,2,0.009030511602759361
6488790498,5428423860,1,2,0.05837291479110718
6490386317,2201915244,1,2,0.06408017128705978
6493599725,6304429250,1,2,0.014070388861000538
6494101136,3847642518,1,2,0.024626391008496284
6495291341,7804300115,1,2,0.0460624061524868
6495956394,7804300115,1,2,0.04066380113363266
6495956394,7866135934,1,2,0.01573391631245613
6498096705,5543176559,1,2,0.01867806538939476
6498488519,6580670764,1,2,0.11572582274675369
6499417936,5428423860,1,2,0.049278806895017624
6499886509,7757687460,1,2,0.031641993671655655
6501435323,5543176559,1,2,0.0574951097369194
6502847479,6153121801,1,2,0.07813627272844315
6504034181,5600540896,1,2,0.007589687127619982
6505442645,7461276382,1,2,0.016552241519093513
6506720881,5070705161,1,2,0.01432594284415245
6506872161,3905581452,1,2,0.04674752056598663
6510330260,7804300115,1,2,0.056666452437639236
6514492322,6502204514,1,2,0.031966835260391235
6516655185,1497609517,1,2,0.048349231481552124
6517592900,3217035437,1,2,0.026586223393678665
6517929707,7847210480,1,2,0.016867035999894142
6518136011,3671879202,1,2,0.08110614866018295
6520148350,1041705884,1,2,0.025358153507113457
6520466508,2002400427,1,2,0.010632231831550598
6520466508,2201915244,1,2,0.05950808525085449
6520649510,5972505998,1,2,0.06299299746751785
6521767558,7461276382,1,2,0.04768936708569527
6522321411,7850599876,1,2,0.009088704362511635
6523198152,6502204514,1,2,0.020702555775642395
6523329535,7893929649,1,2,0.04694414511322975
6530939618,5428423860,1,2,0.04415518045425415
6532009767,6420654776,1,2,0.04786071181297302
6534526224,2002400427,1,2,0.02348220720887184
6536752832,5543176559,1,2,0.049680739641189575
6541815589,1195908387,1,2,0.007904289290308952
6541815589,7847210480,1,2,0.03980950638651848
6549772226,7734889891,1,2,0.014070388861000538
6553990368,1297975973,1,2,0.040680546313524246
6556190979,1816029971,1,2,0.03976317122578621
6556657694,6558040566,1,2,0.03918435797095299
6559055428,5789387121,1,2,0.014335350133478642
6560093474,7804300115,1,2,0.04651471599936485
6561223167,1188472987,1,2,0.02055249735713005
6561223167,1917488115,1,2,0.018265048041939735
6563650638,6442235149,1,2,0.0499977171421051
6568878143,5428423860,1,2,0.044007278978824615
6569810465,7866135934,1,2,0.04067109897732735
6569925002,1188472987,1,2,0.09009674936532974
6571966934,6425881183,1,2,0.07430365681648254
6572599385,7506746741,1,2,0.051213644444942474
6572599385,7866135934,1,2,0.02697298675775528
6572784019,7734889891,1,2,0.020684359595179558
6572850998,7804300115,1,2,0.085567906498909
6573938570,5939204645,1,2,0.04674817994236946
6574690140,3217035437,1,2,0.02810491807758808
6576984362,1041705884,1,2,0.07198705524206161
6577239964,6441657735,1,2,0.06743991374969482
6577430644,1821525001,1,2,0.048260804265737534
6579969498,2201915244,1,2,0.02810491807758808
6580786502,7160110296,1,2,0.0631970465183258
6585653692,7866135934,1,2,0.03152977302670479
6585990740,6788591973,1,2,0.04073261469602585
6586873489,5531506227,1,2,0.009273969568312168
6588120898,5311962099,1,2,0.013969244435429573
6590518425,9165329829,1,2,0.012176673859357834
6596460896,6837278495,1,2,0.040680546313524246
6596460896,6839422251,1,2,0.012602521106600761
6599454226,3829981184,1,2,0.03913840278983116
6602595794,3317704373,1,2,0.04711911082267761
6603247892,7866135934,1,2,0.05490732192993164
6603690009,2937990707,1,2,0.04699910432100296
6604114176,1647256370,1,2,0.04946247860789299
6607304247,5767049948,1,2,0.058500878512859344
6607593762,1811903663,1,2,0.09163010865449905
6607593762,3829981184,1,2,0.039120253175497055
6607882366,6442235149,1,2,0.018239086493849754
6609148922,5767049948,1,2,0.037156734615564346
6610426151,1497609517,1,2,0.0462486669421196
6611870876,7850599876,1,2,0.04772011190652847
6612394647,1041705884,1,2,0.012321705929934978
6613325275,5428423860,1,2,0.051118165254592896
6613929574,7767144248,1,2,0.05984077230095863
6613929574,7804300115,1,2,0.011288406327366829
6614069511,1041705884,1,2,0.09298340231180191
6614528596,7767144248,1,2,0.04897814244031906
6614541969,1821525001,1,2,0.006562107242643833
6614830196,1875293522,1,2,0.01886960305273533
6615605106,6124100893,1,2,0.0542290136218071
6617567886,6065301364,1,2,0.04974481463432312
6618900848,6304429250,1,2,0.038660816848278046
6618900848,7757687460,1,2,0.07480824738740921
6619383698,2217066377,1,2,0.012409921735525131
6619800953,1821525001,1,2,0.042365189641714096
6620340779,6788591973,1,2,0.07768956571817398
6623716262,5926318749,1,2,0.009062038734555244
6627837181,7160110296,1,2,0.043149396777153015
6632866084,3412668714,1,2,0.045530859380960464
6633813429,7767144248,1,2,0.012390808202326298
6636351939,3973292213,1,2,0.08995400369167328
6636351939,7467277921,1,2,0.07418593019247055
6638891509,5250260756,1,2,0.05292842537164688
6642282537,2008062861,1,2,0.05180174112319946
6642351307,2705589884,1,2,0.07973648607730865
6642539688,7804300115,1,2,0.05722314119338989
6643207912,6153121801,1,2,0.09627339988946915
6643222037,5574911608,1,2,0.009096005000174046
6646212653,6232442780,1,2,0.06865610927343369
6652974634,6304429250,1,2,0.014520636759698391
6656550305,2891416631,1,2,0.049094799906015396
6659388600,7767144248,1,2,0.085567906498909
6660147759,6113513458,1,2,0.03993809595704079
6660781013,7625326364,1,2,0.045308489352464676
6661341602,5428423860,1,2,0.014070388861000538
6663009101,6276227682,1,2,0.1166054829955101
6666495820,5730240854,1,2,0.016056988388299942
6670777250,7767144248,1,2,0.05317847058176994
6675318855,6837278495,1,2,0.04755525663495064
6675318855,6839422251,1,2,0.01676255278289318
6679192530,6113513458,1,2,0.0466708168387413
6686137325,6001863056,1,2,0.020816804841160774
6688981686,7893929649,1,2,0.023496659472584724
6694550947,1719397245,1,2,0.049278806895017624
6697027127,7612876955,1,2,0.01676255278289318
6703271307,5428423860,1,2,0.036874402314424515
6705887337,2427613143,1,2,0.043149396777153015
6707713335,3217742437,1,2,0.07541906088590622
6710581900,7461276382,1,2,0.04440116882324219
6721667739,2937990707,1,2,0.0397089384496212
6739225264,2560497310,1,2,0.049339406192302704
6744311747,5730240854,1,2,0.028224332258105278
6744905755,3217035437,1,2,0.041720930486917496
6746001413,3543420821,1,2,0.04331187903881073
6746001413,7767144248,1,2,0.043549545109272
6746169331,6113513458,1,2,0.017511123791337013
6748667139,6001863056,1,2,0.011433720588684082
6754082660,1816029971,1,2,0.014466416090726852
6754456403,1875293522,1,2,0.057608794420957565
6762134101,6788591973,1,2,0.06884972751140594
6762134101,7866135934,1,2,0.056485746055841446
6764352067,7461276382,1,2,0.14871202409267426
6776655367,1816029971,1,2,0.04195999354124069
6780580379,5926318749,1,2,0.03154440224170685
6784934739,6276227682,1,2,0.054230645298957825
6786220966,1737850362,1,2,0.05749368667602539
6791173024,7240026510,1,2,0.057128578424453735
6795686490,7912058860,1,2,0.057402607053518295
6802378376,7734889891,1,2,0.04599590599536896
6807262165,5767049948,1,2,0.03792612999677658
6807263453,1316949123,1,2,0.024850264191627502
6813655343,6618737705,1,2,0.04230911657214165
6825590951,7380722614,1,2,0.040749333798885345
6832365345,7200019989,1,2,0.019061846658587456
6834351860,5250260756,1,2,0.04753734543919563
6835357110,3217742437,1,2,0.06496136635541916
6838053383,6839422251,1,2,0.00913009699434042
6839427905,6837278495,1,2,0.05521409586071968
6839600660,5070705161,1,2,0.016510404646396637
6839600660,5972505998,1,2,0.03971998393535614
6850291428,7506746741,1,2,0.04066598415374756
6857122027,7850599876,1,2,0.05768017843365669
6858873223,5226302309,1,2,0.03830458223819733
6863572591,2219969573,1,2,0.027194712311029434
6868700467,6502204514,1,2,0.038274455815553665
6871895822,6871895822,1,2,0.010907728224992752
6878811189,5987057408,1,2,0.010849976912140846
6880373971,5365378896,1,2,0.04019148275256157
6886079831,6304429250,1,2,0.04704345017671585
6890984443,7847210480,1,2,0.017481541261076927
6895289962,6243146585,1,2,0.057539865374565125
6898195019,9165329829,1,2,0.028144918382167816
6898558046,6153121801,1,2,0.04696418717503548
6902066598,3412668714,1,2,0.046557337045669556
6910754286,3541413702,1,2,0.04760115593671799
6915113262,5428423860,1,2,0.04800429195165634
6926278145,5574911608,1,2,0.03915289789438248
6927285178,6420654776,1,2,0.01650659181177616
6930156962,6441657735,1,2,0.024764498695731163
6934375549,6871895822,1,2,0.044672947376966476
6960351193,6502204514,1,2,0.045820582658052444
6964621326,6304429250,1,2,0.05797528102993965
6966606731,3317704373,1,2,0.014143533073365688
6973960303,1954778190,1,2,0.057537585496902466
6979349835,7804300115,1,2,0.011682363227009773
6979851760,7804300115,1,2,0.03491492196917534
6981458823,6272876985,1,2,0.040252454578876495
6982878899,1188472987,1,2,0.024104785174131393
6985562762,7200019989,1,2,0.010809462517499924
6987335786,2219969573,1,2,0.028082363307476044
6988372508,5767049948,1,2,0.0893295481801033
6990305140,3098510521,1,2,0.020067457109689713
6991873630,5543176559,1,2,0.02382250316441059
6992181225,6442235149,1,2,0.014963305555284023
6992593942,1316949123,1,2,0.04472062736749649
6996037293,1821525001,1,2,0.04173485189676285
7001132329,6420654776,1,2,0.014369593001902103
7002091839,7847210480,1,2,0.0247427336871624
7006537516,7188930130,1,2,0.04618537425994873
7007336873,7765668071,1,2,0.04360853135585785
7010682405,6523666955,1,2,0.02421168051660061
7010682405,7804300115,1,2,0.04464152827858925
7015724069,6502204514,1,2,0.0552847646176815
7019520733,5428423860,1,2,0.01888950727880001
7019520733,7850599876,1,2,0.0588560588657856
7025526778,1554226303,1,2,0.0494639091193676
7025551829,3082731712,1,2,0.04074632376432419
7025983407,7804300115,1,2,0.05527737736701965
7027738944,5767049948,1,2,0.05433906242251396
7032391915,3543420821,1,2,0.011995512060821056
7034095279,2002400427,1,2,0.15652914345264435
7034095279,2201915244,1,2,0.02823769301176071
7034095279,5428423860,1,2,0.017481541261076927
7034095279,7850599876,1,2,0.03970431908965111
7034875411,1954778190,1,2,0.04067263752222061
7039369410,2002400427,1,2,0.016491038724780083
7042081233,7847210480,1,2,0.0471261665225029
7046928643,7160110296,1,2,0.01683065854012966
7053735761,2018925253,1,2,0.017494624480605125
7058928949,3082731712,1,2,0.04779559746384621
7061992515,1917488115,1,2,0.061217039823532104
7066212035,5574911608,1,2,0.06482980400323868
7069545912,3217742437,1,2,0.05392159894108772
7069545912,6560668913,1,2,0.051587242633104324
7083698859,7760290512,1,2,0.08051826059818268
7089887695,1041705884,1,2,0.044988032430410385
7093682308,1811903663,1,2,0.04001828283071518
7097522993,5574911608,1,2,0.014364894479513168
7101742696,3217035437,1,2,0.044438473880290985
7106057149,5033845034,1,2,0.052218277007341385
7107032825,5767049948,1,2,0.09171652048826218
7107179748,7200019989,1,2,0.04907254874706268
7112011079,6272876985,1,2,0.039234746247529984
7113226758,1041705884,1,2,0.040635570883750916
7119567247,6420654776,1,2,0.01087881438434124
7123441373,1188472987,1,2,0.04120209813117981
7125675440,1816029971,1,2,0.014369593001902103
7126080859,7200019989,1,2,0.039234746247529984
7149175323,6442235149,1,2,0.04535847157239914
7156911488,6554603444,1,2,0.04538477584719658
7168699288,3541413702,1,2,0.04512069746851921
7171066659,6113513458,1,2,0.012520493939518929
7172014689,1797539504,1,2,0.014070388861000538
7180839735,6558040566,1,2,0.014369593001902103
7185176312,7461276382,1,2,0.016424309462308884
7185765833,6441657735,1,2,0.05773939937353134
7185998502,2201915244,1,2,0.04415518045425415
7188667164,6425881183,1,2,0.009080716408789158
7190894435,5600540896,1,2,0.009211307391524315
7192800349,2217066377,1,2,0.04541829973459244
7194773256,7734889891,1,2,0.024718690663576126
7198019672,3973292213,1,2,0.010913832113146782
7200019989,7200019989,1,2,0.01230099517852068
7207045288,6871895822,1,2,0.045308489352464676
7207742336,7804300115,1,2,0.01908038556575775
7209915377,6483039487,1,2,0.03934718295931816
7209976143,2002400427,1,2,0.05534127354621887
7210847546,3973292213,1,2,0.04986188933253288
7211148835,7765668071,1,2,0.04788129776716232
7212356144,5730240854,1,2,0.022612906992435455
7213001610,5311962099,1,2,0.028262535110116005
7214862704,7767144248,1,2,0.038157522678375244
7215435780,3217035437,1,2,0.04625386372208595
7215453518,2002400427,1,2,0.04405540972948074
7215575653,6420654776,1,2,0.04375499114394188
7217985577,6502204514,1,2,0.11689663678407669
7229965075,6425881183,1,2,0.023827554658055305
7231141839,5428423860,1,2,0.044273145496845245
7237042134,5428423860,1,2,0.03918849304318428
7238416666,5730240854,1,2,0.010904532857239246
7240124041,7847210480,1,2,0.05525542050600052
7244689731,7804300115,1,2,0.04423423111438751
7246153446,7767144248,1,2,0.014737870544195175
7247843906,5730240854,1,2,0.023541025817394257
7250334348,6153121801,1,2,0.04283663630485535
7257086274,3973292213,1,2,0.02817961573600769
7257223953,5226302309,1,2,0.010378396138548851
7257689338,6502204514,1,2,0.03240475803613663
7261514048,6442235149,1,2,0.04004606232047081
7270732565,7847210480,1,2,0.017494624480605125
7271506780,5767049948,1,2,0.014477450400590897
7271800506,6304429250,1,2,0.0401664599776268
7272093353,5365378896,1,2,0.058817483484745026
7272747082,7240026510,1,2,0.04583685100078583
7274195852,3292333231,1,2,0.040723152458667755
7275729663,3543420821,1,2,0.03988463804125786
7275729663,6788591973,1,2,0.04603705182671547
7277231700,6523666955,1,2,0.01067208219319582
7278172326,1821525001,1,2,0.014346802607178688
7278732469,7804300115,1,2,0.043548133224248886
7278763128,5574911608,1,2,0.009062038734555244
7279464528,6523666955,1,2,0.048694901168346405
7279598013,3217742437,1,2,0.016865944489836693
7279794880,3082731712,1,2,0.016478704288601875
7279945706,6276227682,1,2,0.04334591329097748
7280330258,5767049948,1,2,0.03993809595704079
7280338093,5428423860,1,2,0.04878857359290123
7280338093,7850599876,1,2,0.04358093440532684
7282938712,7912058860,1,2,0.014457058161497116
7283695912,7200019989,1,2,0.047423411160707474
7284042601,3217035437,1,2,0.024912690743803978
7284126993,1554226303,1,2,0.01676255278289318
7284242348,5987057408,1,2,0.04387369006872177
7284590309,7160110296,1,2,0.05521310120820999
7285472863,9165329829,1,2,0.09627339988946915
7285844927,2909406375,1,2,0.04324551671743393
7287352403,7765668071,1,2,0.04600568860769272
7287639239,7804300115,1,2,0.04077206924557686
7288739472,2002400427,1,2,0.010769098997116089
7288874073,5070705161,1,2,0.02408699132502079
7291187334,5428423860,1,2,0.0290902778506279
7291888801,2705589884,1,2,0.04982506111264229
7294004188,1816029971,1,2,0.02893294021487236
7297286775,6420654776,1,2,0.04942338541150093
7299299119,6276227682,1,2,0.04775582626461983
7303946488,2560497310,1,2,0.029209110885858536
7304349878,1917488115,1,2,0.009240205399692059
7305011159,1195908387,1,2,0.046568818390369415
7305013645,2201915244,1,2,0.045159630477428436
7306027105,6442235149,1,2,0.017481541261076927
7309334237,7847210480,1,2,0.04600154981017113
7309845936,1816029971,1,2,0.014443010091781616
7309867176,6425881183,1,2,0.018415190279483795
7310045671,5226302309,1,2,0.044024936854839325
7310483255,7612876955,1,2,0.011318408884108067
7310769975,6276227682,1,2,0.025390608236193657
7311519122,3671879202,1,2,0.01920280233025551
7312677265,9165329829,1,2,0.010838191956281662
7313582111,7804300115,1,2,0.03923320770263672
7313779991,3082731712,1,2,0.05492875352501869
7316931551,1297975973,1,2,0.04629668965935707
7317376718,7760290512,1,2,0.010874543339014053
7317669901,1297975973,1,2,0.03998152166604996
7319463318,2705589884,1,2,0.048307351768016815
7321548432,3412668714,1,2,0.04231623560190201
7322608923,1297975973,1,2,0.046915002167224884
7325042768,5428423860,1,2,0.046291012316942215
7327194133,3098510521,1,2,0.014427323825657368
7328576645,5730240854,1,2,0.0809561237692833
7328924049,7200019989,1,2,0.03993809595704079
7331165589,1645599505,1,2,0.014585074968636036
7331489423,2201915244,1,2,0.04671335220336914
7331699774,6788591973,1,2,0.04451802745461464
7332934349,1195908387,1,2,0.04074477776885033
7335937620,5250260756,1,2,0.04455452784895897
7336651972,5789387121,1,2,0.041502103209495544
7337866894,6153121801,1,2,0.014251516200602055
7340966285,7804300115,1,2,0.04905712604522705
7342222902,5939204645,1,2,0.05521409586071968
7342227727,5226302309,1,2,0.014520636759698391
7343651861,1645599505,1,2,0.011723616160452366
7345289195,7804300115,1,2,0.04907254874706268
7345634569,2560497310,1,2,0.053225256502628326
7346490369,6232442780,1,2,0.017346609383821487
7347005140,7506746741,1,2,0.03491492196917534
7349213577,1188472987,1,2,0.0268893763422966
7350088951,5365378896,1,2,0.011318408884108067
7350442295,2201915244,1,2,0.014737870544195175
7350835134,6558040566,1,2,0.01975494809448719
7350920887,2560497310,1,2,0.024651259183883667
7351998196,2201915244,1,2,0.013942013494670391
7357211247,7844581127,1,2,0.04492705687880516
7358140854,6523666955,1,2,0.0397089384496212
7360146097,9165329829,1,2,0.03979077190160751
7360302064,7188930130,1,2,0.047930359840393066
7360379039,1954778190,1,2,0.039898306131362915
7361421909,3217035437,1,2,0.024584997445344925
7364365909,5531506227,1,2,0.017494624480605125
7365181791,5574911608,1,2,0.04579143971204758
7366523663,3217742437,1,2,0.024469399824738503
7367863996,3217035437,1,2,0.07531648129224777
7368356271,7734889891,1,2,0.04753734543919563
7370601356,6113513458,1,2,0.0502653531730175
7371171018,6420654776,1,2,0.04952956363558769
7371171018,7850599876,1,2,0.04389532655477524
7371534895,3317704373,1,2,0.03988463804125786
7374106655,5250260756,1,2,0.05619031563401222
7375893207,3217742437,1,2,0.013865347020328045
7376857898,2090591961,1,2,0.04466564208269119
7378094994,6153121801,1,2,0.02817961573600769
7378094994,7804300115,1,2,0.04543182626366615
7379678099,5730240854,1,2,0.01828756369650364
7379715611,7912058860,1,2,0.04749090224504471
7381541267,7912058860,1,2,0.0245344340801239
7382160940,1316949123,1,2,0.04663483425974846
7382758581,6441657735,1,2,0.04586506634950638
7384474329,7847210480,1,2,0.017494624480605125
7384844416,7200019989,1,2,0.04800429195165634
7385438127,3847642518,1,2,0.048911478370428085
7385538458,7847210480,1,2,0.01580977439880371
7385644052,1737850362,1,2,0.03513169288635254
7386845614,3412668714,1,2,0.04495956376194954
7387086486,1797539504,1,2,0.010809462517499924
7387102950,6232442780,1,2,0.02803041785955429
7387161612,1850017837,1,2,0.04382401704788208
7387510720,2909406375,1,2,0.017481541261076927
7387937257,1719397245,1,2,0.028224332258105278
7388948924,2002400427,1,2,0.010849976912140846
7390903919,5311962099,1,2,0.05478314682841301
7391809569,5767049948,1,2,0.04597032442688942
7393354303,2705589884,1,2,0.04402429983019829
7394358296,6788591973,1,2,0.014466416090726852
7395128408,6442235149,1,2,0.0423414409160614
7395193174,7847210480,1,2,0.05183127894997597
7395836176,7844581127,1,2,0.016054103150963783
7397201988,6580670764,1,2,0.02683590166270733
7399810156,7200019989,1,2,0.05794932320713997
7401506975,1316949123,1,2,0.04514425992965698
7401851014,7461276382,1,2,0.03985776752233505
7402186530,2002400427,1,2,0.06839544326066971
7402186530,3317704373,1,2,0.04073474183678627
7402493747,7188930130,1,2,0.041698165237903595
7403786690,7804300115,1,2,0.04683244600892067
7406006054,5767049948,1,2,0.04512069746851921
7407210110,7188930130,1,2,0.03990984708070755
7410128470,7200019989,1,2,0.024950575083494186
7411414081,5767049948,1,2,0.05166442692279816
7411473681,7804300115,1,2,0.02810491807758808
7412043544,5226302309,1,2,0.05749368667602539
7412130835,2136848625,1,2,0.04427049681544304
7412975351,5070705161,1,2,0.0372660756111145
7413249374,3217742437,1,2,0.03948647528886795
7415715226,7506746741,1,2,0.04134713113307953
7416653698,3829981184,1,2,0.048096347600221634
7418997552,5250260756,1,2,0.05835946276783943
7418997552,6153121801,1,2,0.017494624480605125
7418997552,6483039487,1,2,0.014325291849672794
7419207923,7757687460,1,2,0.01650223322212696
7419986030,7912058860,1,2,0.04492061957716942
7423296397,7625326364,1,2,0.057443153113126755
7423471761,9165329829,1,2,0.04432067647576332
7424016178,1954778190,1,2,0.0498216412961483
7428374778,1875293522,1,2,0.04365431144833565
7429624522,5311962099,1,2,0.0406574122607708
7431931977,6272876985,1,2,0.04812616482377052
7432435668,1306484861,1,2,0.03970431908965111
7433046049,6001863056,1,2,0.01645764149725437
7433459781,5767049948,1,2,0.04070581495761871
7433532580,2219969573,1,2,0.03960486501455307
7434253395,7188930130,1,2,0.043383412063121796
7434755124,5926318749,1,2,0.009062038734555244
7435063227,3973292213,1,2,0.04812616482377052
7435862870,1954778190,1,2,0.04070581495761871
7436489524,1316949123,1,2,0.045020680874586105
7436845343,5987057408,1,2,0.046506695449352264
7437493762,7200019989,1,2,0.04186544567346573
7438237581,3217035437,1,2,0.028224332258105278
7438906544,6420654776,1,2,0.02542310394346714
7439338902,2705589884,1,2,0.01676255278289318
7439647593,2219969573,1,2,0.05541976913809776
7440826688,6425881183,1,2,0.04487351328134537
7442618355,2219969573,1,2,0.01438414677977562
7443225825,1195908387,1,2,0.019795037806034088
7443408734,9165329829,1,2,0.05220571905374527
7443635987,1917488115,1,2,0.045308489352464676
7450544828,6272876985,1,2,0.085567906498909
7451072130,6420654776,1,2,0.015905961394309998
7452211679,1041705884,1,2,0.048911478370428085
7452967629,1554226303,1,2,0.0900745838880539
7453025733,1791873284,1,2,0.07428537309169769
7453967180,5428423860,1,2,0.03914601355791092
7455120452,1917488115,1,2,0.017481541261076927
7455186939,1041705884,1,2,0.04156116768717766
7455198589,2705589884,1,2,0.046386413276195526
7455326161,7160110296,1,2,0.04855232685804367
7455350811,6580670764,1,2,0.05546671152114868
7455890777,5767049948,1,2,0.01101341936737299
7457068634,5789387121,1,2,0.014427323825657368
7458654607,1816029971,1,2,0.042842213064432144
7458852208,5574911608,1,2,0.04454214498400688
7459004270,7188930130,1,2,0.05147150903940201
7461741263,2002400427,1,2,0.039836857467889786
7461781768,2090591961,1,2,0.014492097310721874
7461936114,3829981184,1,2,0.04776889085769653
7462673836,5730240854,1,2,0.14890548586845398
7463216755,2937990707,1,2,0.014723815955221653
7463426198,6420654776,1,2,0.01676255278289318
7463794426,7461276382,1,2,0.01097449567168951
7463923134,6837278495,1,2,0.060866501182317734
7463923134,6839422251,1,2,0.026860013604164124
7464936677,1821525001,1,2,0.017481541261076927
7466319216,7200019989,1,2,0.014338373206555843
7468833273,1954778190,1,2,0.039192404597997665
7469696114,5365378896,1,2,0.010740552097558975
7470006720,1917488115,1,2,0.0639854446053505
7470733332,6124100893,1,2,0.040007155388593674
7470908541,7804300115,1,2,0.05167921259999275
7472155604,2201915244,1,2,0.024378027766942978
7472830039,7341744407,1,2,0.048307351768016815
7472840470,7757687460,1,2,0.017217710614204407
7473662502,6001863056,1,2,0.05739367753267288
7474056299,6441657735,1,2,0.0438605472445488
7474258566,2201915244,1,2,0.0809561237692833
7475688423,1645599505,1,2,0.019848672673106194
7478156815,1275418863,1,2,0.04621320590376854
7478156815,5250260756,1,2,0.057539865374565125
7479461437,1816029971,1,2,0.04897814244031906
7481054233,7804300115,1,2,0.039974816143512726
7481118901,6618737705,1,2,0.04378281906247139
7481118901,7866135934,1,2,0.04343637824058533
7481185886,7200019989,1,2,0.05614420399069786
7482893833,2002400427,1,2,0.04650970175862312
7483190608,1821525001,1,2,0.015835735946893692
7483362757,7804300115,1,2,0.049326736479997635
7483477615,1497609517,1,2,0.010952736251056194
7483630211,7912058860,1,2,0.010993787087500095
7485466518,3829981184,1,2,0.04752311483025551
7485763875,7847210480,1,2,0.04398135840892792
7486972106,6232442780,1,2,0.045863084495067596
7487189721,7866135934,1,2,0.04415518045425415
7487253374,6839422251,1,2,0.04274853691458702
7488445934,1195908387,1,2,0.014251516200602055
7488601104,6558040566,1,2,0.0290902778506279
7489533440,2090591961,1,2,0.00910822581499815
7490354099,5365378896,1,2,0.047673627734184265
7491200785,2219969573,1,2,0.03917032480239868
7492946383,2705589884,1,2,0.03988463804125786
7496181974,6441657735,1,2,0.014251516200602055
7497372973,6442235149,1,2,0.014342950657010078
7497587655,6243146585,1,2,0.020664259791374207
7498398920,1811903663,1,2,0.06200508028268814
7499839162,5365378896,1,2,0.014334839768707752
7500031508,6420654776,1,2,0.019017698243260384
7502834388,7461276382,1,2,0.01649424619972706
7503747153,7804300115,1,2,0.04701021686196327
7503863946,7804300115,1,2,0.028082363307476044
7505329309,2217048775,1,2,0.018581336364150047
7505826350,7240026510,1,2,0.04600568860769272
7506493699,3671879202,1,2,0.024469399824738503
7507013549,6425881183,1,2,0.04507455974817276
7507678264,6276227682,1,2,0.01078080851584673
7508042824,3217035437,1,2,0.05490732192993164
7508159247,1297975973,1,2,0.04468896985054016
7509095711,7804300115,1,2,0.014346802607178688
7509595652,3829981184,1,2,0.044455621391534805
7509850858,1821525001,1,2,0.016513792797923088
7510057068,2909406375,1,2,0.024584997445344925
7510210574,3217035437,1,2,0.05513462796807289
7513228947,3217035437,1,2,0.009178693406283855
7513236449,7866135934,1,2,0.04070581495761871
7514961616,6554603444,1,2,0.04093943536281586
7515862282,2002400427,1,2,0.045863084495067596
7516819909,6153121801,1,2,0.040749333798885345
7516940253,6420654776,1,2,0.060177065432071686
7517804299,1188472987,1,2,0.1226939782500267
7518090397,5767049948,1,2,0.05516368895769119
7519048740,6788591973,1,2,0.009047009982168674
7520742218,3671879202,1,2,0.041502103209495544
7520995031,7847210480,1,2,0.014349105767905712
7521171196,6560668913,1,2,0.03993809595704079
7522509796,7804300115,1,2,0.04948010668158531
7525305347,6124100893,1,2,0.02821025811135769
7526771651,7757687460,1,2,0.014591171406209469
7527218608,2002400427,1,2,0.015825262293219566
7527550817,5311962099,1,2,0.024850264191627502
7527843624,6420654776,1,2,0.024348627775907516
7527969867,7847210480,1,2,0.01908038556575775
7528567592,5226302309,1,2,0.04387369006872177
7534912537,5428423860,1,2,0.014251516200602055
7537781271,1041705884,1,2,0.0553075335919857
7540152187,6483039487,1,2,0.039974816143512726
7540290957,3671879202,1,2,0.04562223702669144
7541247263,9165329829,1,2,0.3793753981590271
7543837857,1188472987,1,2,0.05628945678472519
7543837857,2008062861,1,2,0.03982114419341087
7544830534,1811903663,1,2,0.044668518006801605
7545767547,7804300115,1,2,0.045186251401901245
7547749467,1954778190,1,2,0.042091138660907745
7547921982,2002400427,1,2,0.043917860835790634
7547932059,2560497310,1,2,0.055766865611076355
7549671723,7461276382,1,2,0.04776912182569504
7550533560,5767049948,1,2,0.051258377730846405
7550888631,5250260756,1,2,0.04529273137450218
7550888631,7767144248,1,2,0.014070388861000538
7551339358,7847210480,1,2,0.04295315593481064
7553168280,5767049948,1,2,0.019302207976579666
7556282888,6153121801,1,2,0.04472152143716812
7556723356,6425881183,1,2,0.05340958386659622
7557534941,3217035437,1,2,0.04282446578145027
7559591031,5574911608,1,2,0.05548456311225891
7560055382,6441657735,1,2,0.01227569580078125
7560146358,6580670764,1,2,0.018606139346957207
7562155141,2318910945,1,2,0.019174030050635338
7562155141,5070705161,1,2,0.012354454956948757
7562766057,6272876985,1,2,0.04482554644346237
7564299435,6425881183,1,2,0.055632032454013824
7564369284,5955730111,1,2,0.039120253175497055
7565448191,7341744407,1,2,0.03995556756854057
7565713094,5070705161,1,2,0.024923386052250862
7566055835,1811903663,1,2,0.0806538313627243
7566197496,2217048775,1,2,0.04165765270590782
7568910607,1797539504,1,2,0.038105309009552
7569400999,2136848625,1,2,0.01211967971175909
7570263625,3217035437,1,2,0.04464554414153099
7570811435,7341744407,1,2,0.02819538302719593
7571662162,6153121801,1,2,0.05133507028222084
7574285927,7188930130,1,2,0.08981204032897949
7575201020,6113513458,1,2,0.02697298675775528
7576330878,6243146585,1,2,0.03948492184281349
7579178877,1811903663,1,2,0.03818100690841675
7586793355,7767144248,1,2,0.049501240253448486
7591441737,6788591973,1,2,0.05854672193527222
7592894454,6153121801,1,2,0.044143252074718475
7594899876,7767144248,1,2,0.04484355449676514
7597207883,7760290512,1,2,0.039898306131362915
7597265339,1811903663,1,2,0.011927845887839794
7597566311,1821525001,1,2,0.0485658198595047
7601735866,1554226303,1,2,0.04205764830112457
7602090486,7847210480,1,2,0.057537585496902466
7602167592,6558040566,1,2,0.04671807959675789
7604170498,1954778190,1,2,0.044322188943624496
7604206089,6304429250,1,2,0.08911190181970596
7604700213,7767144248,1,2,0.01612868532538414
7604764119,7757687460,1,2,0.0844803974032402
7605213617,5767049948,1,2,0.03993809595704079
7605271994,6001863056,1,2,0.01676255278289318
7605620715,5407978252,1,2,0.04398135840892792
7605665127,3317704373,1,2,0.08981311321258545
7606618082,5939204645,1,2,0.07406973093748093
7609612347,6304429250,1,2,0.040748514235019684
7609939042,6304429250,1,2,0.04609038308262825
7609939042,7757687460,1,2,0.011288406327366829
7610027482,6523666955,1,2,0.04438816010951996
7611291619,7240026510,1,2,0.01984255388379097
7611371717,6441657735,1,2,0.04887394607067108
7611980071,3217035437,1,2,0.045903850346803665
7613018742,2705589884,1,2,0.040756430476903915
7613200721,6580670764,1,2,0.046867597848176956
7614645925,6502204514,1,2,0.02697298675775528
7615393551,6618737705,1,2,0.039466772228479385
7616728356,5070705161,1,2,0.043248310685157776
7619348846,2427613143,1,2,0.044074755162000656
7619348846,7767144248,1,2,0.02195032685995102
7621579590,2937990707,1,2,0.05726902186870575
7621922449,2560497310,1,2,0.07027993351221085
7627815840,1816029971,1,2,0.009038017131388187
7627945273,7240026510,1,2,0.046410538256168365
7627992009,6837278495,1,2,0.028057677671313286
7627992009,6839422251,1,2,0.04934461787343025
7630032876,6871895822,1,2,0.040154289454221725
7637017967,7160110296,1,2,0.04349871724843979
7637476482,5250260756,1,2,0.046112485229969025
7638735739,7188930130,1,2,0.04070153832435608
7638839607,2090591961,1,2,0.046563293784856796
7639183405,5531506227,1,2,0.009120180271565914
7641509132,6437735703,1,2,0.04071803390979767
7641917051,6871895822,1,2,0.046392105519771576
7642808608,3098510521,1,2,0.04468896985054016
7643156363,3317704373,1,2,0.04650454223155975
7644570410,6441657735,1,2,0.054924990981817245
7644647344,1850017837,1,2,0.046556565910577774
7644965866,7380722614,1,2,0.06482980400323868
7644983894,6153121801,1,2,0.04595958814024925
7644983894,7760290512,1,2,0.04782603308558464
7647042605,2891416631,1,2,0.018668750301003456
7647290948,5428423860,1,2,0.047773778438568115
7648305690,1875293522,1,2,0.09530246257781982
7650789195,5767049948,1,2,0.010865419171750546
7651901176,6232442780,1,2,0.04374957084655762
7653443152,6441657735,1,2,0.04073965176939964
7654625786,1791873284,1,2,0.045820582658052444
7656239787,3671879202,1,2,0.04073474183678627
7658407000,9165329829,1,2,0.04984961822628975
7658908040,6437735703,1,2,0.050662633031606674
7659191261,5428423860,1,2,0.0423414409160614
7659276816,6871895822,1,2,0.0586351677775383
7669400970,1645599505,1,2,0.03998152166604996
7669791808,7757687460,1,2,0.025474699214100838
7669799374,1645599505,1,2,0.049409784376621246
7671843793,1811903663,1,2,0.009071892127394676
7672433302,6580670764,1,2,0.045794859528541565
7672979339,3541413702,1,2,0.047678738832473755
7676807903,6580670764,1,2,0.03934718295931816
7679863731,6442235149,1,2,0.06496136635541916
7685423446,2201915244,1,2,0.045322123914957047
7685423446,5926318749,1,2,0.039192404597997665
7686052762,7612876955,1,2,0.041502103209495544
7689789831,7804300115,1,2,0.04718588665127754
7695075759,7757687460,1,2,0.03914601355791092
7701951239,6871895822,1,2,0.09337197244167328
7703060479,7765668071,1,2,0.04277605563402176
7706445442,9165329829,1,2,0.03998152166604996
7707911560,6502204514,1,2,0.02817961573600769
7714701957,7760290512,1,2,0.15495052933692932
7714737214,7506746741,1,2,0.039021097123622894
7716052904,5987057408,1,2,0.05245234817266464
7717099613,2560497310,1,2,0.10468659549951553
7717611466,5789387121,1,2,0.04765316843986511
7717714493,7461276382,1,2,0.014574308879673481
7718451038,5428423860,1,2,0.05119526386260986
7718744326,7467277921,1,2,0.040590789169073105
7719094299,3412668714,1,2,0.010722499340772629
7719325369,3973292213,1,2,0.04066598415374756
7719592475,3541413702,1,2,0.04339250177145004
7720465494,5955730111,1,2,0.04256909713149071
7721400511,1821525001,1,2,0.014375916682183743
7722624276,1954778190,1,2,0.009193259291350842
7723389990,5543176559,1,2,0.03702850267291069
7723418861,1821525001,1,2,0.039747487753629684
7723670421,2008062861,1,2,0.018265048041939735
7724532733,6243146585,1,2,0.017481541261076927
7724580488,2560497310,1,2,0.044088900089263916
7726183833,5767049948,1,2,0.014342950657010078
7726449004,5033845034,1,2,0.040724046528339386
7727401235,1554226303,1,2,0.04663483425974846
7727446595,3829981184,1,2,0.019866246730089188
7727702368,5020552519,1,2,0.017494624480605125
7727796801,3829981184,1,2,0.04375499114394188
7727940188,2201915244,1,2,0.025895651429891586
7728744773,1797539504,1,2,0.057658448815345764
7728935639,2909406375,1,2,0.010722499340772629
7729145237,7804300115,1,2,0.04156116768717766
7729943977,6871895822,1,2,0.011288406327366829
7730106133,3051163592,1,2,0.05568097159266472
7730715967,7341744407,1,2,0.04350224509835243
7730973077,2002400427,1,2,0.045572683215141296
7732028676,5428423860,1,2,0.010824847035109997
7732586853,5926318749,1,2,0.04697145149111748
7733292301,6272876985,1,2,0.053850457072257996
7734202393,6788591973,1,2,0.020616400986909866
7734792730,7200019989,1,2,0.012243155390024185
7735029500,6523666955,1,2,0.04621320590376854
7736104044,3217035437,1,2,0.04681843891739845
7736450307,6871895822,1,2,0.03964993730187416
7737098108,7844581127,1,2,0.039868853986263275
7737391119,2090591961,1,2,0.03955572098493576
7737848304,7200019989,1,2,0.01828756369650364
7738168802,3292333231,1,2,0.014684785157442093
7738507510,5767049948,1,2,0.0266104768961668
7738612889,2219969573,1,2,0.05185806751251221
7738727481,7804300115,1,2,0.014070388861000538
7738856131,1954778190,1,2,0.05185806751251221
7741064621,5250260756,1,2,0.04910510778427124
7741165443,1811903663,1,2,0.05807819962501526
7741538065,7380722614,1,2,0.03986165672540665
7741602423,6580670764,1,2,0.023893209174275398
7741950618,7804300115,1,2,0.04611455649137497
7742062007,5543176559,1,2,0.03932599350810051
7742345529,6113513458,1,2,0.045808590948581696
7742613057,7866135934,1,2,0.052190784364938736
7743824173,7767144248,1,2,0.01518559642136097
7744110829,5365378896,1,2,0.04074632376432419
7744334254,5543176559,1,2,0.009138977155089378
7745490704,5939204645,1,2,0.052218277007341385
7749692802,6441657735,1,2,0.03979077190160751
7750231581,5939204645,1,2,0.04415518045425415
7750822619,6788591973,1,2,0.04179922863841057
7751062251,5250260756,1,2,0.03920426219701767
7751062251,7866135934,1,2,0.01676255278289318
7751145529,6001863056,1,2,0.0496177114546299
7751914351,3217035437,1,2,0.03945579007267952
7752084441,6001863056,1,2,0.04625796526670456
7755003616,6304429250,1,2,0.016424309462308884
7755003616,7757687460,1,2,0.024469399824738503
7755686582,2560497310,1,2,0.011288406327366829
7758197878,3082731712,1,2,0.00914701633155346
7763320155,7765668071,1,2,0.04156116768717766
7764213265,2560497310,1,2,0.0423448272049427
7766655540,6580670764,1,2,0.017494624480605125
7767385685,6001863056,1,2,0.012104913592338562
7767499922,6420654776,1,2,0.017481541261076927
7767545174,1041705884,1,2,0.049243129789829254
7767667462,5428423860,1,2,0.017494624480605125
7769380101,5600540896,1,2,0.039801839739084244
7769809125,7912058860,1,2,0.017481541261076927
7769939434,6425881183,1,2,0.014728492125868797
7770085370,1954778190,1,2,0.020235421136021614
7770581910,7912058860,1,2,0.03787830471992493
7770912267,1816029971,1,2,0.012710200622677803
7771791323,7760290512,1,2,0.0434076152741909
7771894978,7912058860,1,2,0.014520636759698391
7772234669,3847642518,1,2,0.04071803390979767
7772730684,6420654776,1,2,0.028449762612581253
7772993098,7847210480,1,2,0.04452645033597946
7773662743,5250260756,1,2,0.020859969779849052
7773908510,5428423860,1,2,0.016487454995512962
7774085998,1954778190,1,2,0.039120253175497055
7774305052,2705589884,1,2,0.009071892127394676
7774793467,7200019989,1,2,0.014385301619768143
7774793475,2201915244,1,2,0.04358093440532684
7776999090,7200019989,1,2,0.0447896309196949
7777370516,6232442780,1,2,0.041698165237903595
7777967691,7200019989,1,2,0.017459193244576454
7778128762,6441657735,1,2,0.007855016738176346
7778268796,7200019989,1,2,0.040749333798885345
7778713060,3217742437,1,2,0.04897467419505119
7779012489,2201915244,1,2,0.043115876615047455
7779012489,3317704373,1,2,0.07994841039180756
7779012489,5428423860,1,2,0.01685507968068123
7780144098,3051163592,1,2,0.04072040319442749
7780632274,3217742437,1,2,0.020641816779971123
7782265347,6871895822,1,2,0.056646037846803665
7783386411,5767049948,1,2,0.04076872393488884
7783499664,7240026510,1,2,0.01455636415630579
7783602000,7866135934,1,2,0.040723152458667755
7784727920,6420654776,1,2,0.012539281509816647
7785117806,1821525001,1,2,0.017481541261076927
7785950738,5428423860,1,2,0.04333209991455078
7787155246,2002400427,1,2,0.025512848049402237
7788136287,1195908387,1,2,0.04558122158050537
7789121166,5955730111,1,2,0.011391025967895985
7789254073,1954778190,1,2,0.046864744275808334
7790597131,7200019989,1,2,0.02523338980972767
7790733876,5428423860,1,2,0.016207829117774963
7790816087,9165329829,1,2,0.06482980400323868
7791062454,5531506227,1,2,0.01451124344021082
7792389854,3051163592,1,2,0.11531657725572586
7792559500,7893929649,1,2,0.014645859599113464
7792900078,7200019989,1,2,0.04365906864404678
7793450004,1041705884,1,2,0.044118113815784454
7793474523,7866135934,1,2,0.01151557918637991
7794629486,1719397245,1,2,0.04616425558924675
7795079347,9165329829,1,2,0.042945876717567444
7796705641,2201915244,1,2,0.012447238899767399
7797097314,9165329829,1,2,0.018696671351790428
7797581524,7767144248,1,2,0.0493546798825264
7798119309,7200019989,1,2,0.014353187754750252
7798324571,5070705161,1,2,0.02055249735713005
7798731230,5789387121,1,2,0.02697298675775528
7798744320,7160110296,1,2,0.05203988030552864
7799217119,5250260756,1,2,0.02098182402551174
7799409469,1645599505,1,2,0.045015256851911545
7800766830,7847210480,1,2,0.04219531640410423
7800835571,6153121801,1,2,0.05826137214899063
7801495762,3541413702,1,2,0.04386184364557266
7801710188,2201915244,1,2,0.016424309462308884
7801996463,2217066377,1,2,0.061928726732730865
7801996463,5250260756,1,2,0.043172840029001236
7802091155,1850017837,1,2,0.016844384372234344
7802915944,7240026510,1,2,0.01975494809448719
7803564732,5250260756,1,2,0.04314536601305008
7804152685,6437735703,1,2,0.01886960305273533
7804464590,1791873284,1,2,0.055703818798065186
7804957617,7767144248,1,2,0.09548363089561462
7805336245,6788591973,1,2,0.08428669720888138
7806205931,7946457588,1,2,0.08945229649543762
7806293863,2002400427,1,2,0.048465557396411896
7807075716,7866135934,1,2,0.15620721876621246
7807133999,3317704373,1,2,0.016524504870176315
7807173762,3829981184,1,2,0.0434076152741909
7808484457,7866135934,1,2,0.04337680712342262
7810066172,7757687460,1,2,0.011288406327366829
7810696266,7506746741,1,2,0.010849976912140846
7811505560,5987057408,1,2,0.048911478370428085
7811526515,6523666955,1,2,0.04067755490541458
7812064042,6420654776,1,2,0.014492097310721874
7812225072,6554603444,1,2,0.014368552714586258
7812229281,3051163592,1,2,0.009022827260196209
7813287038,1816029971,1,2,0.043868016451597214
7813423521,2090591961,1,2,0.014559229835867882
7813943405,3051163592,1,2,0.01451124344021082
7814095387,6153121801,1,2,0.017494624480605125
7814377206,1811903663,1,2,0.04471399262547493
7815030583,1811903663,1,2,0.03950095921754837
7815030583,2705589884,1,2,0.009309312328696251
7815030583,3829981184,1,2,0.04343624413013458
7815030583,5767049948,1,2,0.039914321154356
7815054139,5033845034,1,2,0.04599559307098389
7815357647,6420654776,1,2,0.01863737218081951
7815645651,3051163592,1,2,0.03488695248961449
7815891292,3051163592,1,2,0.015982644632458687
7816323362,5250260756,1,2,0.011917464435100555
7816637580,7804300115,1,2,0.05173540115356445
7816693889,7461276382,1,2,0.044651079922914505
7817544742,6871895822,1,2,0.05530821532011032
7817988795,2201915244,1,2,0.010916749946773052
7818362155,2002400427,1,2,0.04314536601305008
7818792239,5428423860,1,2,0.05742579326033592
7819234629,1791873284,1,2,0.04314536601305008
7819552191,3217742437,1,2,0.01455636415630579
7819586879,2201915244,1,2,0.019830897450447083
7820549323,7200019989,1,2,0.04874439164996147
7820971236,1316949123,1,2,0.014981098473072052
7821067086,1791873284,1,2,0.04551064968109131
7821254691,5428423860,1,2,0.06482980400323868
7821629567,3051163592,1,2,0.042283907532691956
7823928257,2560497310,1,2,0.014188515953719616
7824255601,7160110296,1,2,0.02079458348453045
7824702171,2201915244,1,2,0.0424325130879879
7824702171,3317704373,1,2,0.03975359722971916
7824782570,2002400427,1,2,0.016566259786486626
7824782570,5428423860,1,2,0.014353187754750252
7824884720,3829981184,1,2,0.01676255278289318
7824908005,3292333231,1,2,0.03917745128273964
7825199999,6124100893,1,2,0.018573543056845665
7825263438,7804300115,1,2,0.01751701720058918
7825290669,3051163592,1,2,0.049787942320108414
7825501598,6839422251,1,2,0.014707558788359165
7826761169,3051163592,1,2,0.04943777620792389
7826806862,2201915244,1,2,0.046311721205711365
7827777701,2090591961,1,2,0.04680962488055229
7829834110,5531506227,1,2,0.029022902250289917
7830075259,2002400427,1,2,0.008669508621096611
7830075259,5926318749,1,2,0.04947429895401001
7830794214,3541413702,1,2,0.04897467419505119
7831167755,3317704373,1,2,0.04363024979829788
7831167755,5428423860,1,2,0.05337778478860855
7831167755,6420654776,1,2,0.012409921735525131
7831835147,7341744407,1,2,0.037901993840932846
7833386318,2909406375,1,2,0.01433076336979866
7833775310,6420654776,1,2,0.01134173572063446
7833972606,2002400427,1,2,0.03996044397354126
7834446752,1816029971,1,2,0.06929145753383636
7834506888,5939204645,1,2,0.017494624480605125
7835311407,6788591973,1,2,0.014342950657010078
7835900478,7200019989,1,2,0.017481541261076927
7835933857,7734889891,1,2,0.014338373206555843
7836775805,3217742437,1,2,0.04297260567545891
7837603894,7946457588,1,2,0.014457058161497116
7841417954,7467277921,1,2,0.019365834072232246
7842381926,7844581127,1,2,0.010809462517499924
7842790795,1297975973,1,2,0.049152858555316925
7843624981,3217035437,1,2,0.05813467875123024
7844620575,7946457588,1,2,0.04431167244911194
7844852461,5531506227,1,2,0.045159630477428436
7846001086,7380722614,1,2,0.039836857467889786
7846057467,6113513458,1,2,0.04503319412469864
7846557262,7767144248,1,2,0.0460176058113575
7847010732,6304429250,1,2,0.009120180271565914
7847294508,2002400427,1,2,0.017494624480605125
7847350654,5250260756,1,2,0.03920426219701767
7847388571,2560497310,1,2,0.03985776752233505
7847830043,6837278495,1,2,0.01080078724771738
7847845245,7200019989,1,2,0.044002968817949295
7848507298,3217035437,1,2,0.02976916916668415
7848985507,7200019989,1,2,0.06428340077400208
7849295202,2002400427,1,2,0.028591010719537735
7849878366,1850017837,1,2,0.009050882421433926
7850599876,7850599876,1,2,0.014334839768707752
7851087423,2201915244,1,2,0.009038017131388187
7852255647,6153121801,1,2,0.043115876615047455
7852370214,7804300115,1,2,0.012886153534054756
7852737448,6304429250,1,2,0.05249977856874466
7852737448,7757687460,1,2,0.11061018705368042
7852767785,7380722614,1,2,0.048745688050985336
7853203670,5730240854,1,2,0.009221524000167847
7853226804,6441657735,1,2,0.020664259791374207
7853379217,5955730111,1,2,0.01432594284415245
7853488940,6437735703,1,2,0.014351224526762962
7854244030,5428423860,1,2,0.04576876014471054
7854421815,7200019989,1,2,0.05292429029941559
7854650407,7912058860,1,2,0.048307351768016815
7857884216,7912058860,1,2,0.2947494387626648
7859581415,7804300115,1,2,0.09977002441883087
7860798646,6442235149,1,2,0.022716235369443893
7861852871,6153121801,1,2,0.12247525900602341
7861852871,6483039487,1,2,0.028057677671313286
7861852871,6788591973,1,2,0.014363931491971016
7862827084,5428423860,1,2,0.062283456325531006
7863209794,2002400427,1,2,0.05966206267476082
7863746497,5428423860,1,2,0.026736190542578697
7863840147,3051163592,1,2,0.048157550394535065
7865913205,5428423860,1,2,0.017521999776363373
7865913205,5926318749,1,2,0.010897825472056866
7865913205,7625326364,1,2,0.044804397970438004
7866218490,1917488115,1,2,0.05203988030552864
7867663616,5428423860,1,2,0.01137700118124485
7867843977,7866135934,1,2,0.039868853986263275
7868242827,2002400427,1,2,0.015785012394189835
7869507227,2002400427,1,2,0.011770100332796574
7869773741,3671879202,1,2,0.040220100432634354
7871939741,2219969573,1,2,0.046057797968387604
7872063766,6232442780,1,2,0.043890904635190964
7872974655,2318910945,1,2,0.04222920536994934
7874031656,1497609517,1,2,0.05269156023859978
7874031656,2201915244,1,2,0.0603354312479496
7874031656,7625326364,1,2,0.016310125589370728
7874178336,5767049948,1,2,0.017481541261076927
7876468820,2002400427,1,2,0.10797323286533356
7878331509,6554603444,1,2,0.17971116304397583
7878990442,3671879202,1,2,0.11002622544765472
7878990442,7866135934,1,2,0.12778520584106445
7879228080,6065301364,1,2,0.02689354494214058
7880047681,7200019989,1,2,0.10896530002355576
7881413313,7804300115,1,2,0.10731189697980881
7881969035,7188930130,1,2,0.04942769557237625
7882327464,3829981184,1,2,0.05525542050600052
7882699175,5250260756,1,2,0.01433076336979866
7882856101,6441657735,1,2,0.05520591139793396
7885630436,2002400427,1,2,0.0270062368363142
7885630436,5428423860,1,2,0.04463934153318405
7886591297,7912058860,1,2,0.046444714069366455
7887184487,3847642518,1,2,0.044740840792655945
7889657196,7240026510,1,2,0.024147864431142807
7890587550,7506746741,1,2,0.05873388797044754
7890630936,1811903663,1,2,0.04014312103390694
7892055557,7160110296,1,2,0.010755838826298714
7892055557,7767144248,1,2,0.062072496861219406
7892259223,7200019989,1,2,0.05490732192993164
7892270010,1195908387,1,2,0.01752631738781929
7892270010,1737850362,1,2,0.014213738031685352
7892270010,3292333231,1,2,0.014372511766850948
7892270010,6001863056,1,2,0.04398036748170853
7892270010,7200019989,1,2,0.03932429105043411
7892270010,7240026510,1,2,0.011807271279394627
7892270010,7380722614,1,2,0.035288237035274506
7892731622,6232442780,1,2,0.06817502528429031
7893248056,5574911608,1,2,0.046444714069366455
7895072695,2002400427,1,2,0.02803041785955429
7895183286,6124100893,1,2,0.01218539010733366
7895244027,3317704373,1,2,0.04415668174624443
7895530036,7240026510,1,2,0.04749090224504471
7895548935,7765668071,1,2,0.14738351106643677
7895827986,5311962099,1,2,0.018718542531132698
7896196352,1297975973,1,2,0.0691349059343338
7896259199,5987057408,1,2,0.020301716402173042
7896572942,7912058860,1,2,0.038157522678375244
7896681550,7804300115,1,2,0.04314536601305008
7897451713,6554603444,1,2,0.04283663630485535
7898522948,6124100893,1,2,0.014483388513326645
7900188404,7200019989,1,2,0.015849491581320763
7900317565,3217035437,1,2,0.01881526969373226
7903070195,3217035437,1,2,0.04480796679854393
7904076213,5070705161,1,2,0.04304947331547737
7904157810,5939204645,1,2,0.024469399824738503
7905358076,5428423860,1,2,0.04741679131984711
7905358076,7850599876,1,2,0.039587244391441345
7905479162,2427613143,1,2,0.024104785174131393
7906100183,7765668071,1,2,0.04586996138095856
7906293672,5767049948,1,2,0.040724046528339386
7906440060,3217742437,1,2,0.06687216460704803
7906460339,5070705161,1,2,0.0757170245051384
7906518013,6442235149,1,2,0.02526148594915867
7906568195,2217066377,1,2,0.035663243383169174
7906568195,5250260756,1,2,0.15747028589248657
7906568195,7506746741,1,2,0.21718961000442505
7906568195,7767144248,1,2,0.13348506391048431
7907162073,6304429250,1,2,0.12614655494689941
7908520066,3051163592,1,2,0.31729602813720703
7908645686,6276227682,1,2,0.11120361089706421
7908794522,3217035437,1,2,0.02710779383778572
7909217740,2002400427,1,2,0.05034654587507248
7909217740,2201915244,1,2,0.040653783828020096
7909658831,5730240854,1,2,0.06263678520917892
7909945586,3051163592,1,2,0.014477450400590897
7910721592,7847210480,1,2,0.04333209991455078
7911174792,1917488115,1,2,0.04683244600892067
7912750208,3973292213,1,2,0.04683750495314598
7913037429,3082731712,1,2,0.04482791945338249
7913322273,6437735703,1,2,0.0372660756111145
7913575151,6871895822,1,2,0.04503319412469864
7913829809,3829981184,1,2,0.05499976873397827
7913829809,5987057408,1,2,0.011927845887839794
7914407845,1816029971,1,2,0.04707996919751167
7914407845,3217035437,1,2,0.07813627272844315
7914407845,3541413702,1,2,0.059810198843479156
7914407845,5407978252,1,2,0.024455305188894272
7914407845,5574911608,1,2,0.02071918360888958
7914407845,5600540896,1,2,0.043383412063121796
7914407845,6101852007,1,2,0.06518300622701645
7914407845,6425881183,1,2,0.043084047734737396
7914407845,7200019989,1,2,0.0500519759953022
7914638137,7760290512,1,2,0.018404893577098846
7914689550,1041705884,1,2,0.010700446553528309
7915013151,6554603444,1,2,0.009050882421433926
7915093325,3217035437,1,2,0.03960367664694786
7915359173,5070705161,1,2,0.04705100506544113
7915373397,1875293522,1,2,0.010844256728887558
7915381295,7844581127,1,2,0.05178572237491608
7915423668,7757687460,1,2,0.022062765434384346
7915842643,5926318749,1,2,0.03928158059716225
7916253928,5955730111,1,2,0.03953360393643379
7918696385,6124100893,1,2,0.04304947331547737
7920053298,3217035437,1,2,0.04521530494093895
7920289808,7844581127,1,2,0.015896618366241455
7922325696,7893929649,1,2,0.02812567912042141
7922906411,3098510521,1,2,0.04480452090501785
7922906411,6153121801,1,2,0.03996044397354126
7925195204,7866135934,1,2,0.009209479205310345
7925730795,1791873284,1,2,0.020587099716067314
7926300711,3541413702,1,2,0.04088133946061134
7927179538,3051163592,1,2,0.020510226488113403
7928787146,7760290512,1,2,0.043115876615047455
7930609215,6788591973,1,2,0.05411694571375847
7931321650,7804300115,1,2,0.017481541261076927
7931539308,5428423860,1,2,0.014070388861000538
7931953389,7912058860,1,2,0.08964356034994125
7932264578,1188472987,1,2,0.07392990589141846
7932749382,7804300115,1,2,0.06482980400323868
7933746790,3829981184,1,2,0.04373316466808319
7935855460,5767049948,1,2,0.01067208219319582
7936259415,5939204645,1,2,0.043115876615047455
7937414418,5939204645,1,2,0.017494624480605125
7938031410,3051163592,1,2,0.044273145496845245
7938153385,5730240854,1,2,0.06276587396860123
7938478031,6420654776,1,2,0.048734817653894424
7939026041,5767049948,1,2,0.014213738031685352
7939105995,5311962099,1,2,0.05237359181046486
7939240955,2560497310,1,2,0.04897467419505119
7940348893,5428423860,1,2,0.04116206243634224
7940856753,7866135934,1,2,0.044484350830316544
7940862064,6871895822,1,2,0.04509185999631882
7941764984,7866135934,1,2,0.04493279755115509
7943175380,3051163592,1,2,0.052218277007341385
7944308176,5987057408,1,2,0.03914601355791092
7944320083,7200019989,1,2,0.03932429105043411
7944772648,3217035437,1,2,0.04958679527044296
7945281358,6837278495,1,2,0.04472419619560242
7945281358,6839422251,1,2,0.019041141495108604
7947146412,3541413702,1,2,0.03917745128273964
7948030979,5070705161,1,2,0.04005720093846321
7948080664,7804300115,1,2,0.0245344340801239
7948624675,3051163592,1,2,0.09591390937566757
7948853157,7200019989,1,2,0.048747848719358444
7949859251,6523666955,1,2,0.045935243368148804
7951235674,6554603444,1,2,0.018187105655670166
7952324380,7760290512,1,2,0.10099739581346512
7952618862,3217035437,1,2,0.031620122492313385
7953002575,5600540896,1,2,0.044840384274721146
7953611459,5531506227,1,2,0.04387369006872177
7957029968,6483039487,1,2,0.046990856528282166
7957866698,3292333231,1,2,0.017481541261076927
7960211604,7188930130,1,2,0.012530265375971794
7962008506,7188930130,1,2,0.01230099517852068
7963497777,5600540896,1,2,0.04434143751859665
7963523625,1821525001,1,2,0.017481541261076927
7964554298,5939204645,1,2,0.04939810186624527
7964611847,6232442780,1,2,0.05521409586071968
7965175957,6523666955,1,2,0.05228510871529579
7965573505,6153121801,1,2,0.01676255278289318
7965764873,5939204645,1,2,0.18209095299243927
7965854567,6441657735,1,2,0.23309597373008728
7965947517,7847210480,1,2,0.18189619481563568
7966149778,7612876955,1,2,0.15553617477416992
7967677478,2705589884,1,2,0.1004825085401535
7967988243,6437735703,1,2,0.11078477650880814
7970393351,3217035437,1,2,0.016424309462308884
7970393351,7893929649,1,2,0.061217039823532104
7971958423,7850599876,1,2,0.017494624480605125
7973075649,7188930130,1,2,0.010817448608577251
7973978938,6425881183,1,2,0.07863758504390717
7975541622,1188472987,1,2,0.04419504851102829
7976694326,7200019989,1,2,0.01580977439880371
7977411762,7767144248,1,2,0.20244698226451874
7977429821,7767144248,1,2,0.04887394607067108
7978072415,6523666955,1,2,0.04966556280851364
7979352492,7200019989,1,2,0.11495544016361237
7980287799,7946457588,1,2,0.012243155390024185
7980859588,5574911608,1,2,0.01710635796189308
7982287956,5600540896,1,2,0.020307322964072227
7983739813,1816029971,1,2,0.03801289573311806
7984486935,3905581452,1,2,0.061217039823532104
7984486935,5020552519,1,2,0.024469399824738503
7984486935,6558040566,1,2,0.04602132365107536
7984486935,6837278495,1,2,0.014383550733327866
7984486935,7188930130,1,2,0.016473161056637764
7984486935,7946457588,1,2,0.01437059324234724
7986897540,6420654776,1,2,0.01812281459569931
7987612947,6554603444,1,2,0.044496964663267136
7988462291,7200019989,1,2,0.04070581495761871
7988884369,7804300115,1,2,0.016839593648910522
7988960538,7893929649,1,2,0.04324551671743393
7989280493,3778125742,1,2,0.020510226488113403
7992942724,2002400427,1,2,0.054230645298957825
7992942724,5033845034,1,2,0.04949804022908211
7994184733,5531506227,1,2,0.04506837949156761
7995635576,7461276382,1,2,0.017494624480605125
7998360675,5972505998,1,2,0.016466379165649414
7998566614,7767144248,1,2,0.03917745128273964
7999272254,2002400427,1,2,0.04592036083340645
7999272254,2201915244,1,2,0.017481541261076927
7999272254,3317704373,1,2,0.017481541261076927
8002812036,6554603444,1,2,0.04000835493206978
8003183213,7847210480,1,2,0.010855390690267086
8004116279,7160110296,1,2,0.06309082359075546
8004481588,2002400427,1,2,0.017494624480605125
8006203602,6420654776,1,2,0.017494624480605125
8006593040,2002400427,1,2,0.011820746585726738
8006665000,6788591973,1,2,0.10146511346101761
8007250332,6523666955,1,2,0.017494624480605125
8007284230,1041705884,1,2,0.05228510871529579
8008306259,1816029971,1,2,0.014301741495728493
8009339655,6276227682,1,2,0.052547045052051544
8010796220,7866135934,1,2,0.03966619819402695
8011095985,5226302309,1,2,0.009102724492549896
8013707464,6232442780,1,2,0.0812312588095665
8013853792,7757687460,1,2,0.05514351651072502
8016891260,7200019989,1,2,0.05242753401398659
8017253179,6420654776,1,2,0.03157791122794151
8017407131,5939204645,1,2,0.04976355656981468
8211149352,6560668913,1,2,0.04153626039624214
8213128757,7200019989,1,2,0.0245344340801239
8213815243,7200019989,1,2,0.04252004995942116
8219263300,1554226303,1,2,0.02385474555194378
8233626356,7804300115,1,2,0.014047476463019848
8252443551,1497609517,1,2,0.024877283722162247
8261099715,7200019989,1,2,0.04707801342010498
8262473487,7200019989,1,2,0.04770222678780556
8267337794,5428423860,1,2,0.010543528012931347
8267337794,7625326364,1,2,0.061217039823532104
8269075140,7200019989,1,2,0.04004606232047081
8280338974,5600540896,1,2,0.020616400986909866
8298591498,2002400427,1,2,0.049048375338315964
8302069509,5600540896,1,2,0.01835610531270504
8319102561,5939204645,1,2,0.017494624480605125
8345920168,5428423860,1,2,0.01137700118124485
8358913160,6558040566,1,2,0.06833328306674957
8403513439,5574911608,1,2,0.01752631738781929
8409177419,3829981184,1,2,0.009080716408789158
8419886976,7850599876,1,2,0.046506769955158234
8427289383,6232442780,1,2,0.047961633652448654
8435641726,6483039487,1,2,0.020767707377672195
8437483884,7847210480,1,2,0.01222959440201521
8438330290,6243146585,1,2,0.01420990563929081
8444197508,6788591973,1,2,0.01379248034209013
8444197508,7804300115,1,2,0.039868853986263275
8451024598,7847210480,1,2,0.039981305599212646
8455663383,3098510521,1,2,0.017494624480605125
8456897026,6065301364,1,2,0.05232424661517143
8475766446,2201915244,1,2,0.017494624480605125
8494715494,6554603444,1,2,0.017494624480605125
9009667598,7912058860,1,2,0.024378027766942978
9013172400,7866135934,1,2,0.01830744743347168
9027526143,6113513458,1,2,0.0693264976143837
9027724651,6788591973,1,2,0.024704454466700554
9049242664,7200019989,1,2,0.05458463728427887
9053155446,5250260756,1,2,0.018325254321098328
9056202508,2427613143,1,2,0.007584498729556799
9056913384,7200019989,1,2,0.10109701752662659
9099134840,5428423860,1,2,0.0352003388106823
9099502556,5543176559,1,2,0.013212611898779869
9099989043,6065301364,1,2,1.0
9116086826,6788591973,1,2,1.0
9116086826,7804300115,1,2,1.0
9120401139,2002400427,1,2,1.0
9120401139,2201915244,1,2,1.0
9122966976,6441657735,1,2,1.0
9123384953,2909406375,1,2,0.06996304541826248
9124384123,7200019989,1,2,1.0
9127451917,5600540896,1,2,1.0
9145502462,7200019989,1,2,1.0
9147107087,7200019989,1,2,1.0
9165329829,9165329829,1,2,1.0
9169924166,7847210480,1,2,1.0
9174272116,6788591973,1,2,1.0
9176144845,2427613143,1,2,1.0
9178591817,6153121801,1,2,1.0
9178591817,7506746741,1,2,1.0
9181376714,6788591973,1,2,1.0
9181926640,5428423860,1,2,1.0
9185841187,7625326364,1,2,1.0
9185841187,7850599876,1,2,1.0
9188458262,2201915244,1,2,1.0
77016152,5407978252,1,3,0.07875087112188339
250831971,2002400427,1,3,0.01288836169987917
1008219412,1306484861,1,3,0.02545410394668579
1009728383,5531506227,1,3,0.04902949184179306
1020217901,1306484861,1,3,0.025854263454675674
1035487817,7866135934,1,3,0.019174864515662193
1041705884,1041705884,1,3,0.011946436017751694
1050630677,7767144248,1,3,0.018436206504702568
1060462954,6420654776,1,3,0.047728292644023895
1076663271,7765668071,1,3,0.04803726077079773
1079442750,7160110296,1,3,0.01234498992562294
1082972395,7804300115,1,3,0.047294214367866516
1084377574,1647256370,1,3,0.014953022822737694
1087970883,6420654776,1,3,0.024106688797473907
1102009707,3082731712,1,3,0.04746388643980026
1102882352,3847642518,1,3,0.047467190772295
1104186314,5955730111,1,3,0.04743317514657974
1105009104,3412668714,1,3,0.012409104034304619
1114182737,2201915244,1,3,0.04776490479707718
1136385381,7467277921,1,3,0.05432773008942604
1140574977,7760290512,1,3,0.02414996363222599
1144020075,3317704373,1,3,0.04457489028573036
1155096084,3778125742,1,3,0.012756734155118465
1157920844,3217742437,1,3,0.010558569803833961
1158316713,5250260756,1,3,0.04796268045902252
1159587683,7844581127,1,3,0.012909477576613426
1163831055,3217035437,1,3,0.04504063352942467
1164839511,3778125742,1,3,0.0177004374563694
1188472987,1188472987,1,3,0.02895086258649826
1190090017,2201915244,1,3,0.045358993113040924
1190090017,3317704373,1,3,0.04924630746245384
1195589664,7240026510,1,3,0.03976127505302429
1204418163,1875293522,1,3,0.024452194571495056
1204547712,1850017837,1,3,0.04835570231080055
1215693853,3082731712,1,3,0.03679110109806061
1216009185,7467277921,1,3,0.027980824932456017
1220094840,2909406375,1,3,0.04491464048624039
1223507343,1297975973,1,3,0.08634195476770401
1224397412,7380722614,1,3,0.06797946989536285
1224415880,6837278495,1,3,0.053863752633333206
1224415880,6839422251,1,3,0.03339686989784241
1225514872,2136848625,1,3,0.04797196388244629
1225514872,5789387121,1,3,0.042510535567998886
1226232803,5543176559,1,3,0.014624219387769699
1247843004,2217048775,1,3,0.019808655604720116
1249909345,6420654776,1,3,0.010920983739197254
1253505270,2090591961,1,3,0.047480687499046326
1265389501,7767144248,1,3,0.01795281283557415
1266362847,3098510521,1,3,0.07086392492055893
1269335542,2090591961,1,3,0.012909477576613426
1273590234,2427613143,1,3,0.025809703394770622
1273802294,3217035437,1,3,0.04273621365427971
1275821037,1306484861,1,3,0.01661084219813347
1276901957,2217048775,1,3,0.04921283572912216
1279546101,3217035437,1,3,0.039652884006500244
1289060530,1719397245,1,3,0.018805453553795815
1298177241,2018925253,1,3,0.04799044132232666
1301677522,2090591961,1,3,0.021812638267874718
1306484861,1306484861,1,3,0.08295193314552307
1307484530,6618737705,1,3,0.036931201815605164
1334278383,3217742437,1,3,0.04503176733851433
1340403461,5407978252,1,3,0.012909477576613426
1342162192,6272876985,1,3,0.02297331392765045
1349210304,5311962099,1,3,0.0709729790687561
1352201130,3217035437,1,3,0.047969602048397064
1354456794,3217742437,1,3,0.04736668989062309
1367884197,2427613143,1,3,0.04448157921433449
1370466901,7467277921,1,3,0.02437862940132618
1381089144,1647256370,1,3,0.04530571401119232
1393613294,5311962099,1,3,0.0664515271782875
1396285351,3082731712,1,3,0.048506077378988266
1398212520,7380722614,1,3,0.02566211111843586
1400667804,1497609517,1,3,0.011285025626420975
1411404647,1647256370,1,3,0.06726177781820297
1413781974,1306484861,1,3,0.018356455489993095
1419770800,7767144248,1,3,0.04495943710207939
1421178721,1497609517,1,3,0.03296131268143654
1425187440,2090591961,1,3,0.017884964123368263
1428630687,7380722614,1,3,0.024252893403172493
1450000950,1821525001,1,3,0.019619761034846306
1483050955,2090591961,1,3,0.06634357571601868
1491464164,3082731712,1,3,0.044070009142160416
1493067267,3217742437,1,3,0.016524795442819595
1493067267,6560668913,1,3,0.039231497794389725
1557175617,3778125742,1,3,0.008098618127405643
1563292752,1816029971,1,3,0.012555285356938839
1565221364,2018925253,1,3,0.04193107411265373
1567038160,5428423860,1,3,0.00985469575971365
1567946024,3217742437,1,3,0.03668910264968872
1569465592,6483039487,1,3,0.011153283528983593
1571217812,3217742437,1,3,0.007386382669210434
1579318190,1554226303,1,3,0.007763314992189407
1580736222,3217035437,1,3,0.018416468054056168
1583856372,5428423860,1,3,0.015475847758352757
1588019775,5428423860,1,3,0.04541633650660515
1589731661,2090591961,1,3,0.02382427453994751
1592906625,1816029971,1,3,0.02086537331342697
1593148562,7240026510,1,3,0.11590038239955902
1596126327,3317704373,1,3,0.01980152539908886
1596325883,2090591961,1,3,0.02210148423910141
1600908824,2891416631,1,3,0.0256852637976408
1600908824,5250260756,1,3,0.012090019881725311
1600908824,7767144248,1,3,0.0586656853556633
1601978401,1306484861,1,3,0.01824808679521084
1605293554,3217035437,1,3,0.047914426773786545
1609307762,2219969573,1,3,0.013310793787240982
1615724125,2090591961,1,3,0.010257539339363575
1616988417,3847642518,1,3,0.048170555382966995
1626205887,5250260756,1,3,0.04233432561159134
1627128191,7804300115,1,3,0.016798749566078186
1628704454,7467277921,1,3,0.02802913635969162
1636097451,6483039487,1,3,0.016101662069559097
1637804344,3217742437,1,3,0.027904771268367767
1638579377,1297975973,1,3,0.020861664786934853
1641587561,6788591973,1,3,0.04544023424386978
1644167225,1297975973,1,3,0.12596483528614044
1645026453,6153121801,1,3,0.012125023640692234
1651909015,1195908387,1,3,0.04750184714794159
1651911632,1275418863,1,3,0.02344091795384884
1657098895,2201915244,1,3,0.056619830429553986
1660689347,1645599505,1,3,0.012909477576613426
1663306463,2090591961,1,3,0.05163387209177017
1665074831,1797539504,1,3,0.010161184705793858
1668299217,3217035437,1,3,0.025621583685278893
1671739735,6001863056,1,3,0.042963944375514984
1674590241,5250260756,1,3,0.04817327484488487
1677256504,1306484861,1,3,0.04591502249240875
1680847394,7506746741,1,3,0.02064485475420952
1683529827,7765668071,1,3,0.04885043203830719
1683705650,1195908387,1,3,0.04992775246500969
1684577171,3217742437,1,3,0.025621583685278893
1685037187,1719397245,1,3,0.04904656857252121
1686096563,7946457588,1,3,0.05226455256342888
1691573063,1306484861,1,3,0.047568581998348236
1691995232,7380722614,1,3,0.041585974395275116
1691995232,7844581127,1,3,0.015687905251979828
1694760504,7467277921,1,3,0.03420102223753929
1696256335,6065301364,1,3,0.0257720910012722
1696707511,1816029971,1,3,0.026091603562235832
1697747120,5926318749,1,3,0.014976615086197853
1698194380,1306484861,1,3,0.05677929148077965
1705189843,5789387121,1,3,0.015111707150936127
1705968887,1816029971,1,3,0.047063540667295456
1706497993,1797539504,1,3,0.0394836850464344
1712344213,6420654776,1,3,0.04311853274703026
1713066740,5070705161,1,3,0.052060533314943314
1713156365,2018925253,1,3,0.03934739530086517
1713849991,6425881183,1,3,0.04798923432826996
1714852885,1645599505,1,3,0.05675902217626572
1714852885,5939204645,1,3,0.010703247040510178
1722034007,3098510521,1,3,0.022404924035072327
1724962892,1797539504,1,3,0.04496745765209198
1725876043,5250260756,1,3,0.24234557151794434
1728534704,2090591961,1,3,0.06629171222448349
1728543651,7240026510,1,3,0.1148800328373909
1728860841,1737850362,1,3,0.27390092611312866
1728860841,2090591961,1,3,0.11605750769376755
1728860841,3778125742,1,3,0.12768089771270752
1728860841,5020552519,1,3,0.16490185260772705
1728860841,5311962099,1,3,0.04384930804371834
1728860841,5531506227,1,3,0.04988182708621025
1728860841,6839422251,1,3,0.12827852368354797
1729321410,3778125742,1,3,0.025603625923395157
1729435613,1719397245,1,3,0.04291609674692154
1729573205,5972505998,1,3,0.03684479370713234
1730107171,1306484861,1,3,0.017137469723820686
1731008637,7506746741,1,3,0.04233432561159134
1731065970,2909406375,1,3,0.05052831768989563
1731086097,6153121801,1,3,0.021812638267874718
1732235607,6483039487,1,3,0.04570607841014862
1732592991,7760290512,1,3,0.016593553125858307
1734230522,3217742437,1,3,0.008098618127405643
1737002301,6483039487,1,3,0.048658158630132675
1737002301,7767144248,1,3,0.07964780926704407
1737070641,5428423860,1,3,0.012647179886698723
1737089831,2136848625,1,3,0.014485323801636696
1737765801,2891416631,1,3,0.03929539769887924
1737850362,1737850362,1,3,0.03935011848807335
1739848282,3217742437,1,3,0.0210396870970726
1740655094,3217742437,1,3,0.07330601662397385
1744032673,6243146585,1,3,0.018356455489993095
1744256094,1850017837,1,3,0.048658158630132675
1744365780,3217035437,1,3,0.017566749826073647
1744365780,5226302309,1,3,0.02845921739935875
1744830973,2090591961,1,3,0.024340128526091576
1745099012,2136848625,1,3,0.024757497012615204
1745304521,2090591961,1,3,0.04096176102757454
1748371714,1297975973,1,3,0.027633095160126686
1750189645,3082731712,1,3,0.009713174775242805
1751676312,5250260756,1,3,0.007989146746695042
1751676312,6153121801,1,3,0.012472597882151604
1751676312,7767144248,1,3,0.026036575436592102
1752419970,7804300115,1,3,0.0256852637976408
1756555421,5428423860,1,3,0.010849014855921268
1757730393,2002400427,1,3,0.039215151220560074
1758670473,5789387121,1,3,0.05779380351305008
1759355281,1306484861,1,3,0.03675314784049988
1760266180,7767144248,1,3,0.02595381997525692
1760328720,6276227682,1,3,0.01965261436998844
1761197200,1797539504,1,3,0.02912699617445469
1762198133,6272876985,1,3,0.05347374081611633
1762289434,5789387121,1,3,0.04798435792326927
1762610752,1816029971,1,3,0.028636576607823372
1764669723,1306484861,1,3,0.018805453553795815
1765282493,3412668714,1,3,0.0427902415394783
1766006870,3847642518,1,3,0.01688581518828869
1766797025,6420654776,1,3,0.04846386983990669
1767029373,2090591961,1,3,0.044209063053131104
1767567135,2217048775,1,3,0.014624219387769699
1768036933,6153121801,1,3,0.1274656057357788
1768437524,3412668714,1,3,0.025253716856241226
1768498042,6560668913,1,3,0.019404731690883636
1768661321,6420654776,1,3,0.06047069653868675
1768665863,1275418863,1,3,0.05239158123731613
1769541493,7847210480,1,3,0.04820869117975235
1769699740,5428423860,1,3,0.015313341282308102
1769699740,5926318749,1,3,0.015127024613320827
1769699740,7850599876,1,3,0.03945119306445122
1769881767,6618737705,1,3,0.025586917996406555
1770019182,1816029971,1,3,0.0478113517165184
1770890027,3217742437,1,3,0.047855526208877563
1771726321,2018925253,1,3,0.047652292996644974
1773011615,1306484861,1,3,0.02505207620561123
1773588075,6437735703,1,3,0.0183201115578413
1774490543,1647256370,1,3,0.025739550590515137
1774609563,3847642518,1,3,0.00980827771127224
1774894487,7847210480,1,3,0.02802913635969162
1775419875,6420654776,1,3,0.03937967121601105
1776147867,1306484861,1,3,0.04812255874276161
1777652265,5250260756,1,3,0.025306876748800278
1777805561,1297975973,1,3,0.04913086071610451
1778337977,1791873284,1,3,0.04507741332054138
1781054361,7467277921,1,3,0.014489316381514072
1781568237,1306484861,1,3,0.02272016741335392
1783578635,3098510521,1,3,0.036986418068408966
1783797177,1195908387,1,3,0.0477442592382431
1786175837,5250260756,1,3,0.02845921739935875
1786175837,6788591973,1,3,0.13690130412578583
1789040470,2909406375,1,3,0.08610663563013077
1789723081,6437735703,1,3,0.10120906680822372
1790025437,1297975973,1,3,0.014716892503201962
1792879900,1275418863,1,3,0.04231133684515953
1792879900,2891416631,1,3,0.06581228226423264
1793117301,2008062861,1,3,0.016524795442819595
1793839097,6420654776,1,3,0.03710942715406418
1796941592,2217048775,1,3,0.056522246450185776
1797539504,1797539504,1,3,0.047427281737327576
1798738522,1497609517,1,3,0.044453732669353485
1800242235,1816029971,1,3,0.027845919132232666
1802067362,1554226303,1,3,0.04798435792326927
1802626467,1797539504,1,3,0.03931261971592903
1803625801,2136848625,1,3,0.05037590488791466
1804091521,3778125742,1,3,0.056535132229328156
1805507904,1297975973,1,3,0.016524795442819595
1805595342,3847642518,1,3,0.0104726143181324
1805824585,6276227682,1,3,0.045759763568639755
1811903663,1811903663,1,3,0.010095740668475628
1812830637,7946457588,1,3,0.024483107030391693
1816029971,1816029971,1,3,0.03944379463791847
1816555811,1797539504,1,3,0.02417239360511303
1817121380,1816029971,1,3,0.042556677013635635
1819098745,5250260756,1,3,0.04268861934542656
1821525001,1797539504,1,3,0.07959584146738052
1823052635,3217742437,1,3,0.008098618127405643
1823960932,3082731712,1,3,0.015313341282308102
1824532011,1850017837,1,3,0.01599172316491604
1824681991,3082731712,1,3,0.010118886828422546
1827460937,6425881183,1,3,0.042132358998060226
1827497444,2217048775,1,3,0.052182331681251526
1832054540,2891416631,1,3,0.04232707619667053
1835003467,5428423860,1,3,0.017693422734737396
1835577815,1816029971,1,3,0.01752186380326748
1837376213,1816029971,1,3,0.011005270294845104
1840245473,7804300115,1,3,0.014663693495094776
1840772337,2217048775,1,3,0.04958479851484299
1842782523,5543176559,1,3,0.018026864156126976
1842782523,7341744407,1,3,0.04002523422241211
1842817440,5250260756,1,3,0.0982864573597908
1842817440,7804300115,1,3,0.048120032995939255
1843239054,7767144248,1,3,0.036813121289014816
1845506087,3217742437,1,3,0.05417926236987114
1845506087,6560668913,1,3,0.044453732669353485
1846119637,2090591961,1,3,0.06874794512987137
1846614551,6065301364,1,3,0.03417414054274559
1847469027,3543420821,1,3,0.0513233058154583
1847912024,3098510521,1,3,0.024561172351241112
1848809100,1554226303,1,3,0.04301740601658821
1851782205,3829981184,1,3,0.048272211104631424
1854400381,3778125742,1,3,0.045099806040525436
1854511882,1737850362,1,3,0.010095740668475628
1856000570,1306484861,1,3,0.03886934742331505
1856000570,7467277921,1,3,0.024452194571495056
1858291127,3082731712,1,3,0.03468117490410805
1861032474,2217048775,1,3,0.016556505113840103
1861287570,1647256370,1,3,0.02621825970709324
1862750590,3292333231,1,3,0.023194771260023117
1862817887,3217742437,1,3,0.02564099431037903
1863031164,1850017837,1,3,0.03931261971592903
1863700093,3082731712,1,3,0.048737961798906326
1864594974,6871895822,1,3,0.04817327484488487
1865079010,6788591973,1,3,0.048004500567913055
1865348772,1306484861,1,3,0.04822764918208122
1865394082,2090591961,1,3,0.010291260667145252
1865927432,1306484861,1,3,0.04813878610730171
1866086621,6276227682,1,3,0.04504063352942467
1866280303,1719397245,1,3,0.01006518118083477
1866296807,7765668071,1,3,0.04807208850979805
1868011571,1647256370,1,3,0.05179792270064354
1868790194,6437735703,1,3,0.05181756988167763
1871950051,3217742437,1,3,0.029939237982034683
1874698957,7160110296,1,3,0.02442496083676815
1878982664,3778125742,1,3,0.048500191420316696
1880440934,5250260756,1,3,0.021414756774902344
1881939460,3098510521,1,3,0.03641403093934059
1882313655,2136848625,1,3,0.04481464996933937
1882313655,7765668071,1,3,0.050705209374427795
1883332187,1297975973,1,3,0.02291000634431839
1884345014,3082731712,1,3,0.04061966389417648
1885397274,5543176559,1,3,0.04796018823981285
1885617617,6420654776,1,3,0.04818504676222801
1887929805,3973292213,1,3,0.01509740948677063
1888550095,5311962099,1,3,0.01685098372399807
1890250623,5070705161,1,3,0.010012631304562092
1890250623,6788591973,1,3,0.04891146346926689
1891371892,6065301364,1,3,0.015318773686885834
1891453755,6437735703,1,3,0.02595381997525692
1893176165,1875293522,1,3,0.03929539769887924
1893673244,5250260756,1,3,0.07867228239774704
1893673244,7767144248,1,3,0.025311917066574097
1895091803,7804300115,1,3,0.03916039317846298
1896492524,5600540896,1,3,0.12639999389648438
1897840032,6420654776,1,3,0.049840692430734634
1899730963,5789387121,1,3,0.017081115394830704
1902835532,6243146585,1,3,0.019323104992508888
1902855323,2891416631,1,3,0.019335703924298286
1903813533,1306484861,1,3,0.048141613602638245
1908350853,1850017837,1,3,0.04953202232718468
1911378152,1275418863,1,3,0.017124081030488014
1913382064,1917488115,1,3,0.046110689640045166
1916727945,2201915244,1,3,0.025621583685278893
1916727945,6420654776,1,3,0.02381378971040249
1916779177,2090591961,1,3,0.04028329998254776
1919125503,1875293522,1,3,0.009761949069797993
1919656940,1188472987,1,3,0.07140133529901505
1921253302,3217742437,1,3,0.016524795442819595
1923512540,3671879202,1,3,0.018026864156126976
1924667901,1306484861,1,3,0.011036878451704979
1925124973,3317704373,1,3,0.02555663511157036
1925196447,1791873284,1,3,0.04481464996933937
1926504564,5250260756,1,3,0.008022098802030087
1932667390,2427613143,1,3,0.04773395508527756
1934847561,1816029971,1,3,0.04640240594744682
1935780510,2090591961,1,3,0.04441654682159424
1939907527,7767144248,1,3,0.025908907875418663
1941013222,1306484861,1,3,0.014716892503201962
1945421111,5311962099,1,3,0.044499944895505905
1946998331,5428423860,1,3,0.0537387914955616
1947995494,6618737705,1,3,0.06619145721197128
1948136135,5955730111,1,3,0.04372982308268547
1949571457,7380722614,1,3,0.02432306855916977
1951431212,1306484861,1,3,0.020688330754637718
1951605917,6420654776,1,3,0.046224214136600494
1956054824,6560668913,1,3,0.012297453358769417
1957735750,3847642518,1,3,0.025542818009853363
1957735750,7760290512,1,3,0.016524795442819595
1960107865,5600540896,1,3,0.02437862940132618
1961240997,3082731712,1,3,0.05429091304540634
1961811461,7850599876,1,3,0.04815236106514931
1962696443,7734889891,1,3,0.008255458436906338
1962937910,2201915244,1,3,0.010095740668475628
1963189641,1306484861,1,3,0.039652884006500244
1964306911,1816029971,1,3,0.04752751812338829
1964420741,3082731712,1,3,0.03675784543156624
1964926535,6554603444,1,3,0.04495645686984062
1966296207,1645599505,1,3,0.08637764304876328
1966425923,5428423860,1,3,0.016124499961733818
1970380601,3217742437,1,3,0.016524795442819595
1971294417,2018925253,1,3,0.010291260667145252
1973795483,2136848625,1,3,0.08354572206735611
1977422053,3973292213,1,3,0.044499944895505905
1978279332,3292333231,1,3,0.02437862940132618
1978279913,2891416631,1,3,0.04754270985722542
1978279913,7767144248,1,3,0.04812255874276161
1979879971,1816029971,1,3,0.049541786313056946
1980517153,3217742437,1,3,0.047723256051540375
1982258591,7893929649,1,3,0.0183004979044199
2001689311,6560668913,1,3,0.0500139519572258
2001870045,3082731712,1,3,0.050119657069444656
2002400427,2002400427,1,3,0.025065816938877106
2006967744,1647256370,1,3,0.010447695851325989
2008062861,2008062861,1,3,0.009689634665846825
2009183185,7467277921,1,3,0.044209063053131104
2009827717,5531506227,1,3,0.010095740668475628
2011253384,7160110296,1,3,0.024209091439843178
2012029167,2090591961,1,3,0.02506224997341633
2012371701,7946457588,1,3,0.011952077969908714
2017571924,7946457588,1,3,0.0483008474111557
2035192127,1306484861,1,3,0.08022552728652954
2038562752,5250260756,1,3,0.03927088901400566
2039509934,7804300115,1,3,0.07297199964523315
2043874157,6560668913,1,3,0.03721880540251732
2044005772,3217742437,1,3,0.041942670941352844
2044075367,3082731712,1,3,0.01855630613863468
2044556797,1306484861,1,3,0.015913905575871468
2046531181,2201915244,1,3,0.02528316155076027
2052345502,5543176559,1,3,0.04666539654135704
2054440425,5955730111,1,3,0.05228569731116295
2054440425,6153121801,1,3,0.04744604974985123
2054440425,6483039487,1,3,0.047858379781246185
2054440425,6788591973,1,3,0.012909477576613426
2057315464,2217048775,1,3,0.010095740668475628
2057919773,7866135934,1,3,0.010095740668475628
2062738765,6788591973,1,3,0.02770647034049034
2063018362,1306484861,1,3,0.04483231529593468
2085049023,5070705161,1,3,0.02748965099453926
2085916463,6001863056,1,3,0.048278260976076126
2090591961,2090591961,1,3,0.04849398881196976
2095733924,1647256370,1,3,0.016524795442819595
2097214345,7765668071,1,3,0.02787368930876255
2100154271,3217035437,1,3,0.04578188434243202
2100200230,3217742437,1,3,0.03945119306445122
2105442077,3217742437,1,3,0.036526311188936234
2106690497,1297975973,1,3,0.033994950354099274
2108758754,7188930130,1,3,0.009926642291247845
2109746983,1297975973,1,3,0.023970477283000946
2109787250,7844581127,1,3,0.03922508284449577
2110445790,1645599505,1,3,0.05033423379063606
2115035020,1816029971,1,3,0.03473297506570816
2115941062,1297975973,1,3,0.05042113736271858
2119657280,7240026510,1,3,0.011561057530343533
2122890604,2018925253,1,3,0.015687905251979828
2123003344,1554226303,1,3,0.04817327484488487
2124369041,9165329829,1,3,0.05399268493056297
2125020211,7804300115,1,3,0.049734119325876236
2126460312,3317704373,1,3,0.009491873905062675
2128188492,7341744407,1,3,0.03907746821641922
2128976602,1917488115,1,3,0.036634109914302826
2129407751,1041705884,1,3,0.036427032202482224
2129487577,1917488115,1,3,0.015475847758352757
2130578203,7767144248,1,3,0.009959276765584946
2132853267,1816029971,1,3,0.048500191420316696
2133575713,7765668071,1,3,0.03897158429026604
2134427891,1917488115,1,3,0.030100177973508835
2134427891,5955730111,1,3,0.0362703874707222
2136036001,5250260756,1,3,0.01218354795128107
2138022740,6243146585,1,3,0.11854628473520279
2138083365,2909406375,1,3,0.11854628473520279
2138536734,3973292213,1,3,0.04811877757310867
2141063440,1816029971,1,3,0.04930292069911957
2141559172,3217742437,1,3,0.04775300249457359
2149524777,5543176559,1,3,0.009625779464840889
2150638832,1850017837,1,3,0.01123425830155611
2150694340,1297975973,1,3,0.04802331700921059
2151047035,3973292213,1,3,0.03630099445581436
2159256052,2201915244,1,3,0.044329557567834854
2160474317,6101852007,1,3,0.04931684210896492
2167400120,6101852007,1,3,0.023376787081360817
2172731622,1647256370,1,3,0.02644512616097927
2172994680,5531506227,1,3,0.012289678677916527
2178709242,3847642518,1,3,0.024164076894521713
2191030060,7804300115,1,3,0.02802913635969162
2194271024,7767144248,1,3,0.009584447368979454
2203458995,7844581127,1,3,0.044689711183309555
2204491133,6272876985,1,3,0.007989146746695042
2204864291,6560668913,1,3,0.03460654243826866
2207438823,1719397245,1,3,0.045383576303720474
2211373945,2201915244,1,3,0.04623819887638092
2211373945,6420654776,1,3,0.01268182136118412
2212708624,3217742437,1,3,0.011404784396290779
2217066377,2217066377,1,3,0.024073204025626183
2217284714,3082731712,1,3,0.04788802191615105
2233131052,1297975973,1,3,0.10196300595998764
2236753315,3217742437,1,3,0.04276704415678978
2237183641,7380722614,1,3,0.08426825702190399
2241131631,5428423860,1,3,0.0424497127532959
2247525322,1821525001,1,3,0.025053564459085464
2250428050,6523666955,1,3,0.056822311133146286
2252557097,5955730111,1,3,0.05697718635201454
2255667324,2201915244,1,3,0.04489969462156296
2257323550,7767144248,1,3,0.02006128430366516
2261355190,3317704373,1,3,0.06596717983484268
2262461494,3098510521,1,3,0.04492555186152458
2266927053,7612876955,1,3,0.05047142133116722
2267814934,7506746741,1,3,0.010161184705793858
2268551240,3905581452,1,3,0.010895805433392525
2277936631,6483039487,1,3,0.04823310300707817
2280862092,1306484861,1,3,0.08174808323383331
2280966885,1797539504,1,3,0.024252865463495255
2281876423,1797539504,1,3,0.027069851756095886
2282792660,3292333231,1,3,0.09958409518003464
2287336764,3217742437,1,3,0.019540898501873016
2287649464,1497609517,1,3,0.010291260667145252
2288039104,1195908387,1,3,0.047103725373744965
2288985290,1917488115,1,3,0.08389434963464737
2290102181,5250260756,1,3,0.04632902145385742
2296824232,7767144248,1,3,0.0982864573597908
2298212813,1875293522,1,3,0.08214134722948074
2302957412,3671879202,1,3,0.045255258679389954
2302957412,5250260756,1,3,0.017611736431717873
2302957412,7767144248,1,3,0.026436081156134605
2310962647,3543420821,1,3,0.011477055959403515
2314708794,2090591961,1,3,0.017373675480484962
2314909021,3217742437,1,3,0.10132269561290741
2315321560,3847642518,1,3,0.04864649474620819
2317965392,3905581452,1,3,0.0395013652741909
2319237264,5070705161,1,3,0.04131414368748665
2321761900,3543420821,1,3,0.014537802897393703
2326202931,7893929649,1,3,0.019315209239721298
2332234185,7380722614,1,3,0.019789716228842735
2335120563,2090591961,1,3,0.0669182687997818
2339203132,5789387121,1,3,0.08339687436819077
2341530235,7767144248,1,3,0.047555405646562576
2343236425,2090591961,1,3,0.019335703924298286
2345210947,2217066377,1,3,0.04794100672006607
2346206157,6618737705,1,3,0.039674535393714905
2352384124,1850017837,1,3,0.011561057530343533
2354330157,6065301364,1,3,0.07962433248758316
2354722035,1816029971,1,3,0.01824582740664482
2359735447,7866135934,1,3,0.04803590476512909
2363366540,3217742437,1,3,0.018551258370280266
2363366540,6560668913,1,3,0.04835570231080055
2369923072,3905581452,1,3,0.025624439120292664
2372300315,3847642518,1,3,0.04579181969165802
2374597625,2090591961,1,3,0.016101662069559097
2375312690,7765668071,1,3,0.012345215305685997
2375746444,1791873284,1,3,0.047922831028699875
2376201243,7767144248,1,3,0.012583733536303043
2381760717,7625326364,1,3,0.015687905251979828
2382554801,7866135934,1,3,0.03654861822724342
2387690287,6618737705,1,3,0.011274225078523159
2390412714,2090591961,1,3,0.04489969462156296
2393499455,7467277921,1,3,0.03872637450695038
2394197215,5789387121,1,3,0.04380318894982338
2397921670,3292333231,1,3,0.015949537977576256
2398050341,6788591973,1,3,0.019999727606773376
2398850425,3217742437,1,3,0.0676284208893776
2400178611,2136848625,1,3,0.04824521765112877
2401362081,7767144248,1,3,0.04790904000401497
2402180855,1816029971,1,3,0.010217961855232716
2406323612,1554226303,1,3,0.02442496083676815
2408657922,5250260756,1,3,0.033977460116147995
2411988607,3292333231,1,3,0.11655355989933014
2419767744,7341744407,1,3,0.03665603697299957
2422927235,3778125742,1,3,0.09109567850828171
2423493665,6788591973,1,3,0.009985951706767082
2424689883,3217742437,1,3,0.04467640072107315
2424689883,6560668913,1,3,0.03498603031039238
2424757174,6618737705,1,3,0.04774942621588707
2425334477,7467277921,1,3,0.048058025538921356
2428371695,5250260756,1,3,0.018914543092250824
2430736564,3082731712,1,3,0.018971867859363556
2435125140,5926318749,1,3,0.04838347062468529
2436824465,6101852007,1,3,0.019540898501873016
2441873181,1554226303,1,3,0.010217961855232716
2441897275,2937990707,1,3,0.036666709929704666
2441977482,5250260756,1,3,0.011036878451704979
2446831020,1195908387,1,3,0.012909477576613426
2446930557,1041705884,1,3,0.010217961855232716
2456708675,7757687460,1,3,0.034060053527355194
2458255731,1647256370,1,3,0.10473925620317459
2463325380,2002400427,1,3,0.015111707150936127
2463325380,2201915244,1,3,0.10010294616222382
2470834220,3847642518,1,3,0.04090321809053421
2485916767,2090591961,1,3,0.05002535507082939
2486710787,5250260756,1,3,0.03623533993959427
2486947565,3973292213,1,3,0.014692080207169056
2495470277,7767144248,1,3,0.02586638182401657
2498998250,3217035437,1,3,0.012791676446795464
2502468967,5250260756,1,3,0.027677327394485474
2506551673,1821525001,1,3,0.02808837592601776
2507350145,5020552519,1,3,0.0364164263010025
2516472111,6420654776,1,3,0.027904771268367767
2526229041,7612876955,1,3,0.018100827932357788
2526315502,6580670764,1,3,0.011437508277595043
2526563811,1917488115,1,3,0.02507685124874115
2526590643,6304429250,1,3,0.018416468054056168
2527660032,1816029971,1,3,0.02461308240890503
2528319882,5789387121,1,3,0.015898846089839935
2530417711,2201915244,1,3,0.03912104666233063
2538944930,1297975973,1,3,0.034725017845630646
2539430660,1297975973,1,3,0.011357201263308525
2539581455,1554226303,1,3,0.044209063053131104
2540410685,1297975973,1,3,0.009761949069797993
2547901727,2002400427,1,3,0.010118886828422546
2547901727,5428423860,1,3,0.015687905251979828
2553585884,1306484861,1,3,0.011514098383486271
2554148210,2090591961,1,3,0.0366537943482399
2559154297,3082731712,1,3,0.014470655471086502
2561103161,6788591973,1,3,0.026436081156134605
2566732253,6243146585,1,3,0.047689467668533325
2578956847,6871895822,1,3,0.02367393858730793
2586278350,3217035437,1,3,0.036666709929704666
2587445825,6560668913,1,3,0.03296131268143654
2588284800,5250260756,1,3,0.06627090275287628
2588427110,7804300115,1,3,0.011577150784432888
2589891047,1816029971,1,3,0.0497647263109684
2590335977,5428423860,1,3,0.03960282355546951
2590335977,5926318749,1,3,0.017853058874607086
2595952642,6420654776,1,3,0.019074128940701485
2598441920,5789387121,1,3,0.02134370058774948
2598494601,7467277921,1,3,0.018026864156126976
2599391064,3317704373,1,3,0.05382510647177696
2599563620,3973292213,1,3,0.046316199004650116
2605298310,1821525001,1,3,0.04993860051035881
2608144250,1497609517,1,3,0.012753025628626347
2608175473,3217035437,1,3,0.019978875294327736
2615607523,7760290512,1,3,0.01046831626445055
2616514835,2018925253,1,3,0.012816748581826687
2616558492,2090591961,1,3,0.0429333858191967
2618385231,6788591973,1,3,0.02451884187757969
2627429093,7850599876,1,3,0.012909477576613426
2628602713,2090591961,1,3,0.013971562497317791
2630206251,3829981184,1,3,0.048141613602638245
2630802785,3671879202,1,3,0.04579181969165802
2640096287,5574911608,1,3,0.016524795442819595
2643992491,2002400427,1,3,0.010291260667145252
2648474973,3217742437,1,3,0.04790668562054634
2654117967,3217035437,1,3,0.014470655471086502
2656621952,2002400427,1,3,0.024340128526091576
2657931011,1316949123,1,3,0.02595381997525692
2662817813,3082731712,1,3,0.02808837592601776
2667629823,3217035437,1,3,0.12651051580905914
2668466183,6420654776,1,3,0.039758387953042984
2668507541,1875293522,1,3,0.01613597199320793
2669309985,3292333231,1,3,0.012647179886698723
2670258781,1816029971,1,3,0.0695701614022255
2674783177,3217742437,1,3,0.015111707150936127
2680664063,7160110296,1,3,0.039275478571653366
2686415604,6420654776,1,3,0.007931098341941833
2687404797,3082731712,1,3,0.023900238797068596
2692899291,5789387121,1,3,0.05529753118753433
2695720811,1297975973,1,3,0.01479285303503275
2698284755,1275418863,1,3,0.024475065991282463
2706865113,1791873284,1,3,0.016003455966711044
2707136017,6420654776,1,3,0.008058351464569569
2709987651,3217742437,1,3,0.04489969462156296
2712312611,1737850362,1,3,0.02040039747953415
2712441052,6420654776,1,3,0.016524795442819595
2712486872,1850017837,1,3,0.024289637804031372
2714856004,5428423860,1,3,0.04466519504785538
2716195911,3317704373,1,3,0.029939237982034683
2717184773,5226302309,1,3,0.048825234174728394
2722434532,5250260756,1,3,0.025809703394770622
2722434532,6153121801,1,3,0.026436081156134605
2729492305,6788591973,1,3,0.010118886828422546
2731081377,5428423860,1,3,0.010217961855232716
2735304482,3292333231,1,3,0.01688581518828869
2737296227,7850599876,1,3,0.013029202818870544
2737348954,1816029971,1,3,0.09861988574266434
2739913222,1816029971,1,3,0.022046154364943504
2739916933,6523666955,1,3,0.06777823716402054
2744083455,1297975973,1,3,0.07753858715295792
2756221917,1647256370,1,3,0.023932619020342827
2759057317,1306484861,1,3,0.010650252923369408
2759441523,5789387121,1,3,0.030425110831856728
2771986467,7804300115,1,3,0.049763359129428864
2778106523,5250260756,1,3,0.0191668588668108
2778177631,6153121801,1,3,0.04924630746245384
2782266763,5250260756,1,3,0.014716892503201962
2783957877,2008062861,1,3,0.04822426661849022
2785240624,5250260756,1,3,0.014695369638502598
2785240624,6483039487,1,3,0.024313775822520256
2785240624,6618737705,1,3,0.014976615086197853
2790801702,3317704373,1,3,0.05131196230649948
2791403543,7767144248,1,3,0.04933539032936096
2793347685,2201915244,1,3,0.009426728822290897
2793347685,3317704373,1,3,0.04794100672006607
2793347685,5428423860,1,3,0.007931098341941833
2794329980,1875293522,1,3,0.07115334272384644
2803837540,6420654776,1,3,0.02006128430366516
2804576007,7467277921,1,3,0.044909365475177765
2806319925,5250260756,1,3,0.04815236106514931
2806319925,6153121801,1,3,0.039275478571653366
2808086442,1816029971,1,3,0.04217223450541496
2810859462,7946457588,1,3,0.012481138110160828
2812347581,1647256370,1,3,0.022412804886698723
2813454690,7804300115,1,3,0.05529753118753433
2814874944,7765668071,1,3,0.04629664868116379
2815252572,5428423860,1,3,0.03648563101887703
2828835274,2427613143,1,3,0.01798899658024311
2830035983,3217742437,1,3,0.04450247064232826
2831164344,5311962099,1,3,0.02381378971040249
2838496032,1645599505,1,3,0.10174715518951416
2840610715,1850017837,1,3,0.011661202646791935
2854009963,6483039487,1,3,0.036666709929704666
2857550643,5428423860,1,3,0.015127024613320827
2857550643,6420654776,1,3,0.050394199788570404
2864921902,5226302309,1,3,0.012909477576613426
2868558324,5955730111,1,3,0.024483107030391693
2870372034,1554226303,1,3,0.0826818123459816
2875862284,2090591961,1,3,0.01495102234184742
2884540223,7240026510,1,3,0.028153156861662865
2887477154,3317704373,1,3,0.014575442299246788
2890173387,2217066377,1,3,0.04746415093541145
2894051637,7767144248,1,3,0.10403147339820862
2903455721,3973292213,1,3,0.054775044322013855
2904548773,3217742437,1,3,0.018089132383465767
2914587615,6232442780,1,3,0.04780322313308716
2923256815,3217035437,1,3,0.04843065142631531
2925062583,3082731712,1,3,0.011987630277872086
2929543361,7893929649,1,3,0.04756665974855423
2931356587,7804300115,1,3,0.024483107030391693
2931356587,7866135934,1,3,0.014298530295491219
2940677475,3217035437,1,3,0.01477101817727089
2948804022,3412668714,1,3,0.04994771257042885
2953376860,2937990707,1,3,0.012909477576613426
2953376860,5365378896,1,3,0.047913797199726105
2954325032,7866135934,1,3,0.02855292521417141
2954703322,1645599505,1,3,0.042373932898044586
2979443400,6618737705,1,3,0.04771019518375397
2986592521,2002400427,1,3,0.03663632273674011
2989627804,2136848625,1,3,0.04934237152338028
2991074313,3082731712,1,3,0.015071520581841469
2993063632,3217035437,1,3,0.014263772405683994
2997506332,3217742437,1,3,0.04526333138346672
2997506332,6560668913,1,3,0.02595381997525692
3009528013,3217035437,1,3,0.04789329692721367
3012889857,1297975973,1,3,0.018711956217885017
3012889857,6420654776,1,3,0.0179181806743145
3016651517,1316949123,1,3,0.04773581400513649
3023825623,2136848625,1,3,0.1259671151638031
3027400661,6272876985,1,3,0.03919797018170357
3030300431,1188472987,1,3,0.012350490316748619
3049445697,1816029971,1,3,0.018711956217885017
3053539753,2201915244,1,3,0.02432306855916977
3054456051,7240026510,1,3,0.025057001039385796
3059123933,5789387121,1,3,0.03710942715406418
3060536095,1647256370,1,3,0.0367390476167202
3061366341,2090591961,1,3,0.009951002895832062
3078105095,2090591961,1,3,0.024442628026008606
3082343995,3098510521,1,3,0.015444750897586346
3083845235,5972505998,1,3,0.041699882596731186
3085284881,6243146585,1,3,0.014986420050263405
3089241893,2201915244,1,3,0.04623819887638092
3092158951,2090591961,1,3,0.05891339108347893
3095061865,3082731712,1,3,0.04292668029665947
3095801057,1306484861,1,3,0.01624787598848343
3097498647,1554226303,1,3,0.015687905251979828
3102885807,5939204645,1,3,0.04264608398079872
3110038137,5250260756,1,3,0.05037568509578705
3117084031,2002400427,1,3,0.018481144681572914
3117084031,5428423860,1,3,0.010118886828422546
3117084031,7850599876,1,3,0.01647491380572319
3123020445,3217035437,1,3,0.047570161521434784
3126175622,5955730111,1,3,0.04301740601658821
3127429293,6502204514,1,3,0.017004767432808876
3136761354,2217048775,1,3,0.05704071372747421
3137474057,2002400427,1,3,0.026436081156134605
3137503355,1816029971,1,3,0.044753532856702805
3142510534,2217048775,1,3,0.04632912203669548
3143975085,1917488115,1,3,0.036931201815605164
3152920474,2090591961,1,3,0.04819641262292862
3155226064,7804300115,1,3,0.03891090676188469
3159416630,7200019989,1,3,0.04830498993396759
3165143097,3847642518,1,3,0.025411736220121384
3166454103,2217048775,1,3,0.025488752871751785
3167944545,6153121801,1,3,0.016057109460234642
3168329522,1797539504,1,3,0.022237125784158707
3168363654,5789387121,1,3,0.03486922010779381
3170533115,1195908387,1,3,0.024819981306791306
3171353494,5955730111,1,3,0.009761949069797993
3173322884,6272876985,1,3,0.012909477576613426
3175151102,5365378896,1,3,0.04741540923714638
3177549032,1791873284,1,3,0.02493804134428501
3178522032,3098510521,1,3,0.047641005367040634
3182080140,2002400427,1,3,0.04822426661849022
3182080140,2201915244,1,3,0.04742731899023056
3182080140,5428423860,1,3,0.044359978288412094
3183216730,5250260756,1,3,0.03968070074915886
3183216730,6788591973,1,3,0.009355438873171806
3183216730,7767144248,1,3,0.04783634841442108
3187665272,5250260756,1,3,0.02782081998884678
3191789091,3217035437,1,3,0.014624219387769699
3194863717,7757687460,1,3,0.012647179886698723
3196310282,3082731712,1,3,0.013940849341452122
3197881575,7160110296,1,3,0.04270917922258377
3199193745,7467277921,1,3,0.04729682579636574
3201134251,5543176559,1,3,0.047770511358976364
3202047570,3778125742,1,3,0.0160268135368824
3206133660,2018925253,1,3,0.04457489028573036
3206959331,7804300115,1,3,0.03976127505302429
3217625733,1719397245,1,3,0.016798749566078186
3217878361,1297975973,1,3,0.010827193036675453
3220654543,6420654776,1,3,0.036794502288103104
3220990344,3217742437,1,3,0.04806964471936226
3224220842,6420654776,1,3,0.02787368930876255
3224475965,7506746741,1,3,0.010118886828422546
3226419533,7734889891,1,3,0.007386382669210434
3229253833,2136848625,1,3,0.03905564546585083
3230571112,6788591973,1,3,0.010095740668475628
3231231974,3778125742,1,3,0.026436081156134605
3237248910,1850017837,1,3,0.04786350578069687
3253820142,3217742437,1,3,0.017318369820713997
3256979595,7767144248,1,3,0.011661202646791935
3258958961,3973292213,1,3,0.03275375813245773
3259919771,3412668714,1,3,0.039674535393714905
3263075754,1297975973,1,3,0.059510283172130585
3264353815,7804300115,1,3,0.03949849680066109
3266191104,5428423860,1,3,0.04869252070784569
3270271044,6276227682,1,3,0.058627400547266006
3272009764,3217742437,1,3,0.037817128002643585
3272559204,5789387121,1,3,0.0256852637976408
3276247902,7160110296,1,3,0.01504457276314497
3277839405,7866135934,1,3,0.02489154227077961
3281026411,7767144248,1,3,0.03442605584859848
3291242315,1821525001,1,3,0.00991857796907425
3297536633,1791873284,1,3,0.011987630277872086
3298555275,5987057408,1,3,0.025185072794556618
3305357841,1791873284,1,3,0.034294236451387405
3305927904,1647256370,1,3,0.01285559218376875
3314081325,2219969573,1,3,0.051504116505384445
3320792231,1954778190,1,3,0.016524795442819595
3338118440,1306484861,1,3,0.010975552722811699
3344715030,5250260756,1,3,0.025821799412369728
3344715030,6153121801,1,3,0.04786921292543411
3388330412,5926318749,1,3,0.04568792134523392
3396311052,5250260756,1,3,0.04849398881196976
3412668714,3412668714,1,3,0.03916039317846298
3444444394,2002400427,1,3,0.00960692297667265
3457030580,7847210480,1,3,0.016524795442819595
3478656500,5926318749,1,3,0.04769881069660187
3479606787,2201915244,1,3,0.009959276765584946
3480486464,6232442780,1,3,0.044329557567834854
3497182123,1816029971,1,3,0.012647179886698723
3506784664,7767144248,1,3,0.012909477576613426
3516613563,5789387121,1,3,0.03902147710323334
3517908584,6437735703,1,3,0.05241017043590546
3541413702,3541413702,1,3,0.018304381519556046
3541678724,7188930130,1,3,0.011566130444407463
3541825070,1645599505,1,3,0.06454993784427643
3543271013,1850017837,1,3,0.023434797301888466
3543583804,5428423860,1,3,0.020792508497834206
3547305065,1816029971,1,3,0.024073204025626183
3549498150,5543176559,1,3,0.059465233236551285
3561643170,3217742437,1,3,0.08295193314552307
3564652312,6560668913,1,3,0.017021726816892624
3592107422,3217742437,1,3,0.05938244238495827
3601293363,3217035437,1,3,0.04836217314004898
3606864955,7341744407,1,3,0.03624993562698364
3610441363,6001863056,1,3,0.027845919132232666
3612524932,2002400427,1,3,0.014801563695073128
3612524932,5428423860,1,3,0.047484394162893295
3616558417,6483039487,1,3,0.0481749027967453
3616558417,7767144248,1,3,0.042781442403793335
3616558417,7804300115,1,3,0.016472987830638885
3625870344,3317704373,1,3,0.014615646563470364
3630211215,5987057408,1,3,0.04606115445494652
3643174265,5407978252,1,3,0.039038535207509995
3647369394,6153121801,1,3,0.009985951706767082
3649161523,5987057408,1,3,0.047917816787958145
3674224027,1645599505,1,3,0.04716024547815323
3697808905,6304429250,1,3,0.037087224423885345
3698281894,1297975973,1,3,0.012636673636734486
3718622400,3217035437,1,3,0.02437862940132618
3719057297,7467277921,1,3,0.0478113517165184
3720399483,6618737705,1,3,0.04834793135523796
3720929930,1316949123,1,3,0.010095740668475628
3730032693,7767144248,1,3,0.048409849405288696
3730032693,7804300115,1,3,0.027940046042203903
3733983767,5955730111,1,3,0.04503176733851433
3735427345,6243146585,1,3,0.030669812113046646
3735646922,5250260756,1,3,0.01613597199320793
3743780822,1875293522,1,3,0.04775111377239227
3750067004,1875293522,1,3,0.04747625067830086
3779630665,2909406375,1,3,0.042510535567998886
3794046457,5250260756,1,3,0.03883904963731766
3794471363,3082731712,1,3,0.04891146346926689
3799376175,6437735703,1,3,0.04948737844824791
3808195430,1875293522,1,3,0.045891545712947845
3809525734,3217742437,1,3,0.020655177533626556
3814256704,7844581127,1,3,0.03937844559550285
3823374460,1297975973,1,3,0.012909477576613426
3825739699,5311962099,1,3,0.0504494272172451
3826021920,2090591961,1,3,0.04849398881196976
3826297527,6420654776,1,3,0.015154684893786907
3828097315,5543176559,1,3,0.015007742680609226
3828293458,7765668071,1,3,0.01268182136118412
3830427922,2217048775,1,3,0.011145826429128647
3833957011,6276227682,1,3,0.03916039317846298
3838395201,5600540896,1,3,0.007931098341941833
3844241937,1188472987,1,3,0.04679663106799126
3858538566,7188930130,1,3,0.012090019881725311
3872689121,7850599876,1,3,0.014379812404513359
3885235904,6243146585,1,3,0.047675542533397675
3886346797,3217035437,1,3,0.04551298916339874
3887866395,7946457588,1,3,0.036634109914302826
3891927452,1645599505,1,3,0.012551636435091496
3894924082,5250260756,1,3,0.04488505423069
3894924082,7804300115,1,3,0.010895805433392525
3908770978,2201915244,1,3,0.0509057380259037
3909285343,7767144248,1,3,0.011774152517318726
3932278797,1850017837,1,3,0.04807436093688011
3932700017,5428423860,1,3,0.0248426403850317
3942516362,7461276382,1,3,0.012909477576613426
3944015214,3217035437,1,3,0.10963350534439087
3944334435,7804300115,1,3,0.02441864274442196
3949137663,3098510521,1,3,0.014195733703672886
3960771019,7188930130,1,3,0.04909086972475052
3961271757,2909406375,1,3,0.04891146346926689
3965264431,2002400427,1,3,0.01226725336164236
3965332335,1195908387,1,3,0.017062248662114143
3965875532,7767144248,1,3,0.016771705821156502
3967670326,5574911608,1,3,0.07093460857868195
3968934524,3217035437,1,3,0.012548652477562428
3969939552,6437735703,1,3,0.042556677013635635
3980787859,7847210480,1,3,0.048224493861198425
3981631677,3217035437,1,3,0.03661394491791725
3991558018,2217066377,1,3,0.01647491380572319
3991558018,6153121801,1,3,0.0485391840338707
4010388662,6420654776,1,3,0.019315209239721298
4012576506,6124100893,1,3,0.011404784396290779
4029903964,5600540896,1,3,0.025739550590515137
4038601565,7804300115,1,3,0.012255682609975338
4051670507,6153121801,1,3,0.014695369638502598
4053237920,6153121801,1,3,0.016402244567871094
4053691655,2427613143,1,3,0.008058351464569569
4056576928,2201915244,1,3,0.04457489028573036
4060874164,6425881183,1,3,0.047656040638685226
4073024132,7844581127,1,3,0.038502052426338196
4089469796,6304429250,1,3,0.02551736682653427
4093260210,7200019989,1,3,0.04774633049964905
4093848783,7160110296,1,3,0.04823458939790726
4099476624,7866135934,1,3,0.09861988574266434
5012172822,7767144248,1,3,0.05031229555606842
5015554345,1306484861,1,3,0.03867014870047569
5017891576,3217035437,1,3,0.0560276098549366
5017984506,5250260756,1,3,0.015313341282308102
5017984506,7767144248,1,3,0.048898302018642426
5026581055,5428423860,1,3,0.08651786297559738
5026913713,3778125742,1,3,0.06811796128749847
5032446204,7467277921,1,3,0.03155878186225891
5032960618,1954778190,1,3,0.06461107730865479
5040702834,1306484861,1,3,0.025253716856241226
5054920537,6618737705,1,3,0.09877587854862213
5055884981,3098510521,1,3,0.013887502253055573
5057645881,2008062861,1,3,0.015500543639063835
5057711027,7946457588,1,3,0.03644997254014015
5078335381,3051163592,1,3,0.016524795442819595
5080827273,5226302309,1,3,0.04077579081058502
5081396513,1816029971,1,3,0.015057080425322056
5090404359,1188472987,1,3,0.13474921882152557
5091244357,6837278495,1,3,0.04503176733851433
5091244357,6839422251,1,3,0.014692080207169056
5092418919,3082731712,1,3,0.025411779060959816
5092418919,7760290512,1,3,0.03905542194843292
5093234685,7847210480,1,3,0.047770511358976364
5102017098,2008062861,1,3,0.03306245058774948
5105022555,5250260756,1,3,0.03726385533809662
5105022555,7767144248,1,3,0.04223013296723366
5110800687,6272876985,1,3,0.11655613034963608
5116956158,1816029971,1,3,0.12517890334129333
5117130279,6065301364,1,3,0.1250261515378952
5119768111,3217742437,1,3,0.04613048583269119
5119768111,6101852007,1,3,0.014485323801636696
5122872077,5311962099,1,3,0.049641333520412445
5123348096,1816029971,1,3,0.010110666044056416
5125090408,1306484861,1,3,0.044874157756567
5134616573,2018925253,1,3,0.08357313275337219
5136133801,2136848625,1,3,0.012440885417163372
5139226538,6153121801,1,3,0.05912128463387489
5139226538,7866135934,1,3,0.04806964471936226
5140279430,3217035437,1,3,0.038853682577610016
5140279430,5730240854,1,3,0.009553042240440845
5140279430,7461276382,1,3,0.015866748988628387
5140279430,7734889891,1,3,0.046403709799051285
5140583411,7734889891,1,3,0.04738624766469002
5143261665,3217742437,1,3,0.025603625923395157
5151848656,1719397245,1,3,0.0468885637819767
5163204267,5250260756,1,3,0.09188885241746902
5165396337,7380722614,1,3,0.04743730276823044
5165621981,3905581452,1,3,0.03635089099407196
5168295981,2201915244,1,3,0.026436081156134605
5171954592,5987057408,1,3,0.01727486401796341
5173634609,3412668714,1,3,0.03252900764346123
5177758106,7341744407,1,3,0.03598317131400108
5180004160,7804300115,1,3,0.00783736351877451
5180414133,6788591973,1,3,0.04520980641245842
5181491799,7734889891,1,3,0.047829821705818176
5181838103,5365378896,1,3,0.046620942652225494
5183768805,1306484861,1,3,0.012143847532570362
5184863933,7734889891,1,3,0.0660715252161026
5186975499,2937990707,1,3,0.012909477576613426
5189479929,7757687460,1,3,0.05913787707686424
5190589411,6272876985,1,3,0.050665419548749924
5196510075,5789387121,1,3,0.019054120406508446
5199672634,7804300115,1,3,0.036603961139917374
5199672634,7866135934,1,3,0.04777129739522934
5203157774,3973292213,1,3,0.044209063053131104
5203707642,5428423860,1,3,0.042836688458919525
5212960198,6523666955,1,3,0.010607734322547913
5214400755,6437735703,1,3,0.04704506695270538
5215457600,3671879202,1,3,0.02005823701620102
5215856388,2201915244,1,3,0.048023879528045654
5216359040,1497609517,1,3,0.051504116505384445
5216621276,3217035437,1,3,0.03402041271328926
5221254250,2219969573,1,3,0.008098618127405643
5221779743,1917488115,1,3,0.04654058814048767
5223391922,7866135934,1,3,0.047672443091869354
5227463804,2909406375,1,3,0.02451884187757969
5228243570,1645599505,1,3,0.02698359452188015
5229919421,6560668913,1,3,0.017050331458449364
5231510839,6425881183,1,3,0.05313371121883392
5235392814,7767144248,1,3,0.044499944895505905
5235990405,7461276382,1,3,0.042286429554224014
5236617398,3217035437,1,3,0.049998629838228226
5237235070,3847642518,1,3,0.03452222794294357
5237315820,6232442780,1,3,0.0095419492572546
5240008241,5926318749,1,3,0.013178137131035328
5241103283,5428423860,1,3,0.018769221380352974
5243006556,3671879202,1,3,0.03510795906186104
5243857206,7467277921,1,3,0.04810808226466179
5246164621,3082731712,1,3,0.051813144236803055
5250084887,2002400427,1,3,0.05168642848730087
5250084887,5428423860,1,3,0.044926926493644714
5250084887,5926318749,1,3,0.016064966097474098
5254144658,6560668913,1,3,0.019335703924298286
5254854698,2217048775,1,3,0.025170419365167618
5261117446,6232442780,1,3,0.013064964674413204
5262402500,6871895822,1,3,0.03899412602186203
5263608538,5250260756,1,3,0.0429522842168808
5263805472,2002400427,1,3,0.03945450484752655
5265115236,7866135934,1,3,0.04768989980220795
5266847638,1041705884,1,3,0.009228980168700218
5266877938,6437735703,1,3,0.042672667652368546
5268473295,1875293522,1,3,0.04363148286938667
5268473295,3847642518,1,3,0.012436877936124802
5270244136,7240026510,1,3,0.010095740668475628
5280044647,6788591973,1,3,0.0684061348438263
5281371309,2090591961,1,3,0.08444635570049286
5281409415,1306484861,1,3,0.025131957605481148
5283734007,2002400427,1,3,0.04767827317118645
5286204909,7341744407,1,3,0.016644742339849472
5290077821,1316949123,1,3,0.04732132330536842
5290869302,1791873284,1,3,0.011054952628910542
5299247507,3847642518,1,3,0.02984769642353058
5303426500,7804300115,1,3,0.010703247040510178
5308129958,6425881183,1,3,0.046274445950984955
5309239540,1316949123,1,3,0.05518091097474098
5309940962,2002400427,1,3,0.06233976036310196
5314126799,3217742437,1,3,0.04790926352143288
5315842867,1737850362,1,3,0.04502733796834946
5321920510,3905581452,1,3,0.06294246017932892
5324742748,7847210480,1,3,0.028345145285129547
5326483526,7844581127,1,3,0.049699459224939346
5327980588,6153121801,1,3,0.011613206937909126
5333217212,2136848625,1,3,0.011188110336661339
5335635347,5428423860,1,3,0.04789331182837486
5335635347,7850599876,1,3,0.04291609674692154
5336874105,5250260756,1,3,0.016919609159231186
5339691190,3671879202,1,3,0.04805738851428032
5341323511,5226302309,1,3,0.03922508284449577
5344059989,6839422251,1,3,0.05105626955628395
5345933644,7844581127,1,3,0.012583733536303043
5346401119,6523666955,1,3,0.0385289341211319
5348951316,6839422251,1,3,0.03707316145300865
5351856519,5767049948,1,3,0.016524795442819595
5356107528,1188472987,1,3,0.03940724954009056
5360267657,2201915244,1,3,0.04522114619612694
5370247480,7767144248,1,3,0.04577045515179634
5370275584,1875293522,1,3,0.018049824982881546
5370816636,7506746741,1,3,0.011370819061994553
5373599087,6153121801,1,3,0.042781442403793335
5376705709,5543176559,1,3,0.04802411422133446
5384084688,7341744407,1,3,0.036703720688819885
5389725498,7760290512,1,3,0.02997557818889618
5392384794,7767144248,1,3,0.059644829481840134
5392590669,6276227682,1,3,0.03564745932817459
5394072229,6272876985,1,3,0.03917049989104271
5407978252,5407978252,1,3,0.036986418068408966
5409069865,1816029971,1,3,0.04761728644371033
5411287384,2018925253,1,3,0.02535078302025795
5428610345,1195908387,1,3,0.015002495609223843
5434665240,3671879202,1,3,0.039225585758686066
5435888391,2201915244,1,3,0.01820218190550804
5435888391,5428423860,1,3,0.011466799303889275
5439230597,1316949123,1,3,0.01647491380572319
5443508636,2136848625,1,3,0.04095751792192459
5445918929,2909406375,1,3,0.03519154340028763
5453665355,6788591973,1,3,0.026263276115059853
5453665355,7506746741,1,3,0.05874570086598396
5453665355,7866135934,1,3,0.04290659725666046
5454305823,6243146585,1,3,0.08366893231868744
5454739561,2909406375,1,3,0.028219377622008324
5455245489,1875293522,1,3,0.041585974395275116
5455438937,7847210480,1,3,0.0513724610209465
5457515269,7804300115,1,3,0.051347795873880386
5457962032,2018925253,1,3,0.03974347561597824
5462435649,2201915244,1,3,0.023859046399593353
5462435649,5428423860,1,3,0.018152322620153427
5463792463,7200019989,1,3,0.026036575436592102
5474591958,6065301364,1,3,0.011876814998686314
5474943846,1041705884,1,3,0.046620942652225494
5476860342,5789387121,1,3,0.04369821399450302
5482747519,5987057408,1,3,0.044453732669353485
5484361748,6442235149,1,3,0.02845921739935875
5484672307,6558040566,1,3,0.04217924177646637
5491488173,5767049948,1,3,0.018887776881456375
5495066741,6065301364,1,3,0.05290341004729271
5504476141,5365378896,1,3,0.016132265329360962
5504476141,7765668071,1,3,0.025065816938877106
5507021158,2018925253,1,3,0.043757420033216476
5508446127,3317704373,1,3,0.04674986004829407
5510438425,2090591961,1,3,0.034353453665971756
5515196472,5789387121,1,3,0.09836988896131516
5516825585,2201915244,1,3,0.041585974395275116
5517797135,3671879202,1,3,0.044453732669353485
5520050647,2705589884,1,3,0.04756023734807968
5527042788,3778125742,1,3,0.011129853315651417
5528151587,1297975973,1,3,0.04553699120879173
5529351998,2217048775,1,3,0.049407124519348145
5531767567,3217035437,1,3,0.04527105763554573
5531767567,3778125742,1,3,0.047788627445697784
5532924326,6788591973,1,3,0.05868273973464966
5536408380,1306484861,1,3,0.03645281121134758
5538213563,2705589884,1,3,0.04930292069911957
5538376860,5955730111,1,3,0.012555285356938839
5538814532,5926318749,1,3,0.12717123329639435
5540607334,2008062861,1,3,0.04500956833362579
5543805633,6065301364,1,3,0.13718563318252563
5549649402,3778125742,1,3,0.06242987513542175
5553194302,3098510521,1,3,0.03903592377901077
5555204906,3217035437,1,3,0.011915965005755424
5556422441,6523666955,1,3,0.047707170248031616
5558232063,5531506227,1,3,0.05146218463778496
5567653864,6523666955,1,3,0.05141467973589897
5568150720,7765668071,1,3,0.059301022440195084
5568357239,5987057408,1,3,0.015111707150936127
5568778089,5939204645,1,3,0.032571759074926376
5571987278,5531506227,1,3,0.019482523202896118
5574666804,3217742437,1,3,0.0560276098549366
5574911608,5574911608,1,3,0.009889124892652035
5575629715,5972505998,1,3,0.009952585212886333
5576508908,7380722614,1,3,0.04550228267908096
5577912170,5972505998,1,3,0.03997204452753067
5577912170,7760290512,1,3,0.02401603013277054
5578434647,1850017837,1,3,0.010558569803833961
5578440317,2002400427,1,3,0.34245213866233826
5581294810,7467277921,1,3,0.32559746503829956
5582280558,1647256370,1,3,0.27617427706718445
5582280558,6437735703,1,3,0.37367114424705505
5583023567,6502204514,1,3,0.29669472575187683
5586832169,6420654776,1,3,0.3426116704940796
5587461003,1821525001,1,3,0.28653842210769653
5590197982,7866135934,1,3,0.29943567514419556
5590253140,5226302309,1,3,0.2767912447452545
5590498308,7804300115,1,3,0.33019912242889404
5597732473,5428423860,1,3,0.27600905299186707
5598714798,5311962099,1,3,0.276691734790802
5599656883,2018925253,1,3,0.2569024860858917
5600540896,5600540896,1,3,0.2756185531616211
5601871705,3317704373,1,3,0.3564754128456116
5604215566,5250260756,1,3,0.3717784285545349
5606716867,1041705884,1,3,0.2766563594341278
5606716867,1316949123,1,3,0.2750272750854492
5606716867,1554226303,1,3,0.27655673027038574
5606716867,1719397245,1,3,0.3114719092845917
5606716867,1791873284,1,3,0.3486185073852539
5606716867,1821525001,1,3,0.22257934510707855
5606716867,1954778190,1,3,0.27494990825653076
5606716867,2018925253,1,3,0.3530503809452057
5606716867,2560497310,1,3,0.04262613505125046
5606716867,2705589884,1,3,0.046669282019138336
5606716867,2909406375,1,3,0.04912794381380081
5606716867,3973292213,1,3,0.04507741332054138
5606716867,5926318749,1,3,0.06015054136514664
5606716867,5939204645,1,3,0.020955611020326614
5606716867,6113513458,1,3,0.05160326510667801
5606716867,6124100893,1,3,0.02537585236132145
5606716867,6272876985,1,3,0.041650570929050446
5606716867,6304429250,1,3,0.04806540906429291
5606716867,6441657735,1,3,0.041585974395275116
5606716867,6580670764,1,3,0.04940922185778618
5606716867,6871895822,1,3,0.047345537692308426
5606716867,7850599876,1,3,0.009436479769647121
5606716867,7912058860,1,3,0.042832646518945694
5606716867,9165329829,1,3,0.039157476276159286
5609347535,6442235149,1,3,0.04798612743616104
5610062909,5955730111,1,3,0.04807436093688011
5612753236,3412668714,1,3,0.02383527159690857
5613148622,1195908387,1,3,0.015062704682350159
5617649014,3541413702,1,3,0.035354677587747574
5617654427,3217742437,1,3,0.017137469723820686
5617993734,5574911608,1,3,0.09050021320581436
5618034425,1306484861,1,3,0.042836688458919525
5618901084,6580670764,1,3,0.05493606999516487
5620568566,5365378896,1,3,0.04497035592794418
5626242855,6065301364,1,3,0.03663026914000511
5626835993,1188472987,1,3,0.04775300249457359
5627055948,2136848625,1,3,0.06373612582683563
5632181477,7804300115,1,3,0.0653902217745781
5634683808,6442235149,1,3,0.058009177446365356
5635660662,7341744407,1,3,0.046596936881542206
5635802475,6437735703,1,3,0.023736925795674324
5635952364,6437735703,1,3,0.0281403549015522
5636340038,3317704373,1,3,0.028225639835000038
5638020515,2201915244,1,3,0.01778126321732998
5638142057,9165329829,1,3,0.04017846658825874
5638489358,6153121801,1,3,0.03660790994763374
5643873947,2937990707,1,3,0.026036575436592102
5643910408,6425881183,1,3,0.04949427768588066
5646261392,5226302309,1,3,0.02021392248570919
5646320933,1195908387,1,3,0.04745825007557869
5646923398,2560497310,1,3,0.04704506695270538
5648291201,3847642518,1,3,0.04770845174789429
5648330378,5070705161,1,3,0.02461308240890503
5648330378,6618737705,1,3,0.03591693937778473
5648330378,7506746741,1,3,0.009888341650366783
5649546460,7461276382,1,3,0.04729682579636574
5650478727,7866135934,1,3,0.05042113736271858
5653438922,2002400427,1,3,0.03669266402721405
5653438922,2201915244,1,3,0.04028329998254776
5653438922,5428423860,1,3,0.0461689829826355
5653941020,6276227682,1,3,0.046848662197589874
5654302190,2560497310,1,3,0.036817558109760284
5654934057,5789387121,1,3,0.048320356756448746
5655765052,6124100893,1,3,0.042635563760995865
5655938692,6420654776,1,3,0.015318773686885834
5657354887,2136848625,1,3,0.08364195376634598
5657796945,7461276382,1,3,0.024452194571495056
5659216419,7160110296,1,3,0.037330929189920425
5659490809,3082731712,1,3,0.050005216151475906
5660648279,6304429250,1,3,0.03890153393149376
5662310423,5250260756,1,3,0.039710771292448044
5664264860,7734889891,1,3,0.0514361709356308
5665274371,1917488115,1,3,0.0495574064552784
5667886200,5939204645,1,3,0.01894824579358101
5668271663,1791873284,1,3,0.05623473599553108
5668452912,3671879202,1,3,0.05020618811249733
5670794147,5955730111,1,3,0.018769221380352974
5671691042,6441657735,1,3,0.019540898501873016
5672420076,1647256370,1,3,0.04413739964365959
5672816163,7506746741,1,3,0.04806539788842201
5673222134,6420654776,1,3,0.06629759073257446
5674280373,3905581452,1,3,0.010095740668475628
5674814998,3082731712,1,3,0.058496423065662384
5676421522,7912058860,1,3,0.049541786313056946
5677811513,1917488115,1,3,0.028296291828155518
5678631487,6243146585,1,3,0.017164595425128937
5679148742,2018925253,1,3,0.04796404018998146
5681056381,6001863056,1,3,0.04531830549240112
5681116057,7946457588,1,3,0.04676653817296028
5681660621,7866135934,1,3,0.06617431342601776
5681753497,1797539504,1,3,0.04251967370510101
5683845236,7946457588,1,3,0.046274445950984955
5686014770,7866135934,1,3,0.03468117490410805
5688061910,2090591961,1,3,0.04663905128836632
5688504186,5311962099,1,3,0.0541224330663681
5689394728,1645599505,1,3,0.04837671294808388
5691923498,1497609517,1,3,0.0924934521317482
5692216595,3217742437,1,3,0.04673754423856735
5695662845,2219969573,1,3,0.04802411422133446
5696238186,5531506227,1,3,0.04311853274703026
5697079868,5767049948,1,3,0.07250143587589264
5697540134,2090591961,1,3,0.07846301048994064
5697943978,5365378896,1,3,0.052130695432424545
5700369002,3292333231,1,3,0.03543594107031822
5706976507,6113513458,1,3,0.04846386983990669
5709863449,1497609517,1,3,0.011285025626420975
5710030423,7506746741,1,3,0.015687905251979828
5710759196,3671879202,1,3,0.019808655604720116
5711147638,6871895822,1,3,0.009315263479948044
5711641197,5730240854,1,3,0.01616191677749157
5711641197,6232442780,1,3,0.019808655604720116
5714825533,6618737705,1,3,0.047881368547677994
5715166252,2937990707,1,3,0.22671790421009064
5716163017,7461276382,1,3,0.24595285952091217
5717189991,2136848625,1,3,0.2272270917892456
5724794152,6425881183,1,3,0.07475045323371887
5727659310,3412668714,1,3,0.1639895886182785
5727659310,3541413702,1,3,0.06316223740577698
5734193765,5730240854,1,3,0.23467035591602325
5734193765,5789387121,1,3,0.22662843763828278
5737978475,3412668714,1,3,0.22672776877880096
5746142680,7767144248,1,3,0.24583779275417328
5747860842,1816029971,1,3,0.3110654056072235
5756268828,2090591961,1,3,0.12426667660474777
5756594539,7804300115,1,3,0.2270924299955368
5756664917,7200019989,1,3,0.1705341786146164
5756946863,2090591961,1,3,0.04503176733851433
5759299465,5365378896,1,3,0.008098618127405643
5762999670,1850017837,1,3,0.026436081156134605
5762999670,2217048775,1,3,0.008195474743843079
5762999670,3051163592,1,3,0.00919890683144331
5762999670,3217742437,1,3,0.04579181969165802
5762999670,3317704373,1,3,0.041585974395275116
5762999670,5428423860,1,3,0.036844488233327866
5762999670,6065301364,1,3,0.05815333127975464
5762999670,6243146585,1,3,0.009770063683390617
5762999670,6276227682,1,3,0.018066581338644028
5762999670,6442235149,1,3,0.047934647649526596
5762999670,6554603444,1,3,0.04342631995677948
5762999670,6788591973,1,3,0.037817128002643585
5762999670,7341744407,1,3,0.041171085089445114
5762999670,7850599876,1,3,0.0999765545129776
5767077088,5311962099,1,3,0.12643569707870483
5767498904,5428423860,1,3,0.059739015996456146
5767574790,5789387121,1,3,0.0483742319047451
5774262932,5428423860,1,3,0.01593066193163395
5778761561,7804300115,1,3,0.010447695851325989
5780474806,3292333231,1,3,0.04096356779336929
5785269176,6065301364,1,3,0.025674138218164444
5786722534,7912058860,1,3,0.009985951706767082
5789387121,5789387121,1,3,0.016241956502199173
5794406144,1811903663,1,3,0.03897327557206154
5796917481,3217742437,1,3,0.03913649171590805
5802016175,2090591961,1,3,0.04363148286938667
5803376323,5543176559,1,3,0.047919292002916336
5807359631,5730240854,1,3,0.02589217945933342
5817169320,1954778190,1,3,0.08436485379934311
5817667427,6580670764,1,3,0.012595717795193195
5824562987,7612876955,1,3,0.013009343296289444
5824796643,1275418863,1,3,0.009985951706767082
5825877163,5987057408,1,3,0.046306923031806946
5828777107,1647256370,1,3,0.016101662069559097
5830301013,6788591973,1,3,0.08426825702190399
5830980402,5250260756,1,3,0.04891146346926689
5832125986,6580670764,1,3,0.05429091304540634
5833155053,5789387121,1,3,0.04902949184179306
5833426192,5250260756,1,3,0.02788686938583851
5834693552,6788591973,1,3,0.01599172316491604
5838388931,6276227682,1,3,0.04579181969165802
5839601203,1850017837,1,3,0.04669322445988655
5840157400,1316949123,1,3,0.019482523202896118
5840182814,3098510521,1,3,0.011070627719163895
5843646637,5789387121,1,3,0.038872066885232925
5843677208,6558040566,1,3,0.023992102593183517
5844362293,2002400427,1,3,0.04803008586168289
5845218568,2201915244,1,3,0.04938989132642746
5845619215,5250260756,1,3,0.026091603562235832
5845694399,5070705161,1,3,0.012215359136462212
5846584088,6788591973,1,3,0.058911439031362534
5848136487,3905581452,1,3,0.04654008150100708
5848614059,5600540896,1,3,0.03902044519782066
5848966182,6554603444,1,3,0.04813301935791969
5850773620,5531506227,1,3,0.11976275593042374
5851199591,5767049948,1,3,0.09813035279512405
5851813335,1816029971,1,3,0.024905774742364883
5852655163,3292333231,1,3,0.03943771496415138
5853492283,2136848625,1,3,0.01613597199320793
5853495851,7866135934,1,3,0.024452194571495056
5854104706,7767144248,1,3,0.050394199788570404
5854479332,7341744407,1,3,0.056408144533634186
5858579111,3317704373,1,3,0.02616271749138832
5860270463,3412668714,1,3,0.0417385958135128
5860541137,6124100893,1,3,0.048409849405288696
5861523912,5789387121,1,3,0.01058135088533163
5861591131,7804300115,1,3,0.17230063676834106
5863689144,2219969573,1,3,0.05007937550544739
5864533868,7734889891,1,3,0.04778103902935982
5866117746,6276227682,1,3,0.02767735719680786
5866147532,7844581127,1,3,0.036844488233327866
5867735185,7612876955,1,3,0.016962608322501183
5867735185,7893929649,1,3,0.010095740668475628
5868525822,7847210480,1,3,0.023871950805187225
5869669944,1791873284,1,3,0.01599172316491604
5871604407,6420654776,1,3,0.012403294444084167
5872134282,3082731712,1,3,0.050394199788570404
5872852983,6232442780,1,3,0.016834327951073647
5873220619,1797539504,1,3,0.04724152386188507
5873223696,5789387121,1,3,0.024020815268158913
5874006003,6580670764,1,3,0.04518532007932663
5876200083,7844581127,1,3,0.04746032878756523
5878418570,7767144248,1,3,0.04995475709438324
5879096205,5033845034,1,3,0.04205760359764099
5880821891,3412668714,1,3,0.04277022182941437
5881066978,3098510521,1,3,0.015071520581841469
5881608767,5767049948,1,3,0.010110666044056416
5885568248,7912058860,1,3,0.04809340834617615
5885665766,6153121801,1,3,0.050256259739398956
5886178167,3217742437,1,3,0.034353453665971756
5887235582,3317704373,1,3,0.047922831028699875
5887456944,1816029971,1,3,0.044849690049886703
5888366667,2002400427,1,3,0.024945171549916267
5890465662,6232442780,1,3,0.0990857183933258
5892577411,6153121801,1,3,0.0172266885638237
5893992672,1645599505,1,3,0.044499944895505905
5897852113,7866135934,1,3,0.04804232716560364
5899644376,7240026510,1,3,0.0075048962607979774
5899793873,7757687460,1,3,0.026436081156134605
5911776487,7946457588,1,3,0.020795481279492378
5915569287,6483039487,1,3,0.058564040809869766
5917324084,6442235149,1,3,0.044499944895505905
5917996083,1816029971,1,3,0.038701944053173065
5929941760,5250260756,1,3,0.08041279762983322
5931356128,7844581127,1,3,0.044359978288412094
5932606090,7946457588,1,3,0.03442605584859848
5934581695,5926318749,1,3,0.010291260667145252
5936068499,2136848625,1,3,0.03893355652689934
5936734760,3292333231,1,3,0.009024141356348991
5941190242,7847210480,1,3,0.02493804134428501
5941399699,2937990707,1,3,0.0394282266497612
5941399699,3217035437,1,3,0.02021392248570919
5942989497,6560668913,1,3,0.025131957605481148
5943862253,7765668071,1,3,0.05037377029657364
5944541098,5428423860,1,3,0.05156707763671875
5949725740,5789387121,1,3,0.01269565336406231
5952970349,7850599876,1,3,0.05768710374832153
5954821883,6502204514,1,3,0.03935011848807335
5955502378,6560668913,1,3,0.025784168392419815
5957497363,7341744407,1,3,0.01006518118083477
5957658596,7625326364,1,3,0.02426530234515667
5958118164,3778125742,1,3,0.04335147142410278
5958444744,5926318749,1,3,0.03668910264968872
5964106324,3217742437,1,3,0.02414996363222599
5964122679,7341744407,1,3,0.020935077220201492
5966495566,7804300115,1,3,0.057781290262937546
5966595743,3082731712,1,3,0.04877098277211189
5967538216,6243146585,1,3,0.039866749197244644
5969799768,6420654776,1,3,0.010282712057232857
5970338864,7847210480,1,3,0.036789800971746445
5972186487,5070705161,1,3,0.038860056549310684
5972186487,7160110296,1,3,0.01829015649855137
5973497632,2002400427,1,3,0.034355297684669495
5974277810,2219969573,1,3,0.038031648844480515
5974573041,1850017837,1,3,0.011661202646791935
5976071509,5789387121,1,3,0.045272644609212875
5978653037,5250260756,1,3,0.010291260667145252
5979153359,3082731712,1,3,0.022482311353087425
5979319077,5730240854,1,3,0.09877587854862213
5980090631,1554226303,1,3,0.019315209239721298
5982010683,3317704373,1,3,0.026436081156134605
5983385535,3217035437,1,3,0.0802759900689125
5983385535,5730240854,1,3,0.03933458775281906
5984474054,3412668714,1,3,0.01647491380572319
5992414008,1791873284,1,3,0.04893649369478226
5993578282,5250260756,1,3,0.024872077628970146
5995908234,6272876985,1,3,0.04382745549082756
5997339059,6276227682,1,3,0.01885986514389515
5998318099,7866135934,1,3,0.011881120502948761
5999392924,9165329829,1,3,0.10093474388122559
6000741093,1954778190,1,3,0.03693409264087677
6008902197,7767144248,1,3,0.03870895877480507
6008980086,7188930130,1,3,0.02472563087940216
6011540541,3217742437,1,3,0.045099806040525436
6011594103,7850599876,1,3,0.04660126939415932
6012868747,2008062861,1,3,0.010291260667145252
6012976332,7866135934,1,3,0.04909086972475052
6013757222,5789387121,1,3,0.010257539339363575
6015118020,5407978252,1,3,0.009587885811924934
6015771820,6243146585,1,3,0.0433645062148571
6015883245,7200019989,1,3,0.08354572206735611
6015911202,5531506227,1,3,0.036744650453329086
6019443304,7847210480,1,3,0.0458124503493309
6020067335,6560668913,1,3,0.04985792934894562
6022538330,2201915244,1,3,0.07986490428447723
6022538330,5428423860,1,3,0.052104104310274124
6023319559,2217066377,1,3,0.04503176733851433
6025743401,5939204645,1,3,0.10196300595998764
6026418121,6243146585,1,3,0.04940922185778618
6027928294,7847210480,1,3,0.042836688458919525
6031413700,3292333231,1,3,0.012089216150343418
6033656950,5955730111,1,3,0.043636709451675415
6033945447,3217742437,1,3,0.026436081156134605
6034458929,6124100893,1,3,0.016962608322501183
6035810285,7804300115,1,3,0.012409104034304619
6036587429,7804300115,1,3,0.012345215305685997
6037114441,7506746741,1,3,0.02020098827779293
6039396026,7893929649,1,3,0.007763314992189407
6040619624,2909406375,1,3,0.012476225383579731
6042593842,7188930130,1,3,0.030493510887026787
6042848812,1188472987,1,3,0.0481736846268177
6045628829,2891416631,1,3,0.04765051230788231
6046864637,6001863056,1,3,0.04544023424386978
6047331876,5311962099,1,3,0.020701009780168533
6047942160,7612876955,1,3,0.04526333138346672
6048249860,1188472987,1,3,0.014819350093603134
6052110532,6425881183,1,3,0.04749906063079834
6054638721,2201915244,1,3,0.04640240594744682
6055396394,5730240854,1,3,0.02380387857556343
6056810348,5789387121,1,3,0.016058262437582016
6057493119,6153121801,1,3,0.025784168392419815
6058433126,2201915244,1,3,0.02237118035554886
6065238581,3217742437,1,3,0.014128424227237701
6065250621,7850599876,1,3,0.04220696538686752
6065305919,5428423860,1,3,0.028296291828155518
6067347236,3217742437,1,3,0.03644515946507454
6067391403,1297975973,1,3,0.037087224423885345
6067942677,3098510521,1,3,0.02599169872701168
6069779399,5365378896,1,3,0.04928397014737129
6071245333,1195908387,1,3,0.036725692451000214
6074231828,1816029971,1,3,0.036866847425699234
6075899843,7240026510,1,3,0.012583733536303043
6078420970,1816029971,1,3,0.008255458436906338
6079322081,5365378896,1,3,0.023327570408582687
6081160242,5955730111,1,3,0.025185072794556618
6084227841,6153121801,1,3,0.04832851141691208
6084227841,7767144248,1,3,0.04951673373579979
6084775524,5789387121,1,3,0.016962608322501183
6086668009,6788591973,1,3,0.0280703566968441
6086668009,7804300115,1,3,0.039115745574235916
6087061776,6483039487,1,3,0.028090044856071472
6089135424,5767049948,1,3,0.04514320567250252
6090527688,2909406375,1,3,0.007262796629220247
6093705327,2909406375,1,3,0.05026087537407875
6094352102,5789387121,1,3,0.011341412551701069
6094748382,1188472987,1,3,0.03598274290561676
6095398627,1554226303,1,3,0.06785646080970764
6095768801,1554226303,1,3,0.02427421323955059
6098321098,7767144248,1,3,0.04809340834617615
6098865380,5428423860,1,3,0.04636422172188759
6098910513,7866135934,1,3,0.011796177364885807
6099762425,7847210480,1,3,0.047991979867219925
6103990879,6618737705,1,3,0.011561057530343533
6105414873,6232442780,1,3,0.03683082386851311
6108275308,6153121801,1,3,0.04504063352942467
6109841985,5767049948,1,3,0.04173913598060608
6110450262,6276227682,1,3,0.05122687667608261
6112997119,5767049948,1,3,0.046249277889728546
6114861094,1195908387,1,3,0.04891302064061165
6116297971,5428423860,1,3,0.05875130742788315
6116624314,1917488115,1,3,0.011860325932502747
6120258046,7767144248,1,3,0.07032230496406555
6120662293,6153121801,1,3,0.010447695851325989
6120662293,7506746741,1,3,0.047728292644023895
6120662293,7767144248,1,3,0.035354677587747574
6120886333,7844581127,1,3,0.04937458783388138
6121945370,5955730111,1,3,0.0560276098549366
6123208888,2002400427,1,3,0.012107153423130512
6124126982,7844581127,1,3,0.016101662069559097
6124288905,7767144248,1,3,0.048700001090765
6124440234,6272876985,1,3,0.049690842628479004
6124704701,3778125742,1,3,0.01582677848637104
6125838276,6243146585,1,3,0.04709428548812866
6125838276,6437735703,1,3,0.016076233237981796
6126717712,6113513458,1,3,0.04806540906429291
6128111861,7760290512,1,3,0.08295193314552307
6128660215,2219969573,1,3,0.01288836169987917
6130797500,3217035437,1,3,0.03501253202557564
6134563997,2427613143,1,3,0.011881120502948761
6137058313,5250260756,1,3,0.021335327997803688
6137109045,7765668071,1,3,0.03922438621520996
6137694124,9165329829,1,3,0.04763104021549225
6137827265,1188472987,1,3,0.08426825702190399
6138018794,5226302309,1,3,0.02413356676697731
6140103743,2002400427,1,3,0.0481736846268177
6140728494,6788591973,1,3,0.05037590488791466
6141121645,5365378896,1,3,0.047670699656009674
6142450995,1719397245,1,3,0.0481749027967453
6144145181,2201915244,1,3,0.055005524307489395
6146790366,6113513458,1,3,0.0071703228168189526
6148461329,6788591973,1,3,0.048058025538921356
6148530103,5365378896,1,3,0.045255258679389954
6152251617,5407978252,1,3,0.0450664684176445
6152283206,2002400427,1,3,0.010282712057232857
6152327584,1041705884,1,3,0.009406469762325287
6154865031,5428423860,1,3,0.048106785863637924
6154865031,6420654776,1,3,0.07875087112188339
6156240739,3051163592,1,3,0.04201076179742813
6156597813,7757687460,1,3,0.05223360285162926
6157025174,3905581452,1,3,0.09898444265127182
6157526046,3082731712,1,3,0.016911445185542107
6158871758,3098510521,1,3,0.016382651403546333
6159907383,7946457588,1,3,0.027845919132232666
6166627165,3847642518,1,3,0.016919609159231186
6169068936,6618737705,1,3,0.04717558994889259
6169768484,5226302309,1,3,0.036409374326467514
6174051169,5428423860,1,3,0.04314761608839035
6175234890,1647256370,1,3,0.020064350217580795
6175635733,7380722614,1,3,0.009764418005943298
6179345503,7380722614,1,3,0.016524795442819595
6179753889,5250260756,1,3,0.010291260667145252
6179930798,5250260756,1,3,0.047411881387233734
6183449684,1645599505,1,3,0.03521328419446945
6184963516,5407978252,1,3,0.011700008995831013
6186387394,6483039487,1,3,0.036725692451000214
6193913198,6001863056,1,3,0.10467712581157684
6198853428,2891416631,1,3,0.01614798977971077
6198853428,5250260756,1,3,0.011800574138760567
6199523389,6788591973,1,3,0.044909365475177765
6201206132,1297975973,1,3,0.0366620235145092
6203506040,6153121801,1,3,0.06704799085855484
6205989849,6113513458,1,3,0.04104408621788025
6207770619,6272876985,1,3,0.016101662069559097
6210221613,1316949123,1,3,0.04579181969165802
6213369701,3217035437,1,3,0.008022098802030087
6216067048,7804300115,1,3,0.04877098277211189
6216744881,1816029971,1,3,0.010849014855921268
6219713128,3217742437,1,3,0.043636709451675415
6226325896,5365378896,1,3,0.04711572825908661
6227273439,6871895822,1,3,0.007958952337503433
6230692465,3217035437,1,3,0.009854516014456749
6240623705,1554226303,1,3,0.013064964674413204
6242369268,3543420821,1,3,0.049956001341342926
6242369268,7767144248,1,3,0.04513224586844444
6242587462,2201915244,1,3,0.04791240021586418
6242882251,5311962099,1,3,0.00980827771127224
6243491180,6272876985,1,3,0.0375809371471405
6243550649,1497609517,1,3,0.038752567023038864
6245021138,6065301364,1,3,0.036254048347473145
6246400104,6788591973,1,3,0.009587885811924934
6246470049,3292333231,1,3,0.041171085089445114
6247338562,5428423860,1,3,0.04682080075144768
6248745007,3412668714,1,3,0.011525069363415241
6250516046,7767144248,1,3,0.009207870811223984
6260928891,5730240854,1,3,0.04077579081058502
6261492132,7734889891,1,3,0.04568792134523392
6265177214,5428423860,1,3,0.04673952981829643
6269105454,7804300115,1,3,0.036239735782146454
6272498050,2002400427,1,3,0.016524795442819595
6274959982,7760290512,1,3,0.013178137131035328
6275659691,7380722614,1,3,0.03660790994763374
6276709484,6437735703,1,3,0.03974347561597824
6277685000,5250260756,1,3,0.00996758695691824
6278236541,2560497310,1,3,0.034725017845630646
6283616615,7341744407,1,3,0.011661202646791935
6285933371,3973292213,1,3,0.007538019213825464
6289102385,7804300115,1,3,0.03869430348277092
6293602136,6580670764,1,3,0.047484613955020905
6294239826,5070705161,1,3,0.16274382174015045
6296409557,3217035437,1,3,0.2223103791475296
6296595060,3217742437,1,3,0.031350862234830856
6296676967,6065301364,1,3,0.051870621740818024
6298547794,7188930130,1,3,0.1035451665520668
6299576043,7734889891,1,3,0.0349922850728035
6300132860,7912058860,1,3,0.03922508284449577
6300234639,1816029971,1,3,0.04778757318854332
6302877294,2002400427,1,3,0.04808737710118294
6303169891,2560497310,1,3,0.03660790994763374
6303741708,2018925253,1,3,0.01475874986499548
6304852312,7804300115,1,3,0.014615646563470364
6306243419,6871895822,1,3,0.008058351464569569
6311814559,7767144248,1,3,0.04311853274703026
6311847543,5428423860,1,3,0.014976615086197853
6312726041,6243146585,1,3,0.009818055666983128
6313755319,7757687460,1,3,0.04805700108408928
6313972943,2427613143,1,3,0.041518181562423706
6313972943,3543420821,1,3,0.10517802089452744
6313972943,5250260756,1,3,0.03683082386851311
6313972943,6153121801,1,3,0.04760223999619484
6313972943,6523666955,1,3,0.036389417946338654
6313972943,7767144248,1,3,0.05338403210043907
6314231582,7341744407,1,3,0.08399052917957306
6314571178,1875293522,1,3,0.015778958797454834
6317004422,1647256370,1,3,0.043318651616573334
6326658563,2560497310,1,3,0.0367390476167202
6328108045,5250260756,1,3,0.06029598042368889
6328108045,7804300115,1,3,0.04497035592794418
6330827582,5428423860,1,3,0.0346829928457737
6330967556,6425881183,1,3,0.05917595699429512
6332254638,1816029971,1,3,0.04832851141691208
6335110770,5428423860,1,3,0.04823310300707817
6336142326,7844581127,1,3,0.05917595699429512
6336727393,6580670764,1,3,0.04513224586844444
6338374206,5020552519,1,3,0.04268861934542656
6338426400,6272876985,1,3,0.025174548849463463
6341263455,1645599505,1,3,0.07903257012367249
6343545114,3973292213,1,3,0.045222532004117966
6344687667,6001863056,1,3,0.008195474743843079
6345424036,6558040566,1,3,0.024452194571495056
6345571067,2002400427,1,3,0.024945171549916267
6346618705,5730240854,1,3,0.016524795442819595
6351430957,5939204645,1,3,0.036981649696826935
6351929548,5987057408,1,3,0.01647491380572319
6352030937,1195908387,1,3,0.046807751059532166
6352947134,9165329829,1,3,0.010599466972053051
6353318165,6502204514,1,3,0.01647491380572319
6354405994,6618737705,1,3,0.007958952337503433
6355773988,1875293522,1,3,0.03586064651608467
6356018956,6502204514,1,3,0.04671947658061981
6356088287,7380722614,1,3,0.03653070330619812
6357461165,2217048775,1,3,0.042668648064136505
6358868863,3217742437,1,3,0.04560345038771629
6358868863,6065301364,1,3,0.04613885655999184
6360182812,7240026510,1,3,0.012255682609975338
6362494295,5428423860,1,3,0.06178286671638489
6364508255,3082731712,1,3,0.024945171549916267
6367253711,7847210480,1,3,0.04372674599289894
6369592839,1816029971,1,3,0.016783369705080986
6371421716,6441657735,1,3,0.025736846029758453
6371440832,7200019989,1,3,0.07991934567689896
6371480339,7734889891,1,3,0.018805453553795815
6372503241,7804300115,1,3,0.0483008474111557
6375215321,7200019989,1,3,0.008022098802030087
6375864476,5428423860,1,3,0.0474943183362484
6375869841,6304429250,1,3,0.07973326742649078
6376536223,3671879202,1,3,0.021033739671111107
6380309035,2560497310,1,3,0.04845552518963814
6382465960,6442235149,1,3,0.044746220111846924
6383834626,6523666955,1,3,0.046987663954496384
6384094120,3671879202,1,3,0.06874794512987137
6387270897,3217035437,1,3,0.01894824579358101
6388881237,3541413702,1,3,0.036334097385406494
6389972929,7847210480,1,3,0.07627847790718079
6398285228,2705589884,1,3,0.04891146346926689
6399001588,6788591973,1,3,0.009985951706767082
6405574504,5789387121,1,3,0.046807751059532166
6408628409,7625326364,1,3,0.011712429113686085
6409662397,2090591961,1,3,0.02103240415453911
6414483665,5543176559,1,3,0.012909477576613426
6414754851,5428423860,1,3,0.042832646518945694
6417288728,1875293522,1,3,0.03950106352567673
6417311813,2891416631,1,3,0.04590350762009621
6420654776,6420654776,1,3,0.01475874986499548
6422226540,6420654776,1,3,0.04556483030319214
6422789400,7160110296,1,3,0.01006266102194786
6424107124,3778125742,1,3,0.04918818920850754
6429908791,7734889891,1,3,0.04457489028573036
6431363980,1737850362,1,3,0.04256570711731911
6435458408,7866135934,1,3,0.0560276098549366
6436432521,6304429250,1,3,0.05697718635201454
6439839435,1737850362,1,3,0.04542919993400574
6441513845,5600540896,1,3,0.008022098802030087
6443251295,5250260756,1,3,0.012734129093587399
6443411459,7734889891,1,3,0.05338403210043907
6443590529,5428423860,1,3,0.038502052426338196
6443590529,6420654776,1,3,0.010357972234487534
6444938272,3217035437,1,3,0.008326970040798187
6445546177,6442235149,1,3,0.04917074367403984
6447802185,2018925253,1,3,0.05007937550544739
6448067294,6523666955,1,3,0.03690841421484947
6450068750,5250260756,1,3,0.10576458275318146
6450068750,6483039487,1,3,0.057489968836307526
6451523958,7804300115,1,3,0.016524795442819595
6452194854,1719397245,1,3,0.050256259739398956
6455278087,3778125742,1,3,0.010346394963562489
6455887120,1316949123,1,3,0.045099806040525436
6456559730,5226302309,1,3,0.04261287674307823
6457397933,1797539504,1,3,0.036935921758413315
6457644489,7380722614,1,3,0.036706797778606415
6458386250,5428423860,1,3,0.07977074384689331
6458845374,2201915244,1,3,0.08673107624053955
6459732362,6001863056,1,3,0.07957794517278671
6461156578,1954778190,1,3,0.07949194312095642
6461774513,5250260756,1,3,0.027904771268367767
6461986372,5428423860,1,3,0.007931098341941833
6463337564,6124100893,1,3,0.05884777382016182
6466297414,3412668714,1,3,0.047881368547677994
6468142897,2909406375,1,3,0.048284947872161865
6470849523,5020552519,1,3,0.045099806040525436
6471995081,1811903663,1,3,0.010456191375851631
6472974847,1816029971,1,3,0.04820437729358673
6474091695,7946457588,1,3,0.049541786313056946
6474567854,7804300115,1,3,0.02179499715566635
6476287452,3292333231,1,3,0.02186105027794838
6476475475,6483039487,1,3,0.009591263718903065
6476663717,3973292213,1,3,0.03894489258527756
6478270106,6441657735,1,3,0.024483107030391693
6478296291,7625326364,1,3,0.01647491380572319
6478381694,1811903663,1,3,0.04704506695270538
6478381694,2219969573,1,3,0.007747006602585316
6478381694,6502204514,1,3,0.012510397471487522
6478740616,1297975973,1,3,0.036281146109104156
6478883823,5428423860,1,3,0.048067204654216766
6480425540,6502204514,1,3,0.009553042240440845
6481122076,5365378896,1,3,0.01495102234184742
6481714157,6618737705,1,3,0.028153156861662865
6482346104,3292333231,1,3,0.04832855984568596
6483309777,7804300115,1,3,0.04108886048197746
6484237577,5543176559,1,3,0.008143868297338486
6484635189,5531506227,1,3,0.04706494137644768
6484871353,2002400427,1,3,0.0480898916721344
6484871353,2201915244,1,3,0.016718924045562744
6484901896,5428423860,1,3,0.0515207014977932
6485104230,7341744407,1,3,0.04646040126681328
6485135074,3082731712,1,3,0.04650332033634186
6487786517,7200019989,1,3,0.08426825702190399
6488535487,7461276382,1,3,0.01226725336164236
6488790498,5428423860,1,3,0.057782985270023346
6490386317,2201915244,1,3,0.06619708985090256
6493599725,6304429250,1,3,0.012909477576613426
6494101136,3847642518,1,3,0.025088639929890633
6495291341,7804300115,1,3,0.0464140847325325
6495956394,7804300115,1,3,0.03514711186289787
6495956394,7866135934,1,3,0.018704203888773918
6498096705,5543176559,1,3,0.018760889768600464
6498488519,6580670764,1,3,0.12622608244419098
6499417936,5428423860,1,3,0.046685490757226944
6499886509,7757687460,1,3,0.02020098827779293
6501435323,5543176559,1,3,0.05868781358003616
6502847479,6153121801,1,3,0.08354572206735611
6504034181,5600540896,1,3,0.009935477748513222
6505442645,7461276382,1,3,0.013225408270955086
6506720881,5070705161,1,3,0.013178137131035328
6506872161,3905581452,1,3,0.04807334765791893
6510330260,7804300115,1,3,0.0485018827021122
6514492322,6502204514,1,3,0.031933076679706573
6516655185,1497609517,1,3,0.04760802537202835
6517592900,3217035437,1,3,0.027707314118742943
6517929707,7847210480,1,3,0.014091410674154758
6518136011,3671879202,1,3,0.08373784273862839
6520148350,1041705884,1,3,0.026436081156134605
6520466508,2002400427,1,3,0.010804740712046623
6520466508,2201915244,1,3,0.0623977892100811
6520649510,5972505998,1,3,0.05406583845615387
6521767558,7461276382,1,3,0.04258770868182182
6522321411,7850599876,1,3,0.008022098802030087
6523198152,6502204514,1,3,0.018769221380352974
6523329535,7893929649,1,3,0.049699459224939346
6530939618,5428423860,1,3,0.042836688458919525
6532009767,6420654776,1,3,0.05424339324235916
6534526224,2002400427,1,3,0.03241922706365585
6536752832,5543176559,1,3,0.04630003869533539
6541815589,1195908387,1,3,0.014672604389488697
6541815589,7847210480,1,3,0.03619376942515373
6549772226,7734889891,1,3,0.012909477576613426
6553990368,1297975973,1,3,0.03507298231124878
6556190979,1816029971,1,3,0.036776550114154816
6556657694,6558040566,1,3,0.03265995532274246
6559055428,5789387121,1,3,0.013358348980545998
6560093474,7804300115,1,3,0.04745858907699585
6561223167,1188472987,1,3,0.019482523202896118
6561223167,1917488115,1,3,0.016170669347047806
6563650638,6442235149,1,3,0.04826868698000908
6568878143,5428423860,1,3,0.04550228267908096
6569810465,7866135934,1,3,0.035354677587747574
6569925002,1188472987,1,3,0.08617578446865082
6571966934,6425881183,1,3,0.06784863770008087
6572599385,7506746741,1,3,0.05479995906352997
6572599385,7866135934,1,3,0.024073204025626183
6572784019,7734889891,1,3,0.018854038789868355
6572850998,7804300115,1,3,0.09128820151090622
6573938570,5939204645,1,3,0.048058025538921356
6574690140,3217035437,1,3,0.028111325576901436
6576984362,1041705884,1,3,0.06645406782627106
6577239964,6441657735,1,3,0.05801701545715332
6577430644,1821525001,1,3,0.04207068309187889
6579969498,2201915244,1,3,0.028111325576901436
6580786502,7160110296,1,3,0.06714585423469543
6585653692,7866135934,1,3,0.02212728187441826
6585990740,6788591973,1,3,0.03484371677041054
6586873489,5531506227,1,3,0.0072335973381996155
6588120898,5311962099,1,3,0.020019127056002617
6590518425,9165329829,1,3,0.01776195503771305
6596460896,6837278495,1,3,0.03507298231124878
6596460896,6839422251,1,3,0.010299570858478546
6599454226,3829981184,1,3,0.03365752100944519
6602595794,3317704373,1,3,0.04767199605703354
6603247892,7866135934,1,3,0.049714867025613785
6603690009,2937990707,1,3,0.041585974395275116
6604114176,1647256370,1,3,0.03891700506210327
6607304247,5767049948,1,3,0.05086018517613411
6607593762,1811903663,1,3,0.10281027853488922
6607593762,3829981184,1,3,0.034060053527355194
6607882366,6442235149,1,3,0.016241956502199173
6609148922,5767049948,1,3,0.033977460116147995
6610426151,1497609517,1,3,0.04773856699466705
6611870876,7850599876,1,3,0.04846386983990669
6612394647,1041705884,1,3,0.011561057530343533
6613325275,5428423860,1,3,0.03930775448679924
6613929574,7767144248,1,3,0.05146084725856781
6613929574,7804300115,1,3,0.010703247040510178
6614069511,1041705884,1,3,0.0996108278632164
6614528596,7767144248,1,3,0.04369821399450302
6614541969,1821525001,1,3,0.018725687637925148
6614830196,1875293522,1,3,0.017708733677864075
6615605106,6124100893,1,3,0.05105135962367058
6617567886,6065301364,1,3,0.049978502094745636
6618900848,6304429250,1,3,0.03568774461746216
6618900848,7757687460,1,3,0.08022810518741608
6619383698,2217066377,1,3,0.011145826429128647
6619800953,1821525001,1,3,0.04581039398908615
6620340779,6788591973,1,3,0.08082392811775208
6623716262,5926318749,1,3,0.008143868297338486
6627837181,7160110296,1,3,0.03927718475461006
6632866084,3412668714,1,3,0.04320884123444557
6633813429,7767144248,1,3,0.01123425830155611
6636351939,3973292213,1,3,0.08631601929664612
6636351939,7467277921,1,3,0.06795904785394669
6638891509,5250260756,1,3,0.0475863479077816
6642282537,2008062861,1,3,0.05234399437904358
6642351307,2705589884,1,3,0.0818268358707428
6642539688,7804300115,1,3,0.049043335020542145
6643207912,6153121801,1,3,0.10090865939855576
6643222037,5574911608,1,3,0.007989146746695042
6646212653,6232442780,1,3,0.07105707377195358
6652974634,6304429250,1,3,0.010095740668475628
6656550305,2891416631,1,3,0.046864934265613556
6659388600,7767144248,1,3,0.09128820151090622
6660147759,6113513458,1,3,0.03660790994763374
6660781013,7625326364,1,3,0.04342631995677948
6661341602,5428423860,1,3,0.012909477576613426
6663009101,6276227682,1,3,0.10477466881275177
6666495820,5730240854,1,3,0.01622336357831955
6670777250,7767144248,1,3,0.047356922179460526
6675318855,6837278495,1,3,0.05179309844970703
6675318855,6839422251,1,3,0.016524795442819595
6679192530,6113513458,1,3,0.048141613602638245
6686137325,6001863056,1,3,0.027175113558769226
6688981686,7893929649,1,3,0.03231710568070412
6694550947,1719397245,1,3,0.046685490757226944
6697027127,7612876955,1,3,0.016524795442819595
6703271307,5428423860,1,3,0.03424425795674324
6705887337,2427613143,1,3,0.03927718475461006
6707713335,3217742437,1,3,0.06576318293809891
6710581900,7461276382,1,3,0.04511946439743042
6721667739,2937990707,1,3,0.036844488233327866
6739225264,2560497310,1,3,0.04662852734327316
6744311747,5730240854,1,3,0.02798936888575554
6744905755,3217035437,1,3,0.042117346078157425
6746001413,3543420821,1,3,0.047500427812337875
6746001413,7767144248,1,3,0.045255258679389954
6746169331,6113513458,1,3,0.01577603444457054
6748667139,6001863056,1,3,0.01002383604645729
6754082660,1816029971,1,3,0.010291260667145252
6754456403,1875293522,1,3,0.06273743510246277
6762134101,6788591973,1,3,0.08087538927793503
6762134101,7866135934,1,3,0.05056281015276909
6764352067,7461276382,1,3,0.13702820241451263
6776655367,1816029971,1,3,0.043081048876047134
6780580379,5926318749,1,3,0.02186576835811138
6784934739,6276227682,1,3,0.0560276098549366
6786220966,1737850362,1,3,0.05879969894886017
6791173024,7240026510,1,3,0.05907396227121353
6795686490,7912058860,1,3,0.060925986617803574
6802378376,7734889891,1,3,0.047881368547677994
6807262165,5767049948,1,3,0.036396827548742294
6807263453,1316949123,1,3,0.024856895208358765
6813655343,6618737705,1,3,0.0394282266497612
6825590951,7380722614,1,3,0.033994950354099274
6832365345,7200019989,1,3,0.017021726816892624
6834351860,5250260756,1,3,0.05347374081611633
6835357110,3217742437,1,3,0.06114399805665016
6838053383,6839422251,1,3,0.00783736351877451
6839427905,6837278495,1,3,0.05260263755917549
6839600660,5070705161,1,3,0.014111926779150963
6839600660,5972505998,1,3,0.036817558109760284
6850291428,7506746741,1,3,0.03491087257862091
6857122027,7850599876,1,3,0.05849473178386688
6858873223,5226302309,1,3,0.03602812439203262
6863572591,2219969573,1,3,0.023871950805187225
6868700467,6502204514,1,3,0.03767085447907448
6871895822,6871895822,1,3,0.00947656761854887
6878811189,5987057408,1,3,0.009738050401210785
6880373971,5365378896,1,3,0.03637310117483139
6886079831,6304429250,1,3,0.04916389286518097
6890984443,7847210480,1,3,0.01647491380572319
6895289962,6243146585,1,3,0.05875130742788315
6898195019,9165329829,1,3,0.0280703566968441
6898558046,6153121801,1,3,0.04775785654783249
6902066598,3412668714,1,3,0.04827473312616348
6910754286,3541413702,1,3,0.042668648064136505
6915113262,5428423860,1,3,0.04314761608839035
6926278145,5574911608,1,3,0.03333950787782669
6927285178,6420654776,1,3,0.014195733703672886
6930156962,6441657735,1,3,0.024945171549916267
6934375549,6871895822,1,3,0.04568792134523392
6960351193,6502204514,1,3,0.04817327484488487
6964621326,6304429250,1,3,0.04828062281012535
6966606731,3317704373,1,3,0.01364328432828188
6973960303,1954778190,1,3,0.05864338576793671
6979349835,7804300115,1,3,0.012078510597348213
6979851760,7804300115,1,3,0.032611239701509476
6981458823,6272876985,1,3,0.03632136434316635
6982878899,1188472987,1,3,0.024340128526091576
6985562762,7200019989,1,3,0.009926642291247845
6987335786,2219969573,1,3,0.028134480118751526
6988372508,5767049948,1,3,0.09807917475700378
6990305140,3098510521,1,3,0.03309062495827675
6991873630,5543176559,1,3,0.03319090977311134
6992181225,6442235149,1,3,0.020909225568175316
6992593942,1316949123,1,3,0.056453634053468704
6996037293,1821525001,1,3,0.038031648844480515
7001132329,6420654776,1,3,0.012189392931759357
7002091839,7847210480,1,3,0.024967676028609276
7006537516,7188930130,1,3,0.047805652022361755
7007336873,7765668071,1,3,0.039627011865377426
7010682405,6523666955,1,3,0.02422993816435337
7010682405,7804300115,1,3,0.04968754202127457
7015724069,6502204514,1,3,0.0509057380259037
7019520733,5428423860,1,3,0.014294520020484924
7019520733,7850599876,1,3,0.0483364500105381
7025526778,1554226303,1,3,0.050284698605537415
7025551829,3082731712,1,3,0.03478366509079933
7025983407,7804300115,1,3,0.05833875387907028
7027738944,5767049948,1,3,0.04846588149666786
7032391915,3543420821,1,3,0.014378423802554607
7034095279,2002400427,1,3,0.17218820750713348
7034095279,2201915244,1,3,0.027975788339972496
7034095279,5428423860,1,3,0.01647491380572319
7034095279,7850599876,1,3,0.03683082386851311
7034875411,1954778190,1,3,0.03510795906186104
7039369410,2002400427,1,3,0.014542960561811924
7042081233,7847210480,1,3,0.04872304946184158
7046928643,7160110296,1,3,0.014893395826220512
7053735761,2018925253,1,3,0.01616191677749157
7058928949,3082731712,1,3,0.042490649968385696
7061992515,1917488115,1,3,0.054763633757829666
7066212035,5574911608,1,3,0.06178286671638489
7069545912,3217742437,1,3,0.0466877706348896
7069545912,6560668913,1,3,0.05704071372747421
7083698859,7760290512,1,3,0.08436485379934311
7089887695,1041705884,1,3,0.04645857214927673
7093682308,1811903663,1,3,0.03653615713119507
7097522993,5574911608,1,3,0.013218075968325138
7101742696,3217035437,1,3,0.042556677013635635
7106057149,5033845034,1,3,0.0515207014977932
7107032825,5767049948,1,3,0.10231456905603409
7107179748,7200019989,1,3,0.0468885637819767
7112011079,6272876985,1,3,0.03672471642494202
7113226758,1041705884,1,3,0.035586971789598465
7119567247,6420654776,1,3,0.009606420062482357
7123441373,1188472987,1,3,0.0422450453042984
7125675440,1816029971,1,3,0.012189392931759357
7126080859,7200019989,1,3,0.03672471642494202
7149175323,6442235149,1,3,0.048676617443561554
7156911488,6554603444,1,3,0.04335147142410278
7168699288,3541413702,1,3,0.0443512424826622
7171066659,6113513458,1,3,0.010650252923369408
7172014689,1797539504,1,3,0.012909477576613426
7180839735,6558040566,1,3,0.012189392931759357
7185176312,7461276382,1,3,0.01613597199320793
7185765833,6441657735,1,3,0.058433204889297485
7185998502,2201915244,1,3,0.042836688458919525
7188667164,6425881183,1,3,0.008058351464569569
7190894435,5600540896,1,3,0.007489474024623632
7192800349,2217066377,1,3,0.043318651616573334
7194773256,7734889891,1,3,0.024992577731609344
7198019672,3973292213,1,3,0.009449428878724575
7200019989,7200019989,1,3,0.011661202646791935
7207045288,6871895822,1,3,0.04342631995677948
7207742336,7804300115,1,3,0.017004767432808876
7209915377,6483039487,1,3,0.03661709651350975
7209976143,2002400427,1,3,0.05487488582730293
7210847546,3973292213,1,3,0.05741323530673981
7211148835,7765668071,1,3,0.042412664741277695
7212356144,5730240854,1,3,0.024818647652864456
7213001610,5311962099,1,3,0.027950575575232506
7214862704,7767144248,1,3,0.036170512437820435
7215435780,3217035437,1,3,0.04760755971074104
7215453518,2002400427,1,3,0.04548262432217598
7215575653,6420654776,1,3,0.04579181969165802
7217985577,6502204514,1,3,0.10450705885887146
7229965075,6425881183,1,3,0.022502385079860687
7231141839,5428423860,1,3,0.045342668890953064
7237042134,5428423860,1,3,0.032571759074926376
7238416666,5730240854,1,3,0.009490812197327614
7240124041,7847210480,1,3,0.05160326510667801
7244689731,7804300115,1,3,0.045383576303720474
7246153446,7767144248,1,3,0.009355610236525536
7247843906,5730240854,1,3,0.02493804134428501
7250334348,6153121801,1,3,0.039571281522512436
7257086274,3973292213,1,3,0.028034916147589684
7257223953,5226302309,1,3,0.01338773500174284
7257689338,6502204514,1,3,0.03614606708288193
7261514048,6442235149,1,3,0.03652644902467728
7270732565,7847210480,1,3,0.01616191677749157
7271506780,5767049948,1,3,0.011153283528983593
7271800506,6304429250,1,3,0.036401115357875824
7272093353,5365378896,1,3,0.059423550963401794
7272747082,7240026510,1,3,0.04817843437194824
7274195852,3292333231,1,3,0.03421417251229286
7275729663,3543420821,1,3,0.03666715323925018
7275729663,6788591973,1,3,0.04794100672006607
7277231700,6523666955,1,3,0.010599466972053051
7278172326,1821525001,1,3,0.01269565336406231
7278732469,7804300115,1,3,0.047024812549352646
7278763128,5574911608,1,3,0.008143868297338486
7279464528,6523666955,1,3,0.043958887457847595
7279598013,3217742437,1,3,0.014114824123680592
7279794880,3082731712,1,3,0.014824606478214264
7279945706,6276227682,1,3,0.03909459710121155
7280330258,5767049948,1,3,0.03660790994763374
7280338093,5428423860,1,3,0.050046395510435104
7280338093,7850599876,1,3,0.04522114619612694
7282938712,7912058860,1,3,0.012791676446795464
7283695912,7200019989,1,3,0.042832646518945694
7284042601,3217035437,1,3,0.024793023243546486
7284126993,1554226303,1,3,0.016524795442819595
7284242348,5987057408,1,3,0.04311853274703026
7284590309,7160110296,1,3,0.055005524307489395
7285472863,9165329829,1,3,0.10090865939855576
7285844927,2909406375,1,3,0.03918766602873802
7287352403,7765668071,1,3,0.04647276550531387
7287639239,7804300115,1,3,0.033897869288921356
7288739472,2002400427,1,3,0.010118886828422546
7288874073,5070705161,1,3,0.024358568713068962
7291187334,5428423860,1,3,0.02787368930876255
7291888801,2705589884,1,3,0.049910977482795715
7294004188,1816029971,1,3,0.02802913635969162
7297286775,6420654776,1,3,0.043294571340084076
7299299119,6276227682,1,3,0.04803008586168289
7303946488,2560497310,1,3,0.027757413685321808
7304349878,1917488115,1,3,0.0073701455257833
7305011159,1195908387,1,3,0.0481736846268177
7305013645,2201915244,1,3,0.04357311129570007
7306027105,6442235149,1,3,0.01647491380572319
7309334237,7847210480,1,3,0.048867493867874146
7309845936,1816029971,1,3,0.01285559218376875
7309867176,6425881183,1,3,0.01603548228740692
7310045671,5226302309,1,3,0.044753532856702805
7310483255,7612876955,1,3,0.010558569803833961
7310769975,6276227682,1,3,0.026263276115059853
7311519122,3671879202,1,3,0.01689361222088337
7312677265,9165329829,1,3,0.00979246199131012
7313582111,7804300115,1,3,0.0367390476167202
7313779991,3082731712,1,3,0.05529753118753433
7316931551,1297975973,1,3,0.04854806140065193
7317376718,7760290512,1,3,0.009625779464840889
7317669901,1297975973,1,3,0.036567140370607376
7319463318,2705589884,1,3,0.051504116505384445
7321548432,3412668714,1,3,0.04270917922258377
7322608923,1297975973,1,3,0.04985792934894562
7325042768,5428423860,1,3,0.04756838455796242
7327194133,3098510521,1,3,0.012927422299981117
7328576645,5730240854,1,3,0.08389697968959808
7328924049,7200019989,1,3,0.03660790994763374
7331165589,1645599505,1,3,0.012226334773004055
7331489423,2201915244,1,3,0.04809340834617615
7331699774,6788591973,1,3,0.04508691653609276
7332934349,1195908387,1,3,0.03401445969939232
7335937620,5250260756,1,3,0.0458124503493309
7336651972,5789387121,1,3,0.03825037181377411
7337866894,6153121801,1,3,0.012090019881725311
7340966285,7804300115,1,3,0.04921794682741165
7342222902,5939204645,1,3,0.05260263755917549
7342227727,5226302309,1,3,0.010095740668475628
7343651861,1645599505,1,3,0.0161720123142004
7345289195,7804300115,1,3,0.0468885637819767
7345634569,2560497310,1,3,0.04731424152851105
7346490369,6232442780,1,3,0.02168979123234749
7347005140,7506746741,1,3,0.032611239701509476
7349213577,1188472987,1,3,0.02414996363222599
7350088951,5365378896,1,3,0.010558569803833961
7350442295,2201915244,1,3,0.009355610236525536
7350835134,6558040566,1,3,0.02086537331342697
7350920887,2560497310,1,3,0.024534525349736214
7351998196,2201915244,1,3,0.01468500867486
7357211247,7844581127,1,3,0.043804433196783066
7358140854,6523666955,1,3,0.036844488233327866
7360146097,9165329829,1,3,0.03676678612828255
7360302064,7188930130,1,3,0.04321587458252907
7360379039,1954778190,1,3,0.03664882108569145
7361421909,3217035437,1,3,0.025131957605481148
7364365909,5531506227,1,3,0.01616191677749157
7365181791,5574911608,1,3,0.04816879332065582
7366523663,3217742437,1,3,0.025253716856241226
7367863996,3217035437,1,3,0.06809839606285095
7368356271,7734889891,1,3,0.05347374081611633
7370601356,6113513458,1,3,0.05619768053293228
7371171018,6420654776,1,3,0.05020124465227127
7371171018,7850599876,1,3,0.038593776524066925
7371534895,3317704373,1,3,0.03666715323925018
7374106655,5250260756,1,3,0.04996796324849129
7375893207,3217742437,1,3,0.014970814809203148
7376857898,2090591961,1,3,0.04481464996933937
7378094994,6153121801,1,3,0.028034916147589684
7378094994,7804300115,1,3,0.04278095066547394
7379678099,5730240854,1,3,0.016150252893567085
7379715611,7912058860,1,3,0.04277022182941437
7381541267,7912058860,1,3,0.025185072794556618
7382160940,1316949123,1,3,0.048176445066928864
7382758581,6441657735,1,3,0.04119471088051796
7384474329,7847210480,1,3,0.01616191677749157
7384844416,7200019989,1,3,0.04314761608839035
7385438127,3847642518,1,3,0.04704506695270538
7385538458,7847210480,1,3,0.018248580396175385
7385644052,1737850362,1,3,0.0299378652125597
7386845614,3412668714,1,3,0.04538927599787712
7387086486,1797539504,1,3,0.009926642291247845
7387102950,6232442780,1,3,0.0281879473477602
7387161612,1850017837,1,3,0.046595703810453415
7387510720,2909406375,1,3,0.01647491380572319
7387937257,1719397245,1,3,0.02798936888575554
7388948924,2002400427,1,3,0.009738050401210785
7390903919,5311962099,1,3,0.055448248982429504
7391809569,5767049948,1,3,0.047922831028699875
7393354303,2705589884,1,3,0.04650332033634186
7394358296,6788591973,1,3,0.010291260667145252
7395128408,6442235149,1,3,0.04268310219049454
7395193174,7847210480,1,3,0.054130423814058304
7395836176,7844581127,1,3,0.021627308800816536
7397201988,6580670764,1,3,0.03578280657529831
7399810156,7200019989,1,3,0.0664905458688736
7401506975,1316949123,1,3,0.04725566878914833
7401851014,7461276382,1,3,0.036703407764434814
7402186530,2002400427,1,3,0.07785943895578384
7402186530,3317704373,1,3,0.034057457000017166
7402493747,7188930130,1,3,0.03806595504283905
7403786690,7804300115,1,3,0.047971248626708984
7406006054,5767049948,1,3,0.0443512424826622
7407210110,7188930130,1,3,0.03663632273674011
7410128470,7200019989,1,3,0.025269992649555206
7411414081,5767049948,1,3,0.052486665546894073
7411473681,7804300115,1,3,0.028111325576901436
7412043544,5226302309,1,3,0.05879969894886017
7412130835,2136848625,1,3,0.04611387848854065
7412975351,5070705161,1,3,0.0338752456009388
7413249374,3217742437,1,3,0.03648465871810913
7415715226,7506746741,1,3,0.038397397845983505
7416653698,3829981184,1,3,0.043062932789325714
7418997552,5250260756,1,3,0.05990184098482132
7418997552,6153121801,1,3,0.01616191677749157
7418997552,6483039487,1,3,0.011774152517318726
7419207923,7757687460,1,3,0.014292160049080849
7419986030,7912058860,1,3,0.04328026995062828
7423296397,7625326364,1,3,0.05885274335741997
7423471761,9165329829,1,3,0.042672667652368546
7424016178,1954778190,1,3,0.057568877935409546
7428374778,1875293522,1,3,0.04514320567250252
7429624522,5311962099,1,3,0.035660941153764725
7431931977,6272876985,1,3,0.05075289309024811
7432435668,1306484861,1,3,0.03683082386851311
7433046049,6001863056,1,3,0.015318773686885834
7433459781,5767049948,1,3,0.034961506724357605
7433532580,2219969573,1,3,0.03693050891160965
7434253395,7188930130,1,3,0.039866749197244644
7434755124,5926318749,1,3,0.008143868297338486
7435063227,3973292213,1,3,0.05075289309024811
7435862870,1954778190,1,3,0.034961506724357605
7436489524,1316949123,1,3,0.04318162798881531
7436845343,5987057408,1,3,0.04746698588132858
7437493762,7200019989,1,3,0.041000593453645706
7438237581,3217035437,1,3,0.02798936888575554
7438906544,6420654776,1,3,0.026091603562235832
7439338902,2705589884,1,3,0.016524795442819595
7439647593,2219969573,1,3,0.048074882477521896
7440826688,6425881183,1,3,0.04547853395342827
7442618355,2219969573,1,3,0.011877135373651981
7443225825,1195908387,1,3,0.019808655604720116
7443408734,9165329829,1,3,0.053732335567474365
7443635987,1917488115,1,3,0.04342631995677948
7450544828,6272876985,1,3,0.09128820151090622
7451072130,6420654776,1,3,0.018046187236905098
7452211679,1041705884,1,3,0.04704506695270538
7452967629,1554226303,1,3,0.08619754016399384
7453025733,1791873284,1,3,0.0678657591342926
7453967180,5428423860,1,3,0.033490173518657684
7455120452,1917488115,1,3,0.01647491380572319
7455186939,1041705884,1,3,0.03819463029503822
7455198589,2705589884,1,3,0.04746805876493454
7455326161,7160110296,1,3,0.050296127796173096
7455350811,6580670764,1,3,0.04920077696442604
7455890777,5767049948,1,3,0.009019425138831139
7457068634,5789387121,1,3,0.012927422299981117
7458654607,1816029971,1,3,0.03892255946993828
7458852208,5574911608,1,3,0.04791083186864853
7459004270,7188930130,1,3,0.05268840491771698
7461741263,2002400427,1,3,0.036706797778606415
7461781768,2090591961,1,3,0.012633890844881535
7461936114,3829981184,1,3,0.047014374285936356
7462673836,5730240854,1,3,0.13912130892276764
7463216755,2937990707,1,3,0.014949836768209934
7463426198,6420654776,1,3,0.016524795442819595
7463794426,7461276382,1,3,0.009184648282825947
7463923134,6837278495,1,3,0.05190391466021538
7463923134,6839422251,1,3,0.026939410716295242
7464936677,1821525001,1,3,0.01647491380572319
7466319216,7200019989,1,3,0.01288836169987917
7468833273,1954778190,1,3,0.03248855471611023
7469696114,5365378896,1,3,0.010257539339363575
7470006720,1917488115,1,3,0.06629759073257446
7470733332,6124100893,1,3,0.036562878638505936
7470908541,7804300115,1,3,0.05429376661777496
7472155604,2201915244,1,3,0.02535078302025795
7472830039,7341744407,1,3,0.051504116505384445
7472840470,7757687460,1,3,0.023736925795674324
7473662502,6001863056,1,3,0.0629785805940628
7474056299,6441657735,1,3,0.04492555186152458
7474258566,2201915244,1,3,0.08389697968959808
7475688423,1645599505,1,3,0.018481144681572914
7478156815,1275418863,1,3,0.04765051230788231
7478156815,5250260756,1,3,0.05875130742788315
7479461437,1816029971,1,3,0.04369821399450302
7481054233,7804300115,1,3,0.03657689318060875
7481118901,6618737705,1,3,0.04213671013712883
7481118901,7866135934,1,3,0.03837929666042328
7481185886,7200019989,1,3,0.05741530656814575
7482893833,2002400427,1,3,0.04733903706073761
7483190608,1821525001,1,3,0.02021392248570919
7483362757,7804300115,1,3,0.04663897678256035
7483477615,1497609517,1,3,0.009278591722249985
7483630211,7912058860,1,3,0.009102311916649342
7485466518,3829981184,1,3,0.04273621365427971
7485763875,7847210480,1,3,0.04556114971637726
7486972106,6232442780,1,3,0.046620942652225494
7487189721,7866135934,1,3,0.042836688458919525
7487253374,6839422251,1,3,0.039654918015003204
7488445934,1195908387,1,3,0.012090019881725311
7488601104,6558040566,1,3,0.02787368930876255
7489533440,2090591961,1,3,0.011739964596927166
7490354099,5365378896,1,3,0.053455598652362823
7491200785,2219969573,1,3,0.03296131268143654
7492946383,2705589884,1,3,0.03666715323925018
7496181974,6441657735,1,3,0.012090019881725311
7497372973,6442235149,1,3,0.011700008995831013
7497587655,6243146585,1,3,0.01894824579358101
7498398920,1811903663,1,3,0.0540500245988369
7499839162,5365378896,1,3,0.012970034964382648
7500031508,6420654776,1,3,0.017062248662114143
7502834388,7461276382,1,3,0.014470655471086502
7503747153,7804300115,1,3,0.04934237152338028
7503863946,7804300115,1,3,0.028134480118751526
7505329309,2217048775,1,3,0.01588847115635872
7505826350,7240026510,1,3,0.04647276550531387
7506493699,3671879202,1,3,0.025253716856241226
7507013549,6425881183,1,3,0.044499944895505905
7507678264,6276227682,1,3,0.01006266102194786
7508042824,3217035437,1,3,0.049714867025613785
7508159247,1297975973,1,3,0.04774942621588707
7509095711,7804300115,1,3,0.01269565336406231
7509595652,3829981184,1,3,0.04503176733851433
7509850858,1821525001,1,3,0.014037868939340115
7510057068,2909406375,1,3,0.025131957605481148
7510210574,3217035437,1,3,0.05508580431342125
7513228947,3217035437,1,3,0.007626918610185385
7513236449,7866135934,1,3,0.034961506724357605
7514961616,6554603444,1,3,0.04252300783991814
7515862282,2002400427,1,3,0.046620942652225494
7516819909,6153121801,1,3,0.033994950354099274
7516940253,6420654776,1,3,0.05892179161310196
7517804299,1188472987,1,3,0.1311103254556656
7518090397,5767049948,1,3,0.058462053537368774
7519048740,6788591973,1,3,0.01215298566967249
7520742218,3671879202,1,3,0.03825037181377411
7520995031,7847210480,1,3,0.012643503025174141
7521171196,6560668913,1,3,0.03660790994763374
7522509796,7804300115,1,3,0.046490732580423355
7525305347,6124100893,1,3,0.028003690764307976
7526771651,7757687460,1,3,0.01565985567867756
7527218608,2002400427,1,3,0.017478758469223976
7527550817,5311962099,1,3,0.024856895208358765
7527843624,6420654776,1,3,0.0275297611951828
7527969867,7847210480,1,3,0.017004767432808876
7528567592,5226302309,1,3,0.04311853274703026
7534912537,5428423860,1,3,0.012090019881725311
7537781271,1041705884,1,3,0.050371188670396805
7540152187,6483039487,1,3,0.03657689318060875
7540290957,3671879202,1,3,0.04141957685351372
7541247263,9165329829,1,3,0.38687947392463684
7543837857,1188472987,1,3,0.050743624567985535
7543837857,2008062861,1,3,0.036720022559165955
7544830534,1811903663,1,3,0.042331941425800323
7545767547,7804300115,1,3,0.04632912203669548
7547749467,1954778190,1,3,0.03963492810726166
7547921982,2002400427,1,3,0.04661889746785164
7547932059,2560497310,1,3,0.057813726365566254
7549671723,7461276382,1,3,0.042510535567998886
7550533560,5767049948,1,3,0.057416025549173355
7550888631,5250260756,1,3,0.048658158630132675
7550888631,7767144248,1,3,0.012909477576613426
7551339358,7847210480,1,3,0.03881946951150894
7553168280,5767049948,1,3,0.016804402694106102
7556282888,6153121801,1,3,0.045637037605047226
7556723356,6425881183,1,3,0.04714679345488548
7557534941,3217035437,1,3,0.038941748440265656
7559591031,5574911608,1,3,0.05811538174748421
7560055382,6441657735,1,3,0.011784953996539116
7560146358,6580670764,1,3,0.015866748988628387
7562155141,2318910945,1,3,0.016919609159231186
7562155141,5070705161,1,3,0.011404784396290779
7562766057,6272876985,1,3,0.05041977018117905
7564299435,6425881183,1,3,0.05795741453766823
7564369284,5955730111,1,3,0.034060053527355194
7565448191,7341744407,1,3,0.03659813851118088
7565713094,5070705161,1,3,0.02478211373090744
7566055835,1811903663,1,3,0.08421944826841354
7566197496,2217048775,1,3,0.03810391575098038
7568910607,1797539504,1,3,0.03622134402394295
7569400999,2136848625,1,3,0.012583733536303043
7570263625,3217035437,1,3,0.04779704660177231
7570811435,7341744407,1,3,0.028018837794661522
7571662162,6153121801,1,3,0.05283201113343239
7574285927,7188930130,1,3,0.0802759900689125
7575201020,6113513458,1,3,0.024073204025626183
7576330878,6243146585,1,3,0.036498893052339554
7579178877,1811903663,1,3,0.036147695034742355
7586793355,7767144248,1,3,0.03888575732707977
7591441737,6788591973,1,3,0.05081934854388237
7592894454,6153121801,1,3,0.04547949135303497
7594899876,7767144248,1,3,0.04466308280825615
7597207883,7760290512,1,3,0.03664882108569145
7597265339,1811903663,1,3,0.014801563695073128
7597566311,1821525001,1,3,0.04407869651913643
7601735866,1554226303,1,3,0.04080846160650253
7602090486,7847210480,1,3,0.05864338576793671
7602167592,6558040566,1,3,0.04849188029766083
7604170498,1954778190,1,3,0.04618284851312637
7604206089,6304429250,1,3,0.07635139673948288
7604700213,7767144248,1,3,0.015856986865401268
7604764119,7757687460,1,3,0.0924934521317482
7605213617,5767049948,1,3,0.03660790994763374
7605271994,6001863056,1,3,0.016524795442819595
7605620715,5407978252,1,3,0.04556114971637726
7605665127,3317704373,1,3,0.08645487576723099
7606618082,5939204645,1,3,0.06806837767362595
7609612347,6304429250,1,3,0.03441610187292099
7609939042,6304429250,1,3,0.04790668562054634
7609939042,7757687460,1,3,0.010703247040510178
7610027482,6523666955,1,3,0.0459885373711586
7611291619,7240026510,1,3,0.018627777695655823
7611371717,6441657735,1,3,0.049407124519348145
7611980071,3217035437,1,3,0.04810808226466179
7613018742,2705589884,1,3,0.03438181057572365
7613200721,6580670764,1,3,0.047858789563179016
7614645925,6502204514,1,3,0.024073204025626183
7615393551,6618737705,1,3,0.037059810012578964
7616728356,5070705161,1,3,0.039185963571071625
7619348846,2427613143,1,3,0.04470233619213104
7619348846,7767144248,1,3,0.026873990893363953
7621579590,2937990707,1,3,0.06998497247695923
7621922449,2560497310,1,3,0.07752622663974762
7627815840,1816029971,1,3,0.008255458436906338
7627945273,7240026510,1,3,0.048418495804071426
7627992009,6837278495,1,3,0.028159860521554947
7627992009,6839422251,1,3,0.050394199788570404
7630032876,6871895822,1,3,0.03640925511717796
7637017967,7160110296,1,3,0.039758387953042984
7637476482,5250260756,1,3,0.046362388879060745
7638735739,7188930130,1,3,0.0346829928457737
7638839607,2090591961,1,3,0.0474095456302166
7639183405,5531506227,1,3,0.007881156168878078
7641509132,6437735703,1,3,0.034548379480838776
7641917051,6871895822,1,3,0.048445675522089005
7642808608,3098510521,1,3,0.04774942621588707
7643156363,3317704373,1,3,0.048325564712285995
7644570410,6441657735,1,3,0.0587226040661335
7644647344,1850017837,1,3,0.04056739807128906
7644965866,7380722614,1,3,0.06178286671638489
7644983894,6153121801,1,3,0.04110782966017723
7644983894,7760290512,1,3,0.042462922632694244
7647042605,2891416631,1,3,0.018808936700224876
7647290948,5428423860,1,3,0.03692498803138733
7648305690,1875293522,1,3,0.10196300595998764
7650789195,5767049948,1,3,0.009667295031249523
7651901176,6232442780,1,3,0.04880109429359436
7653443152,6441657735,1,3,0.034454476088285446
7654625786,1791873284,1,3,0.04817327484488487
7656239787,3671879202,1,3,0.034057457000017166
7658407000,9165329829,1,3,0.05742771923542023
7658908040,6437735703,1,3,0.0490650050342083
7659191261,5428423860,1,3,0.04268310219049454
7659276816,6871895822,1,3,0.059613026678562164
7669400970,1645599505,1,3,0.036567140370607376
7669791808,7757687460,1,3,0.025821799412369728
7669799374,1645599505,1,3,0.04655859246850014
7671843793,1811903663,1,3,0.008098618127405643
7672433302,6580670764,1,3,0.04822426661849022
7672979339,3541413702,1,3,0.04955350607633591
7676807903,6580670764,1,3,0.03661709651350975
7679863731,6442235149,1,3,0.06114399805665016
7685423446,2201915244,1,3,0.046186696738004684
7685423446,5926318749,1,3,0.03248855471611023
7686052762,7612876955,1,3,0.03825037181377411
7689789831,7804300115,1,3,0.047615427523851395
7695075759,7757687460,1,3,0.033490173518657684
7701951239,6871895822,1,3,0.09877587854862213
7703060479,7765668071,1,3,0.03898695111274719
7706445442,9165329829,1,3,0.036567140370607376
7707911560,6502204514,1,3,0.028034916147589684
7714701957,7760290512,1,3,0.17398732900619507
7714737214,7506746741,1,3,0.03749716654419899
7716052904,5987057408,1,3,0.05347326770424843
7717099613,2560497310,1,3,0.10420648008584976
7717611466,5789387121,1,3,0.05347913131117821
7717714493,7461276382,1,3,0.012272719293832779
7718451038,5428423860,1,3,0.057488612830638885
7718744326,7467277921,1,3,0.036013174802064896
7719094299,3412668714,1,3,0.010346394963562489
7719325369,3973292213,1,3,0.03491087257862091
7719592475,3541413702,1,3,0.03904461860656738
7720465494,5955730111,1,3,0.03917865827679634
7721400511,1821525001,1,3,0.012052686884999275
7722624276,1954778190,1,3,0.007565164472907782
7723389990,5543176559,1,3,0.03409813344478607
7723418861,1821525001,1,3,0.036789800971746445
7723670421,2008062861,1,3,0.016170669347047806
7724532733,6243146585,1,3,0.01647491380572319
7724580488,2560497310,1,3,0.04553699120879173
7726183833,5767049948,1,3,0.011700008995831013
7726449004,5033845034,1,3,0.03452222794294357
7727401235,1554226303,1,3,0.048176445066928864
7727446595,3829981184,1,3,0.018066581338644028
7727702368,5020552519,1,3,0.01616191677749157
7727796801,3829981184,1,3,0.04579181969165802
7727940188,2201915244,1,3,0.027711210772395134
7728744773,1797539504,1,3,0.058627400547266006
7728935639,2909406375,1,3,0.010346394963562489
7729145237,7804300115,1,3,0.03819463029503822
7729943977,6871895822,1,3,0.010703247040510178
7730106133,3051163592,1,3,0.0579051710665226
7730715967,7341744407,1,3,0.04530571401119232
7730973077,2002400427,1,3,0.04146576300263405
7732028676,5428423860,1,3,0.009854516014456749
7732586853,5926318749,1,3,0.04783834517002106
7733292301,6272876985,1,3,0.046751026064157486
7734202393,6788591973,1,3,0.019174864515662193
7734792730,7200019989,1,3,0.011946436017751694
7735029500,6523666955,1,3,0.04765051230788231
7736104044,3217035437,1,3,0.04799867421388626
7736450307,6871895822,1,3,0.03634314984083176
7737098108,7844581127,1,3,0.036676593124866486
7737391119,2090591961,1,3,0.03643190860748291
7737848304,7200019989,1,3,0.016150252893567085
7738168802,3292333231,1,3,0.015154684893786907
7738507510,5767049948,1,3,0.028259960934519768
7738612889,2219969573,1,3,0.05228569731116295
7738727481,7804300115,1,3,0.012909477576613426
7738856131,1954778190,1,3,0.05228569731116295
7741064621,5250260756,1,3,0.039207473397254944
7741165443,1811903663,1,3,0.05123979225754738
7741538065,7380722614,1,3,0.03667990118265152
7741602423,6580670764,1,3,0.024561172351241112
7741950618,7804300115,1,3,0.047858379781246185
7742062007,5543176559,1,3,0.03719232976436615
7742345529,6113513458,1,3,0.04124678671360016
7742613057,7866135934,1,3,0.05194392427802086
7743824173,7767144248,1,3,0.02419867366552353
7744110829,5365378896,1,3,0.03478366509079933
7744334254,5543176559,1,3,0.007798397913575172
7745490704,5939204645,1,3,0.0515207014977932
7749692802,6441657735,1,3,0.03676678612828255
7750231581,5939204645,1,3,0.042836688458919525
7750822619,6788591973,1,3,0.03797157481312752
7751062251,5250260756,1,3,0.037330929189920425
7751062251,7866135934,1,3,0.016524795442819595
7751145529,6001863056,1,3,0.050124868750572205
7751914351,3217035437,1,3,0.03708691522479057
7752084441,6001863056,1,3,0.047670699656009674
7755003616,6304429250,1,3,0.01613597199320793
7755003616,7757687460,1,3,0.025253716856241226
7755686582,2560497310,1,3,0.010703247040510178
7758197878,3082731712,1,3,0.007763314992189407
7763320155,7765668071,1,3,0.03819463029503822
7764213265,2560497310,1,3,0.04288463294506073
7766655540,6580670764,1,3,0.01616191677749157
7767385685,6001863056,1,3,0.015627194195985794
7767499922,6420654776,1,3,0.01647491380572319
7767545174,1041705884,1,3,0.05050070956349373
7767667462,5428423860,1,3,0.01616191677749157
7769380101,5600540896,1,3,0.03673991188406944
7769809125,7912058860,1,3,0.01647491380572319
7769939434,6425881183,1,3,0.009386193938553333
7770085370,1954778190,1,3,0.028047900646924973
7770581910,7912058860,1,3,0.0458751879632473
7770912267,1816029971,1,3,0.01766929216682911
7771791323,7760290512,1,3,0.03903067484498024
7771894978,7912058860,1,3,0.010095740668475628
7772234669,3847642518,1,3,0.034548379480838776
7772730684,6420654776,1,3,0.02776196412742138
7772993098,7847210480,1,3,0.04498928785324097
7773662743,5250260756,1,3,0.018054233863949776
7773908510,5428423860,1,3,0.014624219387769699
7774085998,1954778190,1,3,0.034060053527355194
7774305052,2705589884,1,3,0.008098618127405643
7774793467,7200019989,1,3,0.011852728202939034
7774793475,2201915244,1,3,0.04522114619612694
7776999090,7200019989,1,3,0.04674986004829407
7777370516,6232442780,1,3,0.03806595504283905
7777967691,7200019989,1,3,0.017024092376232147
7778128762,6441657735,1,3,0.007315800525248051
7778268796,7200019989,1,3,0.033994950354099274
7778713060,3217742437,1,3,0.04930292069911957
7779012489,2201915244,1,3,0.039301514625549316
7779012489,3317704373,1,3,0.08160442113876343
7779012489,5428423860,1,3,0.020638521760702133
7780144098,3051163592,1,3,0.0348973423242569
7780632274,3217742437,1,3,0.019054120406508446
7782265347,6871895822,1,3,0.04955578222870827
7783386411,5767049948,1,3,0.03391212970018387
7783499664,7240026510,1,3,0.012350490316748619
7783602000,7866135934,1,3,0.03421417251229286
7784727920,6420654776,1,3,0.010568683966994286
7785117806,1821525001,1,3,0.01647491380572319
7785950738,5428423860,1,3,0.04726523533463478
7787155246,2002400427,1,3,0.025624439120292664
7788136287,1195908387,1,3,0.04845552518963814
7789121166,5955730111,1,3,0.010217961855232716
7789254073,1954778190,1,3,0.04794471710920334
7790597131,7200019989,1,3,0.024469954892992973
7790733876,5428423860,1,3,0.01898145116865635
7790816087,9165329829,1,3,0.06178286671638489
7791062454,5531506227,1,3,0.012548652477562428
7792389854,3051163592,1,3,0.11051592975854874
7792559500,7893929649,1,3,0.01536234188824892
7792900078,7200019989,1,3,0.038807958364486694
7793450004,1041705884,1,3,0.04541633650660515
7793474523,7866135934,1,3,0.009663814678788185
7794629486,1719397245,1,3,0.047829821705818176
7795079347,9165329829,1,3,0.04028329998254776
7796705641,2201915244,1,3,0.010975552722811699
7797097314,9165329829,1,3,0.015787970274686813
7797581524,7767144248,1,3,0.05020618811249733
7798119309,7200019989,1,3,0.012551636435091496
7798324571,5070705161,1,3,0.019482523202896118
7798731230,5789387121,1,3,0.024073204025626183
7798744320,7160110296,1,3,0.053907930850982666
7799217119,5250260756,1,3,0.017523040995001793
7799409469,1645599505,1,3,0.04739454388618469
7800766830,7847210480,1,3,0.04283469170331955
7800835571,6153121801,1,3,0.06000526249408722
7801495762,3541413702,1,3,0.04577873647212982
7801710188,2201915244,1,3,0.01613597199320793
7801996463,2217066377,1,3,0.05411835387349129
7801996463,5250260756,1,3,0.03924834355711937
7802091155,1850017837,1,3,0.01458533015102148
7802915944,7240026510,1,3,0.02086537331342697
7803564732,5250260756,1,3,0.03927396982908249
7804152685,6437735703,1,3,0.017708733677864075
7804464590,1791873284,1,3,0.05788083001971245
7804957617,7767144248,1,3,0.10610932111740112
7805336245,6788591973,1,3,0.07256623357534409
7806205931,7946457588,1,3,0.08962678909301758
7806293863,2002400427,1,3,0.05520908534526825
7807075716,7866135934,1,3,0.17255213856697083
7807133999,3317704373,1,3,0.013806438073515892
7807173762,3829981184,1,3,0.03903067484498024
7808484457,7866135934,1,3,0.0390591099858284
7810066172,7757687460,1,3,0.010703247040510178
7810696266,7506746741,1,3,0.009738050401210785
7811505560,5987057408,1,3,0.04704506695270538
7811526515,6523666955,1,3,0.034725017845630646
7812064042,6420654776,1,3,0.012633890844881535
7812225072,6554603444,1,3,0.012212030589580536
7812229281,3051163592,1,3,0.008326970040798187
7813287038,1816029971,1,3,0.03941519558429718
7813423521,2090591961,1,3,0.009959276765584946
7813943405,3051163592,1,3,0.012548652477562428
7814095387,6153121801,1,3,0.01616191677749157
7814377206,1811903663,1,3,0.04206220805644989
7815030583,1811903663,1,3,0.039781104773283005
7815030583,2705589884,1,3,0.007093892898410559
7815030583,3829981184,1,3,0.03900429606437683
7815030583,5767049948,1,3,0.03663026914000511
7815054139,5033845034,1,3,0.048007939010858536
7815357647,6420654776,1,3,0.018971867859363556
7815645651,3051163592,1,3,0.03103041462600231
7815891292,3051163592,1,3,0.017258914187550545
7816323362,5250260756,1,3,0.010905520990490913
7816637580,7804300115,1,3,0.05423329025506973
7816693889,7461276382,1,3,0.044849690049886703
7817544742,6871895822,1,3,0.04934537783265114
7817988795,2201915244,1,3,0.009436479769647121
7818362155,2002400427,1,3,0.03927396982908249
7818792239,5428423860,1,3,0.06294246017932892
7819234629,1791873284,1,3,0.03927396982908249
7819552191,3217742437,1,3,0.012350490316748619
7819586879,2201915244,1,3,0.01891052909195423
7820549323,7200019989,1,3,0.049541786313056946
7820971236,1316949123,1,3,0.016970044001936913
7821067086,1791873284,1,3,0.03613567352294922
7821254691,5428423860,1,3,0.06178286671638489
7821629567,3051163592,1,3,0.038576897233724594
7823928257,2560497310,1,3,0.01485828123986721
7824255601,7160110296,1,3,0.02668151818215847
7824702171,2201915244,1,3,0.039307981729507446
7824702171,3317704373,1,3,0.03679110109806061
7824782570,2002400427,1,3,0.012941483408212662
7824782570,5428423860,1,3,0.012551636435091496
7824884720,3829981184,1,3,0.016524795442819595
7824908005,3292333231,1,3,0.03679266571998596
7825199999,6124100893,1,3,0.015895307064056396
7825263438,7804300115,1,3,0.01564055122435093
7825290669,3051163592,1,3,0.046197813004255295
7825501598,6839422251,1,3,0.00945489201694727
7826761169,3051163592,1,3,0.050119657069444656
7826806862,2201915244,1,3,0.047672443091869354
7827777701,2090591961,1,3,0.047991979867219925
7829834110,5531506227,1,3,0.027940046042203903
7830075259,2002400427,1,3,0.022567210718989372
7830075259,5926318749,1,3,0.05008171498775482
7830794214,3541413702,1,3,0.04930292069911957
7831167755,3317704373,1,3,0.045169416815042496
7831167755,5428423860,1,3,0.04717558994889259
7831167755,6420654776,1,3,0.011145826429128647
7831835147,7341744407,1,3,0.03642059117555618
7833386318,2909406375,1,3,0.013064964674413204
7833775310,6420654776,1,3,0.010447695851325989
7833972606,2002400427,1,3,0.03658691793680191
7834446752,1816029971,1,3,0.0803467333316803
7834506888,5939204645,1,3,0.01616191677749157
7835311407,6788591973,1,3,0.011700008995831013
7835900478,7200019989,1,3,0.01647491380572319
7835933857,7734889891,1,3,0.01288836169987917
7836775805,3217742437,1,3,0.03944379463791847
7837603894,7946457588,1,3,0.012791676446795464
7841417954,7467277921,1,3,0.016747787594795227
7842381926,7844581127,1,3,0.009926642291247845
7842790795,1297975973,1,3,0.039168406277894974
7843624981,3217035437,1,3,0.05118873715400696
7844620575,7946457588,1,3,0.044457267969846725
7844852461,5531506227,1,3,0.04357311129570007
7846001086,7380722614,1,3,0.036706797778606415
7846057467,6113513458,1,3,0.046490591019392014
7846557262,7767144248,1,3,0.04798612743616104
7847010732,6304429250,1,3,0.007881156168878078
7847294508,2002400427,1,3,0.01616191677749157
7847350654,5250260756,1,3,0.037330929189920425
7847388571,2560497310,1,3,0.036703407764434814
7847830043,6837278495,1,3,0.00996758695691824
7847845245,7200019989,1,3,0.04192054644227028
7848507298,3217035437,1,3,0.03107721544802189
7848985507,7200019989,1,3,0.057746756821870804
7849295202,2002400427,1,3,0.02945328690111637
7849878366,1850017837,1,3,0.008195474743843079
7850599876,7850599876,1,3,0.012970034964382648
7851087423,2201915244,1,3,0.008255458436906338
7852255647,6153121801,1,3,0.039301514625549316
7852370214,7804300115,1,3,0.016466639935970306
7852737448,6304429250,1,3,0.051314763724803925
7852737448,7757687460,1,3,0.1435389518737793
7852767785,7380722614,1,3,0.05009154975414276
7853203670,5730240854,1,3,0.007447027135640383
7853226804,6441657735,1,3,0.01894824579358101
7853379217,5955730111,1,3,0.013178137131035328
7853488940,6437735703,1,3,0.012595717795193195
7854244030,5428423860,1,3,0.04671947658061981
7854421815,7200019989,1,3,0.05801888182759285
7854650407,7912058860,1,3,0.051504116505384445
7857884216,7912058860,1,3,0.35697105526924133
7859581415,7804300115,1,3,0.08808377385139465
7860798646,6442235149,1,3,0.02291615679860115
7861852871,6153121801,1,3,0.1258419156074524
7861852871,6483039487,1,3,0.028159860521554947
7861852871,6788591973,1,3,0.012313174083828926
7862827084,5428423860,1,3,0.053802307695150375
7863209794,2002400427,1,3,0.04997897520661354
7863746497,5428423860,1,3,0.02758522890508175
7863840147,3051163592,1,3,0.040560465306043625
7865913205,5428423860,1,3,0.01552690751850605
7865913205,5926318749,1,3,0.009520802646875381
7865913205,7625326364,1,3,0.04555046930909157
7866218490,1917488115,1,3,0.053907930850982666
7867663616,5428423860,1,3,0.010282712057232857
7867843977,7866135934,1,3,0.036676593124866486
7868242827,2002400427,1,3,0.018395844846963882
7869507227,2002400427,1,3,0.011623922735452652
7869773741,3671879202,1,3,0.03636437654495239
7871939741,2219969573,1,3,0.047883160412311554
7872063766,6232442780,1,3,0.0456574410200119
7872974655,2318910945,1,3,0.0427994430065155
7874031656,1497609517,1,3,0.05763943865895271
7874031656,2201915244,1,3,0.05102769285440445
7874031656,7625326364,1,3,0.014973065815865993
7874178336,5767049948,1,3,0.01647491380572319
7876468820,2002400427,1,3,0.10769588500261307
7878331509,6554603444,1,3,0.22286371886730194
7878990442,3671879202,1,3,0.10740689933300018
7878990442,7866135934,1,3,0.12521480023860931
7879228080,6065301364,1,3,0.049739498645067215
7880047681,7200019989,1,3,0.10850561410188675
7881413313,7804300115,1,3,0.10837816447019577
7881969035,7188930130,1,3,0.050307344645261765
7882327464,3829981184,1,3,0.05160326510667801
7882699175,5250260756,1,3,0.013064964674413204
7882856101,6441657735,1,3,0.04943914711475372
7885630436,2002400427,1,3,0.024042807519435883
7885630436,5428423860,1,3,0.044872622936964035
7886591297,7912058860,1,3,0.04750955104827881
7887184487,3847642518,1,3,0.04473740607500076
7889657196,7240026510,1,3,0.031163670122623444
7890587550,7506746741,1,3,0.059510283172130585
7890630936,1811903663,1,3,0.03643588721752167
7892055557,7160110296,1,3,0.010183009319007397
7892055557,7767144248,1,3,0.05398982763290405
7892259223,7200019989,1,3,0.049714867025613785
7892270010,1195908387,1,3,0.015429134480655193
7892270010,1737850362,1,3,0.012255682609975338
7892270010,3292333231,1,3,0.011577150784432888
7892270010,6001863056,1,3,0.04655095562338829
7892270010,7200019989,1,3,0.036651793867349625
7892270010,7240026510,1,3,0.011437508277595043
7892270010,7380722614,1,3,0.03088057041168213
7892731622,6232442780,1,3,0.07157131284475327
7893248056,5574911608,1,3,0.04750955104827881
7895072695,2002400427,1,3,0.0281879473477602
7895183286,6124100893,1,3,0.012192937545478344
7895244027,3317704373,1,3,0.046360354870557785
7895530036,7240026510,1,3,0.04277022182941437
7895548935,7765668071,1,3,0.191838800907135
7895827986,5311962099,1,3,0.02689056657254696
7896196352,1297975973,1,3,0.08390133082866669
7896259199,5987057408,1,3,0.030013922601938248
7896572942,7912058860,1,3,0.036170512437820435
7896681550,7804300115,1,3,0.03927396982908249
7897451713,6554603444,1,3,0.039571281522512436
7898522948,6124100893,1,3,0.011129853315651417
7900188404,7200019989,1,3,0.01801532879471779
7900317565,3217035437,1,3,0.018069928511977196
7903070195,3217035437,1,3,0.04392382502555847
7904076213,5070705161,1,3,0.03936368599534035
7904157810,5939204645,1,3,0.025253716856241226
7905358076,5428423860,1,3,0.05153164640069008
7905358076,7850599876,1,3,0.036389417946338654
7905479162,2427613143,1,3,0.024340128526091576
7906100183,7765668071,1,3,0.04814452677965164
7906293672,5767049948,1,3,0.03452222794294357
7906440060,3217742437,1,3,0.05861803516745567
7906460339,5070705161,1,3,0.0644969791173935
7906518013,6442235149,1,3,0.07446877658367157
7906568195,2217066377,1,3,0.058176394551992416
7906568195,5250260756,1,3,0.2607937157154083
7906568195,7506746741,1,3,0.37382182478904724
7906568195,7767144248,1,3,0.24495510756969452
7907162073,6304429250,1,3,0.23217739164829254
7908520066,3051163592,1,3,0.4288772940635681
7908645686,6276227682,1,3,0.15599443018436432
7908794522,3217035437,1,3,0.07671885937452316
7909217740,2002400427,1,3,0.049380917102098465
7909217740,2201915244,1,3,0.03519154340028763
7909658831,5730240854,1,3,0.053491123020648956
7909945586,3051163592,1,3,0.011153283528983593
7910721592,7847210480,1,3,0.04726523533463478
7911174792,1917488115,1,3,0.047971248626708984
7912750208,3973292213,1,3,0.04796268045902252
7913037429,3082731712,1,3,0.04759765416383743
7913322273,6437735703,1,3,0.0338752456009388
7913575151,6871895822,1,3,0.046490591019392014
7913829809,3829981184,1,3,0.04962916672229767
7913829809,5987057408,1,3,0.014801563695073128
7914407845,1816029971,1,3,0.04770940542221069
7914407845,3217035437,1,3,0.08354572206735611
7914407845,3541413702,1,3,0.05404454842209816
7914407845,5407978252,1,3,0.0255593154579401
7914407845,5574911608,1,3,0.018692119047045708
7914407845,5600540896,1,3,0.039866749197244644
7914407845,6101852007,1,3,0.06008543819189072
7914407845,6425881183,1,3,0.03933129087090492
7914407845,7200019989,1,3,0.04967895522713661
7914638137,7760290512,1,3,0.016044681891798973
7914689550,1041705884,1,3,0.010456191375851631
7915013151,6554603444,1,3,0.008195474743843079
7915093325,3217035437,1,3,0.036944907158613205
7915359173,5070705161,1,3,0.04912343621253967
7915373397,1875293522,1,3,0.009764418005943298
7915381295,7844581127,1,3,0.05417926236987114
7915423668,7757687460,1,3,0.029209738597273827
7915842643,5926318749,1,3,0.03669266402721405
7916253928,5955730111,1,3,0.03645281121134758
7918696385,6124100893,1,3,0.03936368599534035
7920053298,3217035437,1,3,0.04351809620857239
7920289808,7844581127,1,3,0.0183201115578413
7922325696,7893929649,1,3,0.028090044856071472
7922906411,3098510521,1,3,0.04467220976948738
7922906411,6153121801,1,3,0.03658691793680191
7925195204,7866135934,1,3,0.00749709689989686
7925730795,1791873284,1,3,0.019315209239721298
7926300711,3541413702,1,3,0.03384659066796303
7927179538,3051163592,1,3,0.019689274951815605
7928787146,7760290512,1,3,0.039301514625549316
7930609215,6788591973,1,3,0.058663260191679
7931321650,7804300115,1,3,0.01647491380572319
7931539308,5428423860,1,3,0.012909477576613426
7931953389,7912058860,1,3,0.08662256598472595
7932264578,1188472987,1,3,0.06820040196180344
7932749382,7804300115,1,3,0.06178286671638489
7933746790,3829981184,1,3,0.04682080075144768
7935855460,5767049948,1,3,0.010599466972053051
7936259415,5939204645,1,3,0.039301514625549316
7937414418,5939204645,1,3,0.01616191677749157
7938031410,3051163592,1,3,0.045342668890953064
7938153385,5730240854,1,3,0.05337830260396004
7938478031,6420654776,1,3,0.05105626955628395
7939026041,5767049948,1,3,0.012255682609975338
7939105995,5311962099,1,3,0.04774365574121475
7939240955,2560497310,1,3,0.04930292069911957
7940348893,5428423860,1,3,0.042287178337574005
7940856753,7866135934,1,3,0.04502207413315773
7940862064,6871895822,1,3,0.0452527217566967
7941764984,7866135934,1,3,0.045416999608278275
7943175380,3051163592,1,3,0.0515207014977932
7944308176,5987057408,1,3,0.033490173518657684
7944320083,7200019989,1,3,0.036651793867349625
7944772648,3217035437,1,3,0.0501418299973011
7945281358,6837278495,1,3,0.04487380012869835
7945281358,6839422251,1,3,0.017040707170963287
7947146412,3541413702,1,3,0.03679266571998596
7948030979,5070705161,1,3,0.0364997498691082
7948080664,7804300115,1,3,0.025185072794556618
7948624675,3051163592,1,3,0.10129650682210922
7948853157,7200019989,1,3,0.04390992596745491
7949859251,6523666955,1,3,0.04807436093688011
7951235674,6554603444,1,3,0.018887776881456375
7952324380,7760290512,1,3,0.09813035279512405
7952618862,3217035437,1,3,0.02056225948035717
7953002575,5600540896,1,3,0.04551298916339874
7953611459,5531506227,1,3,0.04311853274703026
7957029968,6483039487,1,3,0.049446653574705124
7957866698,3292333231,1,3,0.01647491380572319
7960211604,7188930130,1,3,0.010607734322547913
7962008506,7188930130,1,3,0.011661202646791935
7963497777,5600540896,1,3,0.04527105763554573
7963523625,1821525001,1,3,0.01647491380572319
7964554298,5939204645,1,3,0.050160929560661316
7964611847,6232442780,1,3,0.05260263755917549
7965175957,6523666955,1,3,0.0498587004840374
7965573505,6153121801,1,3,0.016524795442819595
7965764873,5939204645,1,3,0.18426544964313507
7965854567,6441657735,1,3,0.2312704622745514
7965947517,7847210480,1,3,0.18447668850421906
7966149778,7612876955,1,3,0.1768464297056198
7967677478,2705589884,1,3,0.10034889727830887
7967988243,6437735703,1,3,0.11050586402416229
7970393351,3217035437,1,3,0.01613597199320793
7970393351,7893929649,1,3,0.054763633757829666
7971958423,7850599876,1,3,0.01616191677749157
7973075649,7188930130,1,3,0.009889124892652035
7973978938,6425881183,1,3,0.08299960941076279
7975541622,1188472987,1,3,0.044359978288412094
7976694326,7200019989,1,3,0.018248580396175385
7977411762,7767144248,1,3,0.18569177389144897
7977429821,7767144248,1,3,0.049407124519348145
7978072415,6523666955,1,3,0.04631272703409195
7979352492,7200019989,1,3,0.1270936131477356
7980287799,7946457588,1,3,0.011946436017751694
7980859588,5574911608,1,3,0.02745923213660717
7982287956,5600540896,1,3,0.02754245325922966
7983739813,1816029971,1,3,0.04504847526550293
7984486935,3905581452,1,3,0.054763633757829666
7984486935,5020552519,1,3,0.025253716856241226
7984486935,6558040566,1,3,0.0479804091155529
7984486935,6837278495,1,3,0.011889767833054066
7984486935,7188930130,1,3,0.014953022822737694
7984486935,7946457588,1,3,0.01216764934360981
7986897540,6420654776,1,3,0.016783369705080986
7987612947,6554603444,1,3,0.04510880261659622
7988462291,7200019989,1,3,0.034961506724357605
7988884369,7804300115,1,3,0.014692080207169056
7988960538,7893929649,1,3,0.03918766602873802
7989280493,3778125742,1,3,0.019689274951815605
7992942724,2002400427,1,3,0.0560276098549366
7992942724,5033845034,1,3,0.05023402348160744
7994184733,5531506227,1,3,0.047337256371974945
7995635576,7461276382,1,3,0.01616191677749157
7998360675,5972505998,1,3,0.015111707150936127
7998566614,7767144248,1,3,0.03679266571998596
7999272254,2002400427,1,3,0.04365964233875275
7999272254,2201915244,1,3,0.01647491380572319
7999272254,3317704373,1,3,0.01647491380572319
8002812036,6554603444,1,3,0.03654861822724342
8003183213,7847210480,1,3,0.009713174775242805
8004116279,7160110296,1,3,0.06726177781820297
8004481588,2002400427,1,3,0.01616191677749157
8006203602,6420654776,1,3,0.01616191677749157
8006593040,2002400427,1,3,0.011370819061994553
8006665000,6788591973,1,3,0.0991189107298851
8007250332,6523666955,1,3,0.01616191677749157
8007284230,1041705884,1,3,0.0498587004840374
8008306259,1816029971,1,3,0.013761930167675018
8009339655,6276227682,1,3,0.043863534927368164
8010796220,7866135934,1,3,0.036327868700027466
8011095985,5226302309,1,3,0.007958952337503433
8013707464,6232442780,1,3,0.08360559493303299
8013853792,7757687460,1,3,0.054356105625629425
8016891260,7200019989,1,3,0.05349922552704811
8017253179,6420654776,1,3,0.021278640255331993
8017407131,5939204645,1,3,0.0499592050909996
8211149352,6560668913,1,3,0.04189657047390938
8213128757,7200019989,1,3,0.025185072794556618
8213815243,7200019989,1,3,0.039227668195962906
8219263300,1554226303,1,3,0.02237118035554886
8233626356,7804300115,1,3,0.014128424227237701
8252443551,1497609517,1,3,0.024829210713505745
8261099715,7200019989,1,3,0.047639451920986176
8262473487,7200019989,1,3,0.04095751792192459
8267337794,5428423860,1,3,0.0191664956510067
8267337794,7625326364,1,3,0.054763633757829666
8269075140,7200019989,1,3,0.03652644902467728
8280338974,5600540896,1,3,0.019174864515662193
8298591498,2002400427,1,3,0.04663393646478653
8302069509,5600540896,1,3,0.016088413074612617
8319102561,5939204645,1,3,0.01616191677749157
8345920168,5428423860,1,3,0.010282712057232857
8358913160,6558040566,1,3,0.07140133529901505
8403513439,5574911608,1,3,0.015429134480655193
8409177419,3829981184,1,3,0.008058351464569569
8419886976,7850599876,1,3,0.04832855984568596
8427289383,6232442780,1,3,0.04073037579655647
8435641726,6483039487,1,3,0.027506135404109955
8437483884,7847210480,1,3,0.01737138442695141
8438330290,6243146585,1,3,0.026293247938156128
8444197508,6788591973,1,3,0.026372933760285378
8444197508,7804300115,1,3,0.036676593124866486
8451024598,7847210480,1,3,0.03657624498009682
8455663383,3098510521,1,3,0.01616191677749157
8456897026,6065301364,1,3,0.04891146346926689
8475766446,2201915244,1,3,0.01616191677749157
8494715494,6554603444,1,3,0.01616191677749157
9009667598,7912058860,1,3,0.02535078302025795
9013172400,7866135934,1,3,0.016132265329360962
9027526143,6113513458,1,3,0.07035255432128906
9027724651,6788591973,1,3,0.024264873936772346
9049242664,7200019989,1,3,0.04618410766124725
9053155446,5250260756,1,3,0.016116192564368248
9056202508,2427613143,1,3,0.00997037161141634
9056913384,7200019989,1,3,0.10098324716091156
9099134840,5428423860,1,3,0.031277962028980255
9099502556,5543176559,1,3,0.01241444144397974
9099989043,6065301364,1,3,1.0
9116086826,6788591973,1,3,1.0
9116086826,7804300115,1,3,1.0
9120401139,2002400427,1,3,1.0
9120401139,2201915244,1,3,1.0
9122966976,6441657735,1,3,1.0
9123384953,2909406375,1,3,0.02776995487511158
9124384123,7200019989,1,3,1.0
9127451917,5600540896,1,3,1.0
9145502462,7200019989,1,3,1.0
9147107087,7200019989,1,3,1.0
9165329829,9165329829,1,3,1.0
9169924166,7847210480,1,3,1.0
9174272116,6788591973,1,3,1.0
9176144845,2427613143,1,3,1.0
9178591817,6153121801,1,3,1.0
9178591817,7506746741,1,3,1.0
9181376714,6788591973,1,3,1.0
9181926640,5428423860,1,3,1.0
9185841187,7625326364,1,3,1.0
9185841187,7850599876,1,3,1.0
9188458262,2201915244,1,3,1.0
77016152,5407978252,2,0,2.6385801096123762e-12
250831971,2002400427,2,0,3.780387203278224e-08
1008219412,1306484861,2,0,0.0007945530232973397
1009728383,5531506227,2,0,5.19543089105845e-11
1020217901,1306484861,2,0,0.0007842225604690611
1035487817,7866135934,2,0,3.7903084830759326e-06
1041705884,1041705884,2,0,6.534105478905872e-10
1050630677,7767144248,2,0,4.84666416014079e-05
1060462954,6420654776,2,0,0.0004379866295494139
1076663271,7765668071,2,0,0.0004177219234406948
1079442750,7160110296,2,0,1.3680361007573083e-05
1082972395,7804300115,2,0,0.0008140614372678101
1084377574,1647256370,2,0,3.7726872506027576e-06
1087970883,6420654776,2,0,0.0008063669665716588
1102009707,3082731712,2,0,0.00044271888327784836
1102882352,3847642518,2,0,1.5027444533188827e-07
1104186314,5955730111,2,0,0.0010156788630411029
1105009104,3412668714,2,0,3.456391794998126e-08
1114182737,2201915244,2,0,0.00041765926289372146
1136385381,7467277921,2,0,0.0009214131277985871
1140574977,7760290512,2,0,4.912886808797982e-15
1144020075,3317704373,2,0,5.256923715779571e-11
1155096084,3778125742,2,0,3.816577316771014e-14
1157920844,3217742437,2,0,6.428888532639121e-10
1158316713,5250260756,2,0,0.0008365621906705201
1159587683,7844581127,2,0,1.3490389361159316e-12
1163831055,3217035437,2,0,5.273272790651262e-11
1164839511,3778125742,2,0,3.520765676512383e-05
1188472987,1188472987,2,0,3.730724063011337e-12
1190090017,2201915244,2,0,1.274337718681906e-10
1190090017,3317704373,2,0,0.0008101416751742363
1195589664,7240026510,2,0,4.8314085920192224e-15
1204418163,1875293522,2,0,0.0007934060413390398
1204547712,1850017837,2,0,0.0004131257883273065
1215693853,3082731712,2,0,7.471985338918053e-17
1216009185,7467277921,2,0,1.7907768778968602e-05
1220094840,2909406375,2,0,1.2891794576308513e-10
1223507343,1297975973,2,0,8.281541568067041e-07
1224397412,7380722614,2,0,4.5398458325962565e-08
1224415880,6837278495,2,0,0.47564229369163513
1224415880,6839422251,2,0,0.5354774594306946
1225514872,2136848625,2,0,0.0008067043381743133
1225514872,5789387121,2,0,5.039071424532823e-15
1226232803,5543176559,2,0,3.7762831652798923e-06
1247843004,2217048775,2,0,4.2302571168217895e-11
1249909345,6420654776,2,0,6.592000834082512e-10
1253505270,2090591961,2,0,0.0009039067081175745
1265389501,7767144248,2,0,4.277502310690018e-11
1266362847,3098510521,2,0,7.463275553121207e-10
1269335542,2090591961,2,0,1.3490389361159316e-12
1273590234,2427613143,2,0,0.0007842790801078081
1273802294,3217035437,2,0,5.015769971670331e-15
1275821037,1306484861,2,0,1.7400732243988415e-10
1276901957,2217048775,2,0,9.001390013713888e-17
1279546101,3217035437,2,0,7.570337113750608e-17
1289060530,1719397245,2,0,4.2329851429601106e-11
1298177241,2018925253,2,0,1.0299369250788004e-06
1301677522,2090591961,2,0,5.426776736316974e-11
1306484861,1306484861,2,0,2.64678600217505e-12
1307484530,6618737705,2,0,7.323803542240814e-17
1334278383,3217742437,2,0,5.092445562460135e-11
1340403461,5407978252,2,0,1.3490389361159316e-12
1342162192,6272876985,2,0,1.2068178401047902e-10
1349210304,5311962099,2,0,7.448514027785791e-10
1352201130,3217035437,2,0,0.0004154099151492119
1354456794,3217742437,2,0,0.000812516373116523
1367884197,2427613143,2,0,5.103617875534816e-11
1370466901,7467277921,2,0,0.0007951618754304945
1381089144,1647256370,2,0,1.2778302027616206e-10
1393613294,5311962099,2,0,5.34562923348858e-06
1396285351,3082731712,2,0,0.0007918043993413448
1398212520,7380722614,2,0,0.0007867076201364398
1400667804,1497609517,2,0,6.543234287725852e-10
1411404647,1647256370,2,0,5.30037323187571e-06
1413781974,1306484861,2,0,4.2530881594338155e-11
1419770800,7767144248,2,0,1.2875109312027178e-10
1421178721,1497609517,2,0,8.007193694552523e-17
1425187440,2090591961,2,0,4.28181240463843e-11
1428630687,7380722614,2,0,0.0007999453227967024
1450000950,1821525001,2,0,1.4081358301609725e-10
1483050955,2090591961,2,0,0.3354247212409973
1491464164,3082731712,2,0,5.264268534976857e-11
1493067267,3217742437,2,0,1.3718520677080681e-12
1493067267,6560668913,2,0,1.0829827097392543e-16
1557175617,3778125742,2,0,4.074821822872736e-15
1563292752,1816029971,2,0,3.9431924793529444e-14
1565221364,2018925253,2,0,1.319201032856654e-07
1567038160,5428423860,2,0,3.699808149871262e-15
1567946024,3217742437,2,0,7.448961924620497e-17
1569465592,6483039487,2,0,1.3583909387951398e-12
1571217812,3217742437,2,0,4.1669684196221635e-15
1579318190,1554226303,2,0,4.113177592306779e-15
1580736222,3217035437,2,0,4.2498119606770857e-11
1583856372,5428423860,2,0,1.3666705571055426e-12
1588019775,5428423860,2,0,1.2736547927438835e-10
1589731661,2090591961,2,0,4.964260627598376e-15
1592906625,1816029971,2,0,4.2434132596635976e-11
1593148562,7240026510,2,0,0.9305098652839661
1596126327,3317704373,2,0,9.457144187763333e-05
1596325883,2090591961,2,0,9.456858970224857e-05
1600908824,2891416631,2,0,0.000786083284765482
1600908824,5250260756,2,0,1.3439435111659015e-12
1600908824,7767144248,2,0,5.06501828567707e-06
1601978401,1306484861,2,0,4.2592984694778124e-11
1605293554,3217035437,2,0,0.00043733222992159426
1609307762,2219969573,2,0,6.597171697819704e-09
1615724125,2090591961,2,0,9.577963737683604e-07
1616988417,3847642518,2,0,0.0004137653158977628
1626205887,5250260756,2,0,1.3060321180091705e-07
1627128191,7804300115,2,0,2.1507964680089753e-12
1628704454,7467277921,2,0,1.7906471839523874e-05
1636097451,6483039487,2,0,4.541009275283716e-15
1637804344,3217742437,2,0,1.792355760699138e-05
1638579377,1297975973,2,0,7.243580846250097e-09
1641587561,6788591973,2,0,1.3297168921511116e-10
1644167225,1297975973,2,0,0.000846441020257771
1645026453,6153121801,2,0,3.477651944194804e-08
1651909015,1195908387,2,0,0.000817648833617568
1651911632,1275418863,2,0,5.273758096890901e-10
1657098895,2201915244,2,0,1.8479589414255315e-07
1660689347,1645599505,2,0,1.3490389361159316e-12
1663306463,2090591961,2,0,1.9197439471430044e-10
1665074831,1797539504,2,0,6.437416155691267e-10
1668299217,3217035437,2,0,0.0007879863842390478
1671739735,6001863056,2,0,5.345382447785596e-08
1674590241,5250260756,2,0,0.00043799562263302505
1677256504,1306484861,2,0,1.3338523341399622e-10
1680847394,7506746741,2,0,2.1185716375660135e-11
1683529827,7765668071,2,0,1.2802196254633384e-16
1683705650,1195908387,2,0,8.987886546130142e-10
1684577171,3217742437,2,0,0.0007879863842390478
1685037187,1719397245,2,0,1.0999666244515538e-07
1686096563,7946457588,2,0,0.9832223057746887
1691573063,1306484861,2,0,0.0004199462418910116
1691995232,7380722614,2,0,5.373423280901355e-15
1691995232,7844581127,2,0,1.3675988510056247e-12
1694760504,7467277921,2,0,7.875839398512573e-17
1696256335,6065301364,2,0,0.0007845498621463776
1696707511,1816029971,2,0,0.0005280654295347631
1697747120,5926318749,2,0,1.367572830153485e-12
1698194380,1306484861,2,0,1.8410949564895418e-07
1705189843,5789387121,2,0,3.773795469896868e-06
1705968887,1816029971,2,0,5.430879809864564e-06
1706497993,1797539504,2,0,7.611339464098127e-17
1712344213,6420654776,2,0,1.7013421921285854e-12
1713066740,5070705161,2,0,0.9838055372238159
1713156365,2018925253,2,0,3.814736205956862e-14
1713849991,6425881183,2,0,0.000891766685526818
1714852885,1645599505,2,0,1.8419696345972625e-07
1714852885,5939204645,2,0,6.433255039794972e-10
1722034007,3098510521,2,0,5.49672141136881e-10
1724962892,1797539504,2,0,1.2856558873064472e-10
1725876043,5250260756,2,0,0.7149487137794495
1728534704,2090591961,2,0,1.0
1728543651,7240026510,2,0,1.0
1728860841,1737850362,2,0,0.9480137825012207
1728860841,2090591961,2,0,1.0
1728860841,3778125742,2,0,1.0
1728860841,5020552519,2,0,0.9999996423721313
1728860841,5311962099,2,0,5.293013249918488e-11
1728860841,5531506227,2,0,8.889397037963598e-17
1728860841,6839422251,2,0,0.0005426065181382
1729321410,3778125742,2,0,0.000788615201599896
1729435613,1719397245,2,0,5.348941911620386e-08
1729573205,5972505998,2,0,7.469421079019139e-17
1730107171,1306484861,2,0,6.883150160952312e-10
1731008637,7506746741,2,0,1.3060321180091705e-07
1731065970,2909406375,2,0,7.502757216570899e-05
1731086097,6153121801,2,0,5.426776736316974e-11
1732235607,6483039487,2,0,0.00010995780758094043
1732592991,7760290512,2,0,5.956783297733637e-07
1734230522,3217742437,2,0,4.074821822872736e-15
1737002301,6483039487,2,0,0.0004584089620038867
1737002301,7767144248,2,0,6.447828582167858e-06
1737070641,5428423860,2,0,3.886207829606643e-14
1737089831,2136848625,2,0,4.2597734150814914e-13
1737765801,2891416631,2,0,4.806793391055539e-15
1737850362,1737850362,2,0,4.834524402715697e-15
1739848282,3217742437,2,0,1.0752052581608496e-08
1740655094,3217742437,2,0,0.9981685876846313
1744032673,6243146585,2,0,4.2530881594338155e-11
1744256094,1850017837,2,0,0.0004584089620038867
1744365780,3217035437,2,0,4.3021551598965146e-11
1744365780,5226302309,2,0,1.7979658878175542e-05
1744830973,2090591961,2,0,0.0007964543765410781
1745099012,2136848625,2,0,0.0014681810280308127
1745304521,2090591961,2,0,0.0014829924330115318
1748371714,1297975973,2,0,0.0014681367902085185
1750189645,3082731712,2,0,9.665409379522316e-07
1751676312,5250260756,2,0,4.084439458472335e-15
1751676312,6153121801,2,0,3.803690873382948e-08
1751676312,7767144248,2,0,0.0005279103643260896
1752419970,7804300115,2,0,0.000786083284765482
1756555421,5428423860,2,0,6.603540492200466e-10
1757730393,2002400427,2,0,4.847913452512946e-15
1758670473,5789387121,2,0,1.8176926630530943e-07
1759355281,1306484861,2,0,7.340641630789943e-17
1760266180,7767144248,2,0,0.0005281306221149862
1760328720,6276227682,2,0,1.4383421537145225e-11
1761197200,1797539504,2,0,0.011534539982676506
1762198133,6272876985,2,0,0.0009997286833822727
1762289434,5789387121,2,0,0.00043662876123562455
1762610752,1816029971,2,0,0.031329575926065445
1764669723,1306484861,2,0,4.2329851429601106e-11
1765282493,3412668714,2,0,5.013092077007586e-15
1766006870,3847642518,2,0,6.954636311284901e-10
1766797025,6420654776,2,0,0.0009966087527573109
1767029373,2090591961,2,0,8.088654794846661e-06
1767567135,2217048775,2,0,3.7762831652798923e-06
1768036933,6153121801,2,0,0.0005371193983592093
1768437524,3412668714,2,0,0.0007812172989360988
1768498042,6560668913,2,0,9.136988943225788e-09
1768661321,6420654776,2,0,9.495412789384261e-11
1768665863,1275418863,2,0,9.397748551576157e-11
1769541493,7847210480,2,0,1.0241689096801565e-06
1769699740,5428423860,2,0,1.3662691854612885e-12
1769699740,5926318749,2,0,3.830267537602988e-13
1769699740,7850599876,2,0,7.619648327915099e-17
1769881767,6618737705,2,0,0.0007892231224104762
1770019182,1816029971,2,0,0.0004174560308456421
1770890027,3217742437,2,0,0.0008017815416678786
1771726321,2018925253,2,0,0.00044040786451660097
1773011615,1306484861,2,0,0.0007807827205397189
1773588075,6437735703,2,0,4.8897894885158166e-05
1774490543,1647256370,2,0,0.0007849704124964774
1774609563,3847642518,2,0,6.486148285134163e-10
1774894487,7847210480,2,0,1.7906471839523874e-05
1775419875,6420654776,2,0,8.154008988857825e-17
1776147867,1306484861,2,0,0.00041407617391087115
1777652265,5250260756,2,0,0.0008006216958165169
1777805561,1297975973,2,0,0.0008918589446693659
1778337977,1791873284,2,0,1.32897901017337e-10
1781054361,7467277921,2,0,6.14134592069604e-07
1781568237,1306484861,2,0,3.670741662020749e-12
1783578635,3098510521,2,0,7.471073455010775e-17
1783797177,1195908387,2,0,0.00041823528590612113
1786175837,5250260756,2,0,1.7979658878175542e-05
1786175837,6788591973,2,0,0.5102018713951111
1789040470,2909406375,2,0,0.006116584874689579
1789723081,6437735703,2,0,0.001131598954088986
1790025437,1297975973,2,0,3.774259766942123e-06
1792879900,1275418863,2,0,5.069186833939502e-15
1792879900,2891416631,2,0,5.413900453277165e-06
1793117301,2008062861,2,0,1.3718520677080681e-12
1793839097,6420654776,2,0,7.438569227404381e-17
1796941592,2217048775,2,0,1.8521281219818775e-07
1797539504,1797539504,2,0,0.0004594543424900621
1798738522,1497609517,2,0,5.253355389589487e-11
1800242235,1816029971,2,0,1.7948957975022495e-05
1802067362,1554226303,2,0,0.00043662876123562455
1802626467,1797539504,2,0,4.836202798500682e-15
1803625801,2136848625,2,0,8.915509996931803e-10
1804091521,3778125742,2,0,1.851578872447135e-07
1805507904,1297975973,2,0,1.3718520677080681e-12
1805595342,3847642518,2,0,5.5006665888868156e-08
1805824585,6276227682,2,0,0.9999963045120239
1811903663,1811903663,2,0,3.70340888693004e-15
1812830637,7946457588,2,0,0.0007929808925837278
1816029971,1816029971,2,0,4.828718838895216e-15
1816555811,1797539504,2,0,0.0008034726488403976
1817121380,1816029971,2,0,1.6949161258522638e-12
1819098745,5250260756,2,0,5.019119563460248e-15
1821525001,1797539504,2,0,6.453408332163235e-06
1823052635,3217742437,2,0,4.074821822872736e-15
1823960932,3082731712,2,0,1.3662691854612885e-12
1824532011,1850017837,2,0,1.3691726788792047e-12
1824681991,3082731712,2,0,9.586407259121188e-07
1827460937,6425881183,2,0,5.097711938987712e-15
1827497444,2217048775,2,0,0.9838290810585022
1832054540,2891416631,2,0,3.6656060131701196e-12
1835003467,5428423860,2,0,5.365803644963307e-06
1835577815,1816029971,2,0,0.010114118456840515
1837376213,1816029971,2,0,6.578962374881314e-10
1840245473,7804300115,2,0,3.2566031035047294e-12
1840772337,2217048775,2,0,0.007757377810776234
1842782523,5543176559,2,0,4.272821679807137e-11
1842782523,7341744407,2,0,5.474828794797219e-15
1842817440,5250260756,2,0,9.586329507982327e-10
1842817440,7804300115,2,0,0.0008896676590666175
1843239054,7767144248,2,0,7.434427368641205e-17
1845506087,3217742437,2,0,8.516616389897536e-08
1845506087,6560668913,2,0,5.253355389589487e-11
1846119637,2090591961,2,0,6.393074958310763e-11
1846614551,6065301364,2,0,0.9589574933052063
1847469027,3543420821,2,0,0.49650800228118896
1847912024,3098510521,2,0,0.0007926500984467566
1848809100,1554226303,2,0,5.012480095703195e-15
1851782205,3829981184,2,0,0.0007936260080896318
1854400381,3778125742,2,0,1.3516775199118314e-10
1854511882,1737850362,2,0,3.70340888693004e-15
1856000570,1306484861,2,0,4.90492808722558e-15
1856000570,7467277921,2,0,0.0007934060413390398
1858291127,3082731712,2,0,8.166429271191431e-17
1861032474,2217048775,2,0,4.527984026137313e-15
1861287570,1647256370,2,0,0.0007849861867725849
1862750590,3292333231,2,0,5.33600497121256e-10
1862817887,3217742437,2,0,0.0007873463327996433
1863031164,1850017837,2,0,4.836202798500682e-15
1863700093,3082731712,2,0,1.2815975098405048e-16
1864594974,6871895822,2,0,0.00043799562263302505
1865079010,6788591973,2,0,0.0007985071861185133
1865348772,1306484861,2,0,0.0004132099566049874
1865394082,2090591961,2,0,3.707663533424098e-15
1865927432,1306484861,2,0,0.00041672837687656283
1866086621,6276227682,2,0,5.273272790651262e-11
1866280303,1719397245,2,0,6.447369305107031e-10
1866296807,7765668071,2,0,0.0008903360576368868
1868011571,1647256370,2,0,0.5155441761016846
1868790194,6437735703,2,0,0.49040183424949646
1871950051,3217742437,2,0,0.00027422126731835306
1874698957,7160110296,2,0,0.0007939343340694904
1878982664,3778125742,2,0,0.0007957729394547641
1880440934,5250260756,2,0,0.0005211069947108626
1881939460,3098510521,2,0,7.309485376709766e-17
1882313655,2136848625,2,0,5.087494314715002e-11
1882313655,7765668071,2,0,0.005668348632752895
1883332187,1297975973,2,0,3.6408558459766205e-12
1884345014,3082731712,2,0,5.372848992563116e-15
1885397274,5543176559,2,0,0.0004157514194957912
1885617617,6420654776,2,0,0.0008087583701126277
1887929805,3973292213,2,0,5.805910063827469e-07
1888550095,5311962099,2,0,5.805734417663189e-07
1890250623,5070705161,2,0,9.599993973097298e-07
1890250623,6788591973,2,0,1.955016010191102e-12
1891371892,6065301364,2,0,3.776358880713815e-06
1891453755,6437735703,2,0,0.0005281306221149862
1893176165,1875293522,2,0,4.806793391055539e-15
1893673244,5250260756,2,0,6.550048510689521e-06
1893673244,7767144248,2,0,0.0008004159899428487
1895091803,7804300115,2,0,4.8574840777839724e-15
1896492524,5600540896,2,0,0.0005429847515188158
1897840032,6420654776,2,0,0.0004234334046486765
1899730963,5789387121,2,0,3.4852670069085434e-05
1902835532,6243146585,2,0,0.004291879944503307
1902855323,2891416631,2,0,4.226136107732259e-11
1903813533,1306484861,2,0,0.0008094006334431469
1908350853,1850017837,2,0,0.00047105998964980245
1911378152,1275418863,2,0,2.0366865745996554e-12
1913382064,1917488115,2,0,3.5158913647137524e-07
1916727945,2201915244,2,0,0.0007879863842390478
1916727945,6420654776,2,0,4.96715917434388e-15
1916779177,2090591961,2,0,8.161477437172444e-17
1919125503,1875293522,2,0,6.494207394069917e-10
1919656940,1188472987,2,0,7.402498614084152e-10
1921253302,3217742437,2,0,1.3718520677080681e-12
1923512540,3671879202,2,0,4.272821679807137e-11
1924667901,1306484861,2,0,6.57425891503749e-10
1925124973,3317704373,2,0,0.0007903751684352756
1925196447,1791873284,2,0,5.087494314715002e-11
1926504564,5250260756,2,0,4.081122053934414e-15
1932667390,2427613143,2,0,1.0372687029303052e-06
1934847561,1816029971,2,0,1.5013692689080926e-07
1935780510,2090591961,2,0,1.3080832250711438e-10
1939907527,7767144248,2,0,0.000784453353844583
1941013222,1306484861,2,0,3.774259766942123e-06
1945421111,5311962099,2,0,8.103455911623314e-06
1946998331,5428423860,2,0,0.47382456064224243
1947995494,6618737705,2,0,0.07200600951910019
1948136135,5955730111,2,0,1.984000854229895e-12
1949571457,7380722614,2,0,0.0007970900041982532
1951431212,1306484861,2,0,9.132502111270483e-17
1951605917,6420654776,2,0,4.504902673119204e-09
1956054824,6560668913,2,0,3.464635511818415e-08
1957735750,3847642518,2,0,0.0007909180712886155
1957735750,7760290512,2,0,1.3718520677080681e-12
1960107865,5600540896,2,0,0.0007951618754304945
1961240997,3082731712,2,0,5.970432854433393e-15
1961811461,7850599876,2,0,0.0008033431367948651
1962696443,7734889891,2,0,4.068531332689952e-15
1962937910,2201915244,2,0,3.70340888693004e-15
1963189641,1306484861,2,0,7.570337113750608e-17
1964306911,1816029971,2,0,0.0004583617555908859
1964420741,3082731712,2,0,7.228158964117022e-17
1964926535,6554603444,2,0,1.3522423458756094e-10
1966296207,1645599505,2,0,0.006057758815586567
1966425923,5428423860,2,0,6.156559493319946e-07
1970380601,3217742437,2,0,1.3718520677080681e-12
1971294417,2018925253,2,0,3.707663533424098e-15
1973795483,2136848625,2,0,0.000652282265946269
1977422053,3973292213,2,0,8.103455911623314e-06
1978279332,3292333231,2,0,0.0007951618754304945
1978279913,2891416631,2,0,0.0008087056339718401
1978279913,7767144248,2,0,0.00041407617391087115
1979879971,1816029971,2,0,5.192082874749815e-11
1980517153,3217742437,2,0,0.0004212989879306406
1982258591,7893929649,2,0,4.2562529889433875e-11
2001689311,6560668913,2,0,8.968620845983821e-10
2001870045,3082731712,2,0,8.94729790257287e-10
2002400427,2002400427,2,0,0.0008101827697828412
2006967744,1647256370,2,0,6.427000598385746e-10
2008062861,2008062861,2,0,9.671540510680643e-07
2009183185,7467277921,2,0,8.088654794846661e-06
2009827717,5531506227,2,0,3.70340888693004e-15
2011253384,7160110296,2,0,0.0008018540684133768
2012029167,2090591961,2,0,0.0008103199070319533
2012371701,7946457588,2,0,3.4907770896097645e-08
2017571924,7946457588,2,0,0.000799482804723084
2035192127,1306484861,2,0,0.9998364448547363
2038562752,5250260756,2,0,0.003908789716660976
2039509934,7804300115,2,0,0.7143051624298096
2043874157,6560668913,2,0,2.3129850035275012e-08
2044005772,3217742437,2,0,5.127512675654486e-15
2044075367,3082731712,2,0,3.8099512948974734e-06
2044556797,1306484861,2,0,4.608087508442679e-15
2046531181,2201915244,2,0,0.0008015858475118876
2052345502,5543176559,2,0,5.487638645718107e-06
2054440425,5955730111,2,0,1.3386107500235056e-10
2054440425,6153121801,2,0,0.0008108076872304082
2054440425,6483039487,2,0,0.00043760082917287946
2054440425,6788591973,2,0,1.3490389361159316e-12
2057315464,2217048775,2,0,3.70340888693004e-15
2057919773,7866135934,2,0,3.70340888693004e-15
2062738765,6788591973,2,0,1.8046965124085546e-05
2063018362,1306484861,2,0,8.946632323869608e-10
2085049023,5070705161,2,0,1.8234411982120946e-05
2085916463,6001863056,2,0,0.0008314356673508883
2090591961,2090591961,2,0,0.0007973070023581386
2095733924,1647256370,2,0,1.3718520677080681e-12
2097214345,7765668071,2,0,1.793549017747864e-05
2100154271,3217035437,2,0,1.2743620048105697e-10
2100200230,3217742437,2,0,7.619648327915099e-17
2105442077,3217742437,2,0,7.484280551543041e-17
2106690497,1297975973,2,0,8.21257139099311e-17
2108758754,7188930130,2,0,9.615423550712876e-07
2109746983,1297975973,2,0,4.928466709313304e-15
2109787250,7844581127,2,0,4.744272618669278e-15
2110445790,1645599505,2,0,0.0004181854601483792
2115035020,1816029971,2,0,8.147448453983545e-17
2115941062,1297975973,2,0,0.00041751479147933424
2119657280,7240026510,2,0,6.528212970202674e-10
2122890604,2018925253,2,0,1.3675988510056247e-12
2123003344,1554226303,2,0,0.00043799562263302505
2124369041,9165329829,2,0,0.49686408042907715
2125020211,7804300115,2,0,0.00016054442676249892
2126460312,3317704373,2,0,6.542608121939963e-10
2128188492,7341744407,2,0,4.836350605749978e-15
2128976602,1917488115,2,0,7.49253647580081e-17
2129407751,1041705884,2,0,7.306028423493784e-17
2129487577,1917488115,2,0,1.3666705571055426e-12
2130578203,7767144248,2,0,3.700894893142589e-15
2132853267,1816029971,2,0,0.0007957729394547641
2133575713,7765668071,2,0,4.887875196414983e-15
2134427891,1917488115,2,0,0.00027273152954876423
2134427891,5955730111,2,0,7.347645534472552e-17
2136036001,5250260756,2,0,3.473217091709557e-08
2138022740,6243146585,2,0,2.9546536658292544e-12
2138083365,2909406375,2,0,2.9546536658292544e-12
2138536734,3973292213,2,0,0.0007961822557263076
2141063440,1816029971,2,0,5.187024768038562e-11
2141559172,3217742437,2,0,0.0004391772672533989
2149524777,5543176559,2,0,9.688471891422523e-07
2150638832,1850017837,2,0,6.548428466146561e-10
2150694340,1297975973,2,0,0.0008352962322533131
2151047035,3973292213,2,0,7.452543285800607e-17
2159256052,2201915244,2,0,8.094149052340072e-06
2160474317,6101852007,2,0,8.976256296237587e-17
2167400120,6101852007,2,0,0.00026959850220009685
2172731622,1647256370,2,0,0.03319930285215378
2172994680,5531506227,2,0,4.097480547134852e-14
2178709242,3847642518,2,0,0.0008038397645577788
2191030060,7804300115,2,0,1.7906471839523874e-05
2194271024,7767144248,2,0,3.705797096324823e-15
2203458995,7844581127,2,0,1.2977822982929155e-10
2204491133,6272876985,2,0,4.084439458472335e-15
2204864291,6560668913,2,0,7.962600056857545e-17
2207438823,1719397245,2,0,6.436336463799819e-10
2211373945,2201915244,2,0,1.507291500502106e-07
2211373945,6420654776,2,0,3.4385131186809303e-08
2212708624,3217742437,2,0,6.53396836636233e-10
2217066377,2217066377,2,0,4.914948910508072e-15
2217284714,3082731712,2,0,0.0008938927785493433
2233131052,1297975973,2,0,0.0012927302159368992
2236753315,3217742437,2,0,5.3659150012208556e-08
2237183641,7380722614,2,0,1.1013593370634567e-09
2241131631,5428423860,2,0,1.304881891428522e-07
2247525322,1821525001,2,0,0.0008106527384370565
2250428050,6523666955,2,0,1.8392435663372453e-07
2252557097,5955730111,2,0,1.8326741724195017e-07
2255667324,2201915244,2,0,1.3529671827328116e-10
2257323550,7767144248,2,0,2.3098953305655812e-11
2261355190,3317704373,2,0,5.3974449656379875e-06
2262461494,3098510521,2,0,1.3315747116049437e-10
2266927053,7612876955,2,0,0.000417201139498502
2267814934,7506746741,2,0,6.437416155691267e-10
2268551240,3905581452,2,0,6.596013180093507e-10
2277936631,6483039487,2,0,0.0008081511477939785
2280862092,1306484861,2,0,0.9996034502983093
2280966885,1797539504,2,0,0.001541895791888237
2281876423,1797539504,2,0,0.0015418492257595062
2282792660,3292333231,2,0,9.6226937529309e-10
2287336764,3217742437,2,0,4.227377475851668e-11
2287649464,1497609517,2,0,3.707663533424098e-15
2288039104,1195908387,2,0,0.0004470317508094013
2288985290,1917488115,2,0,1.1024080537325176e-09
2290102181,5250260756,2,0,5.539615813177079e-06
2296824232,7767144248,2,0,9.586329507982327e-10
2298212813,1875293522,2,0,0.0006496738060377538
2302957412,3671879202,2,0,1.2786810499321177e-10
2302957412,5250260756,2,0,4.2992758658710883e-11
2302957412,7767144248,2,0,0.0005300677730701864
2310962647,3543420821,2,0,6.530467278054175e-10
2314708794,2090591961,2,0,4.314514370773459e-11
2314909021,3217742437,2,0,7.484206321350939e-08
2315321560,3847642518,2,0,1.019277533487184e-06
2317965392,3905581452,2,0,4.82706119541744e-15
2319237264,5070705161,2,0,5.362917954773033e-15
2321761900,3543420821,2,0,1.3749798825554715e-12
2326202931,7893929649,2,0,3.7890004023211077e-06
2332234185,7380722614,2,0,1.36930994321105e-10
2335120563,2090591961,2,0,0.3261761963367462
2339203132,5789387121,2,0,1.1083811646273034e-09
2341530235,7767144248,2,0,0.00044159870594739914
2343236425,2090591961,2,0,4.226136107732259e-11
2345210947,2217066377,2,0,0.00043756933882832527
2346206157,6618737705,2,0,8.128263819472725e-17
2352384124,1850017837,2,0,6.528212970202674e-10
2354330157,6065301364,2,0,1.2450603890101775e-06
2354722035,1816029971,2,0,3.826023203146178e-06
2359735447,7866135934,2,0,1.0286579481544322e-06
2363366540,3217742437,2,0,4.2429761093476515e-11
2363366540,6560668913,2,0,0.0004131257883273065
2369923072,3905581452,2,0,0.0005351182771846652
2372300315,3847642518,2,0,1.357203377461147e-10
2374597625,2090591961,2,0,4.541009275283716e-15
2375312690,7765668071,2,0,4.06665634055791e-14
2375746444,1791873284,2,0,0.00045654320274479687
2376201243,7767144248,2,0,6.554425890925586e-10
2381760717,7625326364,2,0,1.3675988510056247e-12
2382554801,7866135934,2,0,7.478715280381784e-17
2387690287,6618737705,2,0,6.453262368921742e-10
2390412714,2090591961,2,0,1.3529671827328116e-10
2393499455,7467277921,2,0,4.823839929119032e-15
2394197215,5789387121,2,0,5.300145392017619e-11
2397921670,3292333231,2,0,4.594537098868978e-15
2398050341,6788591973,2,0,1.3205951610029132e-10
2398850425,3217742437,2,0,0.31457212567329407
2400178611,2136848625,2,0,1.0233370630885474e-06
2401362081,7767144248,2,0,0.00041603948920965195
2402180855,1816029971,2,0,6.433132360150751e-10
2406323612,1554226303,2,0,0.0007939343340694904
2408657922,5250260756,2,0,7.924419385015567e-17
2411988607,3292333231,2,0,2.942836946351335e-12
2419767744,7341744407,2,0,7.454874611639026e-17
2422927235,3778125742,2,0,0.0005511564086191356
2423493665,6788591973,2,0,6.457842594009833e-10
2424689883,3217742437,2,0,1.3397651044133596e-10
2424689883,6560668913,2,0,8.072580667613615e-17
2424757174,6618737705,2,0,0.0002226480282843113
2425334477,7467277921,2,0,0.0007973889587447047
2428371695,5250260756,2,0,3.6316800105851144e-05
2430736564,3082731712,2,0,3.31432675011456e-05
2435125140,5926318749,2,0,0.00043489623931236565
2436824465,6101852007,2,0,4.227377475851668e-11
2441873181,1554226303,2,0,6.433132360150751e-10
2441897275,2937990707,2,0,7.245661444134154e-17
2441977482,5250260756,2,0,6.57425891503749e-10
2446831020,1195908387,2,0,1.3490389361159316e-12
2446930557,1041705884,2,0,6.433132360150751e-10
2456708675,7757687460,2,0,7.965911426285717e-17
2458255731,1647256370,2,0,8.625070796464129e-11
2463325380,2002400427,2,0,3.773795469896868e-06
2463325380,2201915244,2,0,0.0012880053836852312
2470834220,3847642518,2,0,1.1221144407623209e-16
2485916767,2090591961,2,0,0.00042136284173466265
2486710787,5250260756,2,0,7.354656055600061e-17
2486947565,3973292213,2,0,1.3717107961649933e-12
2495470277,7767144248,2,0,0.0005291629349812865
2498998250,3217035437,2,0,3.432995399066385e-08
2502468967,5250260756,2,0,1.807128319342155e-05
2506551673,1821525001,2,0,1.791174872778356e-05
2507350145,5020552519,2,0,7.513401279571848e-17
2516472111,6420654776,2,0,1.792355760699138e-05
2526229041,7612876955,2,0,3.823842416750267e-05
2526315502,6580670764,2,0,3.697816792352926e-12
2526563811,1917488115,2,0,0.0008097583195194602
2526590643,6304429250,2,0,4.2498119606770857e-11
2527660032,1816029971,2,0,0.0007928833365440369
2528319882,5789387121,2,0,4.613768981936387e-15
2530417711,2201915244,2,0,4.82958450656731e-15
2538944930,1297975973,2,0,8.16203793475551e-17
2539430660,1297975973,2,0,1.3521173113442697e-12
2539581455,1554226303,2,0,8.088654794846661e-06
2540410685,1297975973,2,0,6.494207394069917e-10
2547901727,2002400427,2,0,9.586407259121188e-07
2547901727,5428423860,2,0,1.3675988510056247e-12
2553585884,1306484861,2,0,3.679945237422544e-12
2554148210,2090591961,2,0,3.824301579623615e-14
2559154297,3082731712,2,0,3.781638724831282e-06
2561103161,6788591973,2,0,0.0005300677730701864
2566732253,6243146585,2,0,0.0004185376747045666
2578956847,6871895822,2,0,5.005945236515128e-15
2586278350,3217035437,2,0,7.245661444134154e-17
2587445825,6560668913,2,0,8.007193694552523e-17
2588284800,5250260756,2,0,5.364790922612883e-06
2588427110,7804300115,2,0,1.3467380422654829e-12
2589891047,1816029971,2,0,7.543257379438728e-05
2590335977,5428423860,2,0,7.581810439718964e-17
2590335977,5926318749,2,0,4.2838382147136755e-11
2595952642,6420654776,2,0,4.4299596136570044e-14
2598441920,5789387121,2,0,9.058805612647929e-17
2598494601,7467277921,2,0,4.272821679807137e-11
2599391064,3317704373,2,0,8.580089883025721e-08
2599563620,3973292213,2,0,3.499302749787603e-07
2605298310,1821525001,2,0,1.955120310440095e-12
2608144250,1497609517,2,0,3.785740787520808e-08
2608175473,3217035437,2,0,2.337043406019923e-11
2615607523,7760290512,2,0,1.3808486689151356e-12
2616514835,2018925253,2,0,3.782904300919654e-08
2616558492,2090591961,2,0,8.004200624224061e-17
2618385231,6788591973,2,0,0.0007927072001621127
2627429093,7850599876,2,0,1.3490389361159316e-12
2628602713,2090591961,2,0,3.8121381749078864e-06
2630206251,3829981184,2,0,0.0008094006334431469
2630802785,3671879202,2,0,1.357203377461147e-10
2640096287,5574911608,2,0,1.3718520677080681e-12
2643992491,2002400427,2,0,3.707663533424098e-15
2648474973,3217742437,2,0,0.00041916093323379755
2654117967,3217035437,2,0,3.781638724831282e-06
2656621952,2002400427,2,0,0.0007964543765410781
2657931011,1316949123,2,0,0.0005281306221149862
2662817813,3082731712,2,0,1.791174872778356e-05
2667629823,3217035437,2,0,0.0005423591355793178
2668466183,6420654776,2,0,8.130651393592798e-17
2668507541,1875293522,2,0,3.7881031857978087e-06
2669309985,3292333231,2,0,3.886207829606643e-14
2670258781,1816029971,2,0,6.38539776609548e-11
2674783177,3217742437,2,0,3.773795469896868e-06
2680664063,7160110296,2,0,4.8419994684752166e-15
2686415604,6420654776,2,0,4.091020057439554e-15
2687404797,3082731712,2,0,4.9442092401544985e-15
2692899291,5789387121,2,0,0.0001064132884494029
2695720811,1297975973,2,0,5.999562517899903e-07
2698284755,1275418863,2,0,6.06008200065844e-07
2706865113,1791873284,2,0,4.57398935011801e-15
2707136017,6420654776,2,0,4.0778851175264814e-15
2709987651,3217742437,2,0,1.3529671827328116e-10
2712312611,1737850362,2,0,9.166287476209599e-17
2712441052,6420654776,2,0,1.3718520677080681e-12
2712486872,1850017837,2,0,1.2881866406910802e-10
2714856004,5428423860,2,0,6.564746524162501e-10
2716195911,3317704373,2,0,0.00027422126731835306
2717184773,5226302309,2,0,0.0007925187237560749
2722434532,5250260756,2,0,0.0007842790801078081
2722434532,6153121801,2,0,0.0005300677730701864
2729492305,6788591973,2,0,9.586407259121188e-07
2731081377,5428423860,2,0,6.433132360150751e-10
2735304482,3292333231,2,0,6.954636311284901e-10
2737296227,7850599876,2,0,6.855303436026361e-09
2737348954,1816029971,2,0,0.001137029961682856
2739913222,1816029971,2,0,0.0004614429781213403
2739916933,6523666955,2,0,0.08517631143331528
2744083455,1297975973,2,0,0.8137356042861938
2756221917,1647256370,2,0,4.9364635473683315e-15
2759057317,1306484861,2,0,6.635989535652698e-10
2759441523,5789387121,2,0,0.08855675160884857
2771986467,7804300115,2,0,9.383795074313639e-09
2778106523,5250260756,2,0,9.383811949703613e-09
2778177631,6153121801,2,0,0.0008101416751742363
2782266763,5250260756,2,0,3.774259766942123e-06
2783957877,2008062861,2,0,0.0004134899936616421
2785240624,5250260756,2,0,6.050990464245842e-07
2785240624,6483039487,2,0,6.112034611760464e-07
2785240624,6618737705,2,0,1.367572830153485e-12
2790801702,3317704373,2,0,8.948219387683309e-10
2791403543,7767144248,2,0,0.0007949834689497948
2793347685,2201915244,2,0,1.926801132867695e-06
2793347685,3317704373,2,0,0.00043756933882832527
2793347685,5428423860,2,0,4.091020057439554e-15
2794329980,1875293522,2,0,7.425987602616146e-10
2803837540,6420654776,2,0,2.3098953305655812e-11
2804576007,7467277921,2,0,5.0889886055172084e-11
2806319925,5250260756,2,0,0.0008033431367948651
2806319925,6153121801,2,0,4.8419994684752166e-15
2808086442,1816029971,2,0,1.3099851514652983e-07
2810859462,7946457588,2,0,3.195557967544671e-12
2812347581,1647256370,2,0,0.003713648533448577
2813454690,7804300115,2,0,0.0001064132884494029
2814874944,7765668071,2,0,1.5050105162117688e-07
2815252572,5428423860,2,0,7.494765892987763e-17
2828835274,2427613143,2,0,4.275210394033557e-11
2830035983,3217742437,2,0,1.3032594448070256e-10
2831164344,5311962099,2,0,4.96715917434388e-15
2838496032,1645599505,2,0,7.454573136556064e-08
2840610715,1850017837,2,0,6.527739460082671e-10
2854009963,6483039487,2,0,7.245661444134154e-17
2857550643,5428423860,2,0,3.830267537602988e-13
2857550643,6420654776,2,0,0.0008102076244540513
2864921902,5226302309,2,0,1.3490389361159316e-12
2868558324,5955730111,2,0,0.0007929808925837278
2870372034,1554226303,2,0,0.0006502598989754915
2875862284,2090591961,2,0,0.0010943689849227667
2884540223,7240026510,2,0,0.003942729905247688
2887477154,3317704373,2,0,1.5678951192921176e-11
2890173387,2217066377,2,0,0.0010148200672119856
2894051637,7767144248,2,0,0.4693252146244049
2903455721,3973292213,2,0,0.4596833884716034
2904548773,3217742437,2,0,3.834772087429883e-06
2914587615,6232442780,2,0,0.0008110955823212862
2923256815,3217035437,2,0,1.0202489875155152e-06
2925062583,3082731712,2,0,3.843443607820518e-08
2929543361,7893929649,2,0,0.000457989692222327
2931356587,7804300115,2,0,0.0007929808925837278
2931356587,7866135934,2,0,1.6020334364652555e-11
2940677475,3217035437,2,0,3.195564472757706e-12
2948804022,3412668714,2,0,0.0076119848527014256
2953376860,2937990707,2,0,1.3490389361159316e-12
2953376860,5365378896,2,0,0.9981030225753784
2954325032,7866135934,2,0,0.18349415063858032
2954703322,1645599505,2,0,8.140955417047248e-17
2979443400,6618737705,2,0,0.00045697836321778595
2986592521,2002400427,2,0,7.364285761419159e-17
2989627804,2136848625,2,0,0.00047294178511947393
2991074313,3082731712,2,0,1.3668400179051021e-12
2993063632,3217035437,2,0,3.438867324234707e-08
2997506332,3217742437,2,0,1.2761423862084342e-10
2997506332,6560668913,2,0,0.0005281306221149862
3009528013,3217035437,2,0,0.0008009409066289663
3012889857,1297975973,2,0,4.2361673197044425e-11
3012889857,6420654776,2,0,4.279697429776519e-11
3016651517,1316949123,2,0,0.0008975176024250686
3023825623,2136848625,2,0,0.0005528450710698962
3027400661,6272876985,2,0,4.818432894300234e-15
3030300431,1188472987,2,0,3.46068631529306e-08
3049445697,1816029971,2,0,4.2361673197044425e-11
3053539753,2201915244,2,0,0.0007970900041982532
3054456051,7240026510,2,0,0.0008105209562927485
3059123933,5789387121,2,0,7.438569227404381e-17
3060536095,1647256370,2,0,7.45493152166517e-17
3061366341,2090591961,2,0,6.462993473732581e-10
3078105095,2090591961,2,0,0.0061139920726418495
3082343995,3098510521,2,0,5.912493827864296e-10
3083845235,5972505998,2,0,6.081229703830404e-12
3085284881,6243146585,2,0,1.5043856785301735e-11
3089241893,2201915244,2,0,1.507291500502106e-07
3092158951,2090591961,2,0,5.06917376696947e-06
3095061865,3082731712,2,0,5.010988894199554e-15
3095801057,1306484861,2,0,4.312643966386531e-07
3097498647,1554226303,2,0,1.3675988510056247e-12
3102885807,5939204645,2,0,5.022893095240266e-15
3110038137,5250260756,2,0,0.00041784619679674506
3117084031,2002400427,2,0,4.2464250865625885e-11
3117084031,5428423860,2,0,9.586407259121188e-07
3117084031,7850599876,2,0,1.4774404573023037e-12
3123020445,3217035437,2,0,0.0004414174472913146
3126175622,5955730111,2,0,5.012480095703195e-15
3127429293,6502204514,2,0,6.898988047510102e-10
3136761354,2217048775,2,0,1.8301066972981062e-07
3137474057,2002400427,2,0,0.0005300677730701864
3137503355,1816029971,2,0,1.336896010561972e-10
3142510534,2217048775,2,0,1.5038111200738058e-07
3143975085,1917488115,2,0,7.323803542240814e-17
3152920474,2090591961,2,0,0.00045968161430209875
3155226064,7804300115,2,0,8.277110007617967e-17
3159416630,7200019989,2,0,0.0008882925612851977
3165143097,3847642518,2,0,0.12059988081455231
3166454103,2217048775,2,0,0.11006130278110504
3167944545,6153121801,2,0,1.1662515397858897e-08
3168329522,1797539504,2,0,0.00045263092033565044
3168363654,5789387121,2,0,2.7054209983390365e-09
3170533115,1195908387,2,0,0.00045261727063916624
3171353494,5955730111,2,0,6.494207394069917e-10
3173322884,6272876985,2,0,1.3490389361159316e-12
3175151102,5365378896,2,0,0.00022444392379838973
3177549032,1791873284,2,0,0.0007958898204378784
3178522032,3098510521,2,0,0.00042225810466334224
3182080140,2002400427,2,0,0.0004134899936616421
3182080140,2201915244,2,0,0.0008184021571651101
3182080140,5428423860,2,0,5.2518024651337925e-11
3183216730,5250260756,2,0,7.564303327490401e-17
3183216730,6788591973,2,0,9.761572528077522e-07
3183216730,7767144248,2,0,1.0808742859148607e-15
3187665272,5250260756,2,0,1.79632224899251e-05
3191789091,3217035437,2,0,3.7762831652798923e-06
3194863717,7757687460,2,0,3.886207829606643e-14
3196310282,3082731712,2,0,3.8143598430906422e-06
3197881575,7160110296,2,0,5.374334222096877e-08
3199193745,7467277921,2,0,2.389872078012445e-09
3201134251,5543176559,2,0,0.00045673371641896665
3202047570,3778125742,2,0,4.5653081094416004e-15
3206133660,2018925253,2,0,5.256923715779571e-11
3206959331,7804300115,2,0,4.8314085920192224e-15
3217625733,1719397245,2,0,2.1507964680089753e-12
3217878361,1297975973,2,0,6.607080438314483e-10
3220654543,6420654776,2,0,7.222728688831734e-17
3220990344,3217742437,2,0,0.000998814357444644
3224220842,6420654776,2,0,1.793549017747864e-05
3224475965,7506746741,2,0,9.586407259121188e-07
3226419533,7734889891,2,0,4.1669684196221635e-15
3229253833,2136848625,2,0,4.872237697659248e-15
3230571112,6788591973,2,0,3.70340888693004e-15
3231231974,3778125742,2,0,0.0005300677730701864
3237248910,1850017837,2,0,0.0004196602967567742
3253820142,3217742437,2,0,7.038099738565506e-06
3256979595,7767144248,2,0,6.527739460082671e-10
3258958961,3973292213,2,0,8.019328765010921e-17
3259919771,3412668714,2,0,8.128263819472725e-17
3263075754,1297975973,2,0,0.0008235661662183702
3264353815,7804300115,2,0,8.136019464896022e-17
3266191104,5428423860,2,0,0.0007919804193079472
3270271044,6276227682,2,0,5.068922746431781e-06
3272009764,3217742437,2,0,7.730965000796565e-17
3272559204,5789387121,2,0,0.000786083284765482
3276247902,7160110296,2,0,5.842724704052671e-07
3277839405,7866135934,2,0,5.901667918806197e-07
3281026411,7767144248,2,0,7.870673821023302e-17
3291242315,1821525001,2,0,6.467987812008857e-10
3297536633,1791873284,2,0,3.843443607820518e-08
3298555275,5987057408,2,0,0.0007806866778992116
3305357841,1791873284,2,0,7.868902331023458e-17
3305927904,1647256370,2,0,3.430416484206944e-08
3314081325,2219969573,2,0,0.0008115934324450791
3320792231,1954778190,2,0,1.3718520677080681e-12
3338118440,1306484861,2,0,6.583481537703051e-10
3344715030,5250260756,2,0,0.0005300131742842495
3344715030,6153121801,2,0,0.0004167855659034103
3388330412,5926318749,2,0,8.749858060319582e-10
3396311052,5250260756,2,0,0.0007973070023581386
3412668714,3412668714,2,0,4.8574840777839724e-15
3444444394,2002400427,2,0,4.456518839937931e-14
3457030580,7847210480,2,0,1.3718520677080681e-12
3478656500,5926318749,2,0,0.0008126643369905651
3479606787,2201915244,2,0,3.700894893142589e-15
3480486464,6232442780,2,0,8.094149052340072e-06
3497182123,1816029971,2,0,3.886207829606643e-14
3506784664,7767144248,2,0,1.3490389361159316e-12
3516613563,5789387121,2,0,4.7763052871520675e-15
3517908584,6437735703,2,0,1.3370031470838484e-10
3541413702,3541413702,2,0,3.790533446590416e-05
3541678724,7188930130,2,0,3.6656055794892506e-12
3541825070,1645599505,2,0,0.09262499213218689
3543271013,1850017837,2,0,0.0005017811199650168
3543583804,5428423860,2,0,0.945846438407898
3547305065,1816029971,2,0,4.914948910508072e-15
3549498150,5543176559,2,0,0.0008242355543188751
3561643170,3217742437,2,0,2.64678600217505e-12
3564652312,6560668913,2,0,6.893805526431152e-10
3592107422,3217742437,2,0,0.001633240608498454
3601293363,3217035437,2,0,0.0007991880993358791
3606864955,7341744407,2,0,7.35072926379615e-17
3610441363,6001863056,2,0,1.7948957975022495e-05
3612524932,2002400427,2,0,1.534809085379507e-11
3612524932,5428423860,2,0,0.00042092095827683806
3616558417,6483039487,2,0,1.0249867727907258e-06
3616558417,7767144248,2,0,8.041967705759763e-17
3616558417,7804300115,2,0,6.01798205934756e-07
3625870344,3317704373,2,0,0.001134377089329064
3630211215,5987057408,2,0,1.514816716507994e-07
3643174265,5407978252,2,0,4.842608908680766e-15
3647369394,6153121801,2,0,6.457842594009833e-10
3649161523,5987057408,2,0,0.000813732563983649
3674224027,1645599505,2,0,0.0008306315867230296
3697808905,6304429250,2,0,7.47614837350491e-17
3698281894,1297975973,2,0,7.153353021038811e-09
3718622400,3217035437,2,0,0.0007951618754304945
3719057297,7467277921,2,0,0.0004174560308456421
3720399483,6618737705,2,0,0.0008071806514635682
3720929930,1316949123,2,0,3.70340888693004e-15
3730032693,7767144248,2,0,0.0008307033567689359
3730032693,7804300115,2,0,1.791395334294066e-05
3733983767,5955730111,2,0,5.092445562460135e-11
3735427345,6243146585,2,0,4.3045726982882115e-09
3735646922,5250260756,2,0,3.7881031857978087e-06
3743780822,1875293522,2,0,0.0008115355158224702
3750067004,1875293522,2,0,0.00044002028880640864
3779630665,2909406375,2,0,5.039071424532823e-15
3794046457,5250260756,2,0,4.9082412565987655e-15
3794471363,3082731712,2,0,1.955016010191102e-12
3799376175,6437735703,2,0,0.00047143411939032376
3808195430,1875293522,2,0,8.741517509847085e-10
3809525734,3217742437,2,0,9.136404418528263e-17
3814256704,7844581127,2,0,4.79997689341251e-15
3823374460,1297975973,2,0,1.3490389361159316e-12
3825739699,5311962099,2,0,8.912432458707542e-10
3826021920,2090591961,2,0,0.0007973070023581386
3826297527,6420654776,2,0,5.764629804616561e-07
3828097315,5543176559,2,0,0.0010865884833037853
3828293458,7765668071,2,0,3.4385131186809303e-08
3830427922,2217048775,2,0,6.559078280510278e-10
3833957011,6276227682,2,0,4.8574840777839724e-15
3838395201,5600540896,2,0,4.091020057439554e-15
3844241937,1188472987,2,0,2.3708173202408034e-09
3858538566,7188930130,2,0,1.3439435111659015e-12
3872689121,7850599876,2,0,0.00014815214672125876
3885235904,6243146585,2,0,0.0008990236092358828
3886346797,3217035437,2,0,8.776333548787818e-10
3887866395,7946457588,2,0,7.49253647580081e-17
3891927452,1645599505,2,0,3.797934411409187e-08
3894924082,5250260756,2,0,1.3326341419261922e-10
3894924082,7804300115,2,0,6.596013180093507e-10
3908770978,2201915244,2,0,1.9555529071069166e-12
3909285343,7767144248,2,0,1.3441102614600298e-12
3932278797,1850017837,2,0,0.00041454093297943473
3932700017,5428423860,2,0,0.0007865801453590393
3942516362,7461276382,2,0,1.3490389361159316e-12
3944015214,3217035437,2,0,5.0556303904158995e-05
3944334435,7804300115,2,0,6.078876708670578e-07
3949137663,3098510521,2,0,3.7967438402120024e-06
3960771019,7188930130,2,0,9.485953078291941e-17
3961271757,2909406375,2,0,1.955016010191102e-12
3965264431,2002400427,2,0,1.376310501655098e-05
3965332335,1195908387,2,0,6.885527148448034e-10
3965875532,7767144248,2,0,7.017141312459785e-10
3967670326,5574911608,2,0,7.453616057695456e-10
3968934524,3217035437,2,0,3.4467078080524516e-08
3969939552,6437735703,2,0,1.6949161258522638e-12
3980787859,7847210480,2,0,0.0008319893386214972
3981631677,3217035437,2,0,7.273298541016286e-17
3991558018,2217066377,2,0,1.4774404573023037e-12
3991558018,6153121801,2,0,0.00041507501737214625
4010388662,6420654776,2,0,3.7890004023211077e-06
4012576506,6124100893,2,0,6.53396836636233e-10
4029903964,5600540896,2,0,0.0007849704124964774
4038601565,7804300115,2,0,1.3448564093951343e-12
4051670507,6153121801,2,0,6.050990464245842e-07
4053237920,6153121801,2,0,6.05080742843711e-07
4053691655,2427613143,2,0,4.0778851175264814e-15
4056576928,2201915244,2,0,5.256923715779571e-11
4060874164,6425881183,2,0,0.0004189276078250259
4073024132,7844581127,2,0,7.663051487272492e-17
4089469796,6304429250,2,0,0.0007919418858364224
4093260210,7200019989,2,0,1.0369155916123418e-06
4093848783,7160110296,2,0,0.0008885992574505508
4099476624,7866135934,2,0,0.001137029961682856
5012172822,7767144248,2,0,8.920289507052814e-10
5015554345,1306484861,2,0,4.8606168291393925e-15
5017891576,3217035437,2,0,0.00010681683488655835
5017984506,5250260756,2,0,1.3662691854612885e-12
5017984506,7767144248,2,0,0.0004785515775438398
5026581055,5428423860,2,0,8.197353622563242e-07
5026913713,3778125742,2,0,4.493695371365902e-08
5032446204,7467277921,2,0,0.9681066274642944
5032960618,1954778190,2,0,0.07549580186605453
5040702834,1306484861,2,0,0.0007812172989360988
5054920537,6618737705,2,0,0.001135184895247221
5055884981,3098510521,2,0,6.241271535145643e-07
5057645881,2008062861,2,0,6.241083383429213e-07
5057711027,7946457588,2,0,7.412282751026426e-17
5078335381,3051163592,2,0,1.3718520677080681e-12
5080827273,5226302309,2,0,5.356641017117405e-15
5081396513,1816029971,2,0,3.023653593128839e-12
5090404359,1188472987,2,0,1.1190941506811214e-09
5091244357,6837278495,2,0,5.092445562460135e-11
5091244357,6839422251,2,0,1.3717107961649933e-12
5092418919,3082731712,2,0,0.0007963083335198462
5092418919,7760290512,2,0,1.085427061536573e-16
5093234685,7847210480,2,0,0.00045673371641896665
5102017098,2008062861,2,0,2.6578385586617514e-05
5105022555,5250260756,2,0,0.178688183426857
5105022555,7767144248,2,0,0.0004937442718073726
5110800687,6272876985,2,0,0.9999730587005615
5116956158,1816029971,2,0,1.0
5117130279,6065301364,2,0,1.0
5119768111,3217742437,2,0,2.4184720892606038e-09
5119768111,6101852007,2,0,4.2597734150814914e-13
5122872077,5311962099,2,0,8.909834354794069e-17
5123348096,1816029971,2,0,6.442243405402337e-10
5125090408,1306484861,2,0,1.2907147572960298e-10
5134616573,2018925253,2,0,1.1057459392560531e-09
5136133801,2136848625,2,0,3.454111308087704e-08
5139226538,6153121801,2,0,0.0008302676724269986
5139226538,7866135934,2,0,0.000998814357444644
5140279430,3217035437,2,0,4.803512408934349e-15
5140279430,5730240854,2,0,9.708033985589282e-07
5140279430,7461276382,2,0,4.625823107808763e-15
5140279430,7734889891,2,0,2.400013077163976e-09
5140583411,7734889891,2,0,0.00046315527288243175
5143261665,3217742437,2,0,0.000788615201599896
5151848656,1719397245,2,0,2.384804131949636e-09
5163204267,5250260756,2,0,0.0005523274303413928
5165396337,7380722614,2,0,0.0002243073977297172
5165621981,3905581452,2,0,7.439080094150694e-17
5168295981,2201915244,2,0,0.0005300677730701864
5171954592,5987057408,2,0,0.010409838519990444
5173634609,3412668714,2,0,0.03750397264957428
5177758106,7341744407,2,0,7.421846282396519e-17
5180004160,7804300115,2,0,4.102960257380524e-15
5180414133,6788591973,2,0,6.462045343269551e-10
5181491799,7734889891,2,0,0.0004172417102381587
5181838103,5365378896,2,0,3.491016684620263e-07
5183768805,1306484861,2,0,3.476226240195501e-08
5184863933,7734889891,2,0,5.386260909290286e-06
5186975499,2937990707,2,0,1.3490389361159316e-12
5189479929,7757687460,2,0,5.0371663746773265e-06
5190589411,6272876985,2,0,0.00041655628592707217
5196510075,5789387121,2,0,3.792340748987044e-06
5199672634,7804300115,2,0,7.498626510342671e-17
5199672634,7866135934,2,0,0.0008117994293570518
5203157774,3973292213,2,0,8.088654794846661e-06
5203707642,5428423860,2,0,1.6980192208901346e-12
5212960198,6523666955,2,0,6.642967842473979e-10
5214400755,6437735703,2,0,2.370527774075981e-09
5215457600,3671879202,2,0,8.729476697055816e-09
5215856388,2201915244,2,0,0.0004362745676189661
5216359040,1497609517,2,0,0.0008115934324450791
5216621276,3217035437,2,0,7.912427913111508e-17
5221254250,2219969573,2,0,4.074821822872736e-15
5221779743,1917488115,2,0,3.4912696378341934e-07
5223391922,7866135934,2,0,0.00041873627924360335
5227463804,2909406375,2,0,0.0007927072001621127
5228243570,1645599505,2,0,0.03018529713153839
5229919421,6560668913,2,0,2.9190483363805697e-09
5231510839,6425881183,2,0,3.033556392195713e-11
5235392814,7767144248,2,0,8.103455911623314e-06
5235990405,7461276382,2,0,7.181772131202926e-15
5236617398,3217035437,2,0,0.0008176753763109446
5237235070,3847642518,2,0,8.197797945252912e-17
5237315820,6232442780,2,0,6.533579233192199e-10
5240008241,5926318749,2,0,3.7767833305224485e-08
5241103283,5428423860,2,0,3.8007333387213293e-06
5243006556,3671879202,2,0,8.047031374597567e-17
5243857206,7467277921,2,0,0.0004142103425692767
5246164621,3082731712,2,0,0.9836602210998535
5250084887,2002400427,2,0,0.5177364945411682
5250084887,5428423860,2,0,1.2871870236352834e-10
5250084887,5926318749,2,0,4.552022397663917e-15
5254144658,6560668913,2,0,4.226136107732259e-11
5254854698,2217048775,2,0,0.0008061057887971401
5261117446,6232442780,2,0,3.777057244747084e-08
5262402500,6871895822,2,0,4.7807530571581e-15
5263608538,5250260756,2,0,7.999561133604374e-17
5263805472,2002400427,2,0,8.141421285168238e-17
5265115236,7866135934,2,0,0.00043994607403874397
5266847638,1041705884,2,0,9.79583660409844e-07
5266877938,6437735703,2,0,1.6960674401392262e-12
5268473295,1875293522,2,0,7.919100944549096e-17
5268473295,3847642518,2,0,3.806412252060909e-08
5270244136,7240026510,2,0,3.70340888693004e-15
5280044647,6788591973,2,0,6.397869040108972e-11
5281371309,2090591961,2,0,1.101682967075135e-09
5281409415,1306484861,2,0,0.0007804569904692471
5283734007,2002400427,2,0,0.0008430989109911025
5286204909,7341744407,2,0,7.084720032857206e-10
5290077821,1316949123,2,0,0.0004607448063325137
5290869302,1791873284,2,0,3.730026270493125e-12
5299247507,3847642518,2,0,3.836484623910563e-14
5303426500,7804300115,2,0,6.433255039794972e-10
5308129958,6425881183,2,0,3.5020806876673305e-07
5309239540,1316949123,2,0,0.00010638203093549237
5309940962,2002400427,2,0,6.499584204178177e-11
5314126799,3217742437,2,0,0.0008377357735298574
5315842867,1737850362,2,0,6.495657345340078e-10
5321920510,3905581452,2,0,6.418057058033e-11
5324742748,7847210480,2,0,7.233274601503581e-08
5326483526,7844581127,2,0,0.00047014106530696154
5327980588,6153121801,2,0,3.517417468401618e-08
5333217212,2136848625,2,0,6.553751430438126e-10
5335635347,5428423860,2,0,0.0008142697624862194
5335635347,7850599876,2,0,5.348941911620386e-08
5336874105,5250260756,2,0,6.93665958007017e-10
5339691190,3671879202,2,0,0.0008048120653256774
5341323511,5226302309,2,0,4.744272618669278e-15
5344059989,6839422251,2,0,7.526090485043824e-05
5345933644,7844581127,2,0,6.554425890925586e-10
5346401119,6523666955,2,0,4.9586964681678624e-15
5348951316,6839422251,2,0,7.325424154496927e-17
5351856519,5767049948,2,0,1.3718520677080681e-12
5356107528,1188472987,2,0,7.630963496950335e-17
5360267657,2201915244,2,0,1.3284240374389356e-10
5370247480,7767144248,2,0,3.550187841483421e-07
5370275584,1875293522,2,0,3.5013646993320435e-05
5370816636,7506746741,2,0,3.710180166566213e-12
5373599087,6153121801,2,0,8.041967705759763e-17
5376705709,5543176559,2,0,0.0004566773131955415
5384084688,7341744407,2,0,7.480969843859359e-17
5389725498,7760290512,2,0,6.05284378174531e-10
5392384794,7767144248,2,0,0.00804388988763094
5392590669,6276227682,2,0,0.6876948475837708
5394072229,6272876985,2,0,4.8222758827819266e-15
5407978252,5407978252,2,0,7.471073455010775e-17
5409069865,1816029971,2,0,0.0008205195772461593
5411287384,2018925253,2,0,0.0007821152685210109
5428610345,1195908387,2,0,0.0001381529145874083
5434665240,3671879202,2,0,7.677417960151313e-17
5435888391,2201915244,2,0,3.483678665361367e-05
5435888391,5428423860,2,0,3.691439081493497e-12
5439230597,1316949123,2,0,1.4774404573023037e-12
5443508636,2136848625,2,0,5.351535102511356e-15
5445918929,2909406375,2,0,8.037367258064988e-17
5453665355,6788591973,2,0,0.0005290319677442312
5453665355,7506746741,2,0,0.0017005259869620204
5453665355,7866135934,2,0,5.03067817505848e-15
5454305823,6243146585,2,0,1.0979593900728446e-09
5454739561,2909406375,2,0,7.240162602784039e-08
5455245489,1875293522,2,0,5.373423280901355e-15
5455438937,7847210480,2,0,0.5314601063728333
5457515269,7804300115,2,0,0.5011736750602722
5457962032,2018925253,2,0,7.552021349755214e-17
5462435649,2201915244,2,0,4.954839080126066e-15
5462435649,5428423860,2,0,4.2650296488977446e-11
5463792463,7200019989,2,0,0.0005279103643260896
5474591958,6065301364,2,0,3.4964877215770684e-08
5474943846,1041705884,2,0,3.491016684620263e-07
5476860342,5789387121,2,0,8.519939795216994e-17
5482747519,5987057408,2,0,5.253355389589487e-11
5484361748,6442235149,2,0,1.7979658878175542e-05
5484672307,6558040566,2,0,7.195373786269936e-15
5491488173,5767049948,2,0,1.0018799123656663e-09
5495066741,6065301364,2,0,3.349504495986366e-08
5504476141,5365378896,2,0,4.533998807095766e-15
5504476141,7765668071,2,0,0.0008101827697828412
5507021158,2018925253,2,0,8.506592408852838e-17
5508446127,3317704373,2,0,1.4966275330152712e-07
5510438425,2090591961,2,0,7.868331907273041e-17
5515196472,5789387121,2,0,0.0011404770193621516
5516825585,2201915244,2,0,5.373423280901355e-15
5517797135,3671879202,2,0,5.253355389589487e-11
5520050647,2705589884,2,0,0.0009019171702675521
5527042788,3778125742,2,0,1.3591503139967487e-12
5528151587,1297975973,2,0,6.423777620945259e-10
5529351998,2217048775,2,0,5.18854854913986e-11
5531767567,3217035437,2,0,6.451921774619507e-10
5531767567,3778125742,2,0,0.0004377519362606108
5532924326,6788591973,2,0,0.0017053185729309916
5536408380,1306484861,2,0,7.504922347420934e-17
5538213563,2705589884,2,0,5.187024768038562e-11
5538376860,5955730111,2,0,3.9431924793529444e-14
5538814532,5926318749,2,0,0.0005460273823700845
5540607334,2008062861,2,0,1.2857097331231415e-10
5543805633,6065301364,2,0,0.4966196119785309
5549649402,3778125742,2,0,0.07890845835208893
5553194302,3098510521,2,0,4.877183946554739e-15
5555204906,3217035437,2,0,3.849459773164199e-08
5556422441,6523666955,2,0,0.0004183313576504588
5558232063,5531506227,2,0,0.9839427471160889
5567653864,6523666955,2,0,0.49696263670921326
5568150720,7765668071,2,0,5.06583410242456e-06
5568357239,5987057408,2,0,3.773795469896868e-06
5568778089,5939204645,2,0,8.030594303209403e-17
5571987278,5531506227,2,0,3.7887293728999794e-06
5574666804,3217742437,2,0,0.00010681683488655835
5574911608,5574911608,2,0,9.623239520806237e-07
5575629715,5972505998,2,0,4.330617217910768e-14
5576508908,7380722614,2,0,5.108282893906413e-11
5577912170,5972505998,2,0,7.52872198800531e-17
5577912170,7760290512,2,0,4.920839601139752e-15
5578434647,1850017837,2,0,6.428888532639121e-10
5578440317,2002400427,2,0,1.0
5581294810,7467277921,2,0,1.0
5582280558,1647256370,2,0,1.0
5582280558,6437735703,2,0,1.0
5583023567,6502204514,2,0,1.0
5586832169,6420654776,2,0,1.0
5587461003,1821525001,2,0,1.0
5590197982,7866135934,2,0,1.0
5590253140,5226302309,2,0,1.0
5590498308,7804300115,2,0,1.0
5597732473,5428423860,2,0,1.0
5598714798,5311962099,2,0,1.0
5599656883,2018925253,2,0,1.0
5600540896,5600540896,2,0,1.0
5601871705,3317704373,2,0,1.0
5604215566,5250260756,2,0,1.0
5606716867,1041705884,2,0,1.0
5606716867,1316949123,2,0,1.0
5606716867,1554226303,2,0,1.0
5606716867,1719397245,2,0,1.0
5606716867,1791873284,2,0,1.0
5606716867,1821525001,2,0,0.9897145628929138
5606716867,1954778190,2,0,1.0
5606716867,2018925253,2,0,1.0
5606716867,2560497310,2,0,5.042628962911291e-15
5606716867,2705589884,2,0,1.4967345407512767e-07
5606716867,2909406375,2,0,0.000995730864815414
5606716867,3973292213,2,0,1.32897901017337e-10
5606716867,5926318749,2,0,3.1179215025795015e-12
5606716867,5939204645,2,0,6.080229375537982e-11
5606716867,6113513458,2,0,1.9568849578960323e-12
5606716867,6124100893,2,0,0.0007977936184033751
5606716867,6272876985,2,0,7.81168790241439e-17
5606716867,6304429250,2,0,0.00045936935930512846
5606716867,6441657735,2,0,5.373423280901355e-15
5606716867,6580670764,2,0,0.0004722003941424191
5606716867,6871895822,2,0,0.00046044104965403676
5606716867,7850599876,2,0,9.739600272951066e-07
5606716867,7912058860,2,0,5.031042822742273e-15
5606716867,9165329829,2,0,4.754454801728222e-15
5609347535,6442235149,2,0,0.00041546602733433247
5610062909,5955730111,2,0,0.00041454093297943473
5612753236,3412668714,2,0,4.961250696020308e-15
5613148622,1195908387,2,0,4.2329318716838316e-07
5617649014,3541413702,2,0,8.149220605727878e-17
5617654427,3217742437,2,0,6.883150160952312e-10
5617993734,5574911608,2,0,0.0005524641019292176
5618034425,1306484861,2,0,1.6980192208901346e-12
5618901084,6580670764,2,0,0.00010648353054421023
5620568566,5365378896,2,0,1.3305768986615618e-10
5626242855,6065301364,2,0,7.339465710831138e-17
5626835993,1188472987,2,0,0.0004391772672533989
5627055948,2136848625,2,0,0.9770286679267883
5632181477,7804300115,2,0,0.18515218794345856
5634683808,6442235149,2,0,0.008339892141520977
5635660662,7341744407,2,0,2.377337882109032e-09
5635802475,6437735703,2,0,4.8153822717722505e-05
5635952364,6437735703,2,0,0.027762794867157936
5636340038,3317704373,2,0,0.025336753576993942
5638020515,2201915244,2,0,2.6847768452853416e-09
5638142057,9165329829,2,0,4.844474922263567e-15
5638489358,6153121801,2,0,7.344927088107458e-17
5643873947,2937990707,2,0,0.0005279103643260896
5643910408,6425881183,2,0,9.408435005239392e-17
5646261392,5226302309,2,0,4.014333535451442e-05
5646320933,1195908387,2,0,0.0004591004108078778
5646923398,2560497310,2,0,2.370527774075981e-09
5648291201,3847642518,2,0,0.0004214719810988754
5648330378,5070705161,2,0,0.0007928833365440369
5648330378,6618737705,2,0,7.439846394270163e-17
5648330378,7506746741,2,0,6.472788971478849e-10
5649546460,7461276382,2,0,2.389872078012445e-09
5650478727,7866135934,2,0,0.00041751479147933424
5653438922,2002400427,2,0,7.458942355019317e-17
5653438922,2201915244,2,0,8.161477437172444e-17
5653438922,5428423860,2,0,3.510570820708381e-07
5653941020,6276227682,2,0,1.4970672168601595e-07
5654302190,2560497310,2,0,7.352860742798576e-17
5654934057,5789387121,2,0,0.0007930301944725215
5655765052,6124100893,2,0,5.385878765196139e-08
5655938692,6420654776,2,0,3.776358880713815e-06
5657354887,2136848625,2,0,1.1048477688291314e-09
5657796945,7461276382,2,0,0.0007934060413390398
5659216419,7160110296,2,0,7.742947208277763e-17
5659490809,3082731712,2,0,0.0004215885419398546
5660648279,6304429250,2,0,4.86525433452561e-15
5662310423,5250260756,2,0,7.558159691644847e-17
5664264860,7734889891,2,0,1.9241833126848462e-10
5665274371,1917488115,2,0,1.3826823019869039e-09
5667886200,5939204645,2,0,3.7948659610265167e-06
5668271663,1791873284,2,0,1.8642208488017786e-07
5668452912,3671879202,2,0,8.932939943306906e-10
5670794147,5955730111,2,0,3.8007333387213293e-06
5671691042,6441657735,2,0,4.227377475851668e-11
5672420076,1647256370,2,0,5.151972251593584e-11
5672816163,7506746741,2,0,0.000805260322522372
5673222134,6420654776,2,0,5.3619214668287896e-06
5674280373,3905581452,2,0,3.70340888693004e-15
5674814998,3082731712,2,0,5.083159976493334e-06
5676421522,7912058860,2,0,5.192082874749815e-11
5677811513,1917488115,2,0,7.233785481730592e-08
5678631487,6243146585,2,0,4.327874517096042e-11
5679148742,2018925253,2,0,0.00045923443394713104
5681056381,6001863056,2,0,1.3529956321978176e-10
5681116057,7946457588,2,0,1.2187455475718675e-16
5681660621,7866135934,2,0,5.375197360990569e-06
5681753497,1797539504,2,0,5.405185277140845e-08
5683845236,7946457588,2,0,3.5020806876673305e-07
5686014770,7866135934,2,0,8.166429271191431e-17
5688061910,2090591961,2,0,2.757082484095008e-06
5688504186,5311962099,2,0,0.9836192727088928
5689394728,1645599505,2,0,1.0209283800577396e-06
5691923498,1497609517,2,0,0.0005534091033041477
5692216595,3217742437,2,0,2.3720883035593943e-09
5695662845,2219969573,2,0,0.0004566773131955415
5696238186,5531506227,2,0,1.7013421921285854e-12
5697079868,5767049948,2,0,0.9807397127151489
5697540134,2090591961,2,0,1.25324695066098e-09
5697943978,5365378896,2,0,2.0290926840971224e-06
5700369002,3292333231,2,0,0.4453180432319641
5706976507,6113513458,2,0,0.0009966087527573109
5709863449,1497609517,2,0,6.543234287725852e-10
5710030423,7506746741,2,0,1.3675988510056247e-12
5710759196,3671879202,2,0,4.2302571168217895e-11
5711147638,6871895822,2,0,9.772462590262876e-07
5711641197,5730240854,2,0,1.4757421630193224e-12
5711641197,6232442780,2,0,4.2302571168217895e-11
5714825533,6618737705,2,0,0.0004592672921717167
5715166252,2937990707,2,0,1.0
5716163017,7461276382,2,0,1.0
5717189991,2136848625,2,0,1.0
5724794152,6425881183,2,0,1.0
5727659310,3412668714,2,0,1.0
5727659310,3541413702,2,0,0.9999998807907104
5734193765,5730240854,2,0,1.0
5734193765,5789387121,2,0,1.0
5737978475,3412668714,2,0,1.0
5746142680,7767144248,2,0,1.0
5747860842,1816029971,2,0,1.0
5756268828,2090591961,2,0,1.0
5756594539,7804300115,2,0,1.0
5756664917,7200019989,2,0,0.010285408236086369
5756946863,2090591961,2,0,5.092445562460135e-11
5759299465,5365378896,2,0,4.074821822872736e-15
5762999670,1850017837,2,0,0.0005300677730701864
5762999670,2217048775,2,0,4.0699280900199745e-15
5762999670,3051163592,2,0,9.803976581679308e-07
5762999670,3217742437,2,0,1.357203377461147e-10
5762999670,3317704373,2,0,5.373423280901355e-15
5762999670,5428423860,2,0,7.713702072284829e-17
5762999670,6065301364,2,0,9.834902670036172e-08
5762999670,6243146585,2,0,3.700076235799068e-15
5762999670,6276227682,2,0,4.270336861900148e-11
5762999670,6442235149,2,0,0.000807527918368578
5762999670,6554603444,2,0,2.5514299561990583e-09
5762999670,6788591973,2,0,7.730965000796565e-17
5762999670,7341744407,2,0,7.87298595627151e-17
5762999670,7850599876,2,0,0.0012886959593743086
5767077088,5311962099,2,0,0.0005427825963124633
5767498904,5428423860,2,0,0.0008210809319280088
5767574790,5789387121,2,0,0.00079250248381868
5774262932,5428423860,2,0,4.601728832107641e-15
5778761561,7804300115,2,0,6.427000598385746e-10
5780474806,3292333231,2,0,7.925447735953093e-17
5785269176,6065301364,2,0,0.0005337418406270444
5786722534,7912058860,2,0,6.457842594009833e-10
5789387121,5789387121,2,0,4.526982409677185e-15
5794406144,1811903663,2,0,4.885899068549039e-15
5796917481,3217742437,2,0,4.86109879088638e-15
5802016175,2090591961,2,0,7.919100944549096e-17
5803376323,5543176559,2,0,0.0008932037744671106
5807359631,5730240854,2,0,0.0005287656676955521
5817169320,1954778190,2,0,1.0936037631026352e-09
5817667427,6580670764,2,0,3.794907854626217e-08
5824562987,7612876955,2,0,3.426296757425007e-08
5824796643,1275418863,2,0,6.457842594009833e-10
5825877163,5987057408,2,0,5.542971848626621e-06
5828777107,1647256370,2,0,4.541009275283716e-15
5830301013,6788591973,2,0,1.1013593370634567e-09
5830980402,5250260756,2,0,1.955016010191102e-12
5832125986,6580670764,2,0,5.970432854433393e-15
5833155053,5789387121,2,0,5.19543089105845e-11
5833426192,5250260756,2,0,7.335378171546836e-08
5834693552,6788591973,2,0,1.3691726788792047e-12
5838388931,6276227682,2,0,1.357203377461147e-10
5839601203,1850017837,2,0,0.000468809885205701
5840157400,1316949123,2,0,3.7887293728999794e-06
5840182814,3098510521,2,0,6.569370047948553e-10
5843646637,5789387121,2,0,4.800544829003644e-15
5843677208,6558040566,2,0,4.9245390175368855e-15
5844362293,2002400427,2,0,0.0009996251901611686
5845218568,2201915244,2,0,9.421759892290886e-17
5845619215,5250260756,2,0,0.0005280654295347631
5845694399,5070705161,2,0,1.3815798411087599e-05
5846584088,6788591973,2,0,5.044963927502977e-06
5848136487,3905581452,2,0,2.392362308256679e-09
5848614059,5600540896,2,0,4.878058508072779e-15
5848966182,6554603444,2,0,0.0008332757279276848
5850773620,5531506227,2,0,0.9881209135055542
5851199591,5767049948,2,0,0.4965672492980957
5851813335,1816029971,2,0,0.0007842027116566896
5852655163,3292333231,2,0,1.1553165441079133e-16
5853492283,2136848625,2,0,3.7881031857978087e-06
5853495851,7866135934,2,0,0.0007934060413390398
5854104706,7767144248,2,0,0.0008102076244540513
5854479332,7341744407,2,0,1.856963507407272e-07
5858579111,3317704373,2,0,0.0005284243961796165
5860270463,3412668714,2,0,7.813982832305857e-17
5860541137,6124100893,2,0,0.0008307033567689359
5861523912,5789387121,2,0,6.647289940708845e-10
5861591131,7804300115,2,0,0.0011561179999262094
5863689144,2219969573,2,0,0.000995952170342207
5864533868,7734889891,2,0,0.0008964034495875239
5866117746,6276227682,2,0,1.4884892607369693e-07
5866147532,7844581127,2,0,7.713702072284829e-17
5867735185,7612876955,2,0,6.915694128473149e-10
5867735185,7893929649,2,0,3.70340888693004e-15
5868525822,7847210480,2,0,4.951437819326367e-15
5869669944,1791873284,2,0,1.3691726788792047e-12
5871604407,6420654776,2,0,3.809027049328506e-08
5872134282,3082731712,2,0,0.0008102076244540513
5872852983,6232442780,2,0,6.982894817930685e-10
5873220619,1797539504,2,0,0.0008231059182435274
5873223696,5789387121,2,0,4.738331335829571e-05
5874006003,6580670764,2,0,1.2781935232464292e-10
5876200083,7844581127,2,0,0.00022416531282942742
5878418570,7767144248,2,0,8.9817170367823e-10
5879096205,5033845034,2,0,1.3140842725078983e-07
5880821891,3412668714,2,0,5.0327894046795114e-15
5881066978,3098510521,2,0,1.3668400179051021e-12
5881608767,5767049948,2,0,6.442243405402337e-10
5885568248,7912058860,2,0,0.0008339522173628211
5885665766,6153121801,2,0,8.926229755346071e-10
5886178167,3217742437,2,0,7.868331907273041e-17
5887235582,3317704373,2,0,0.00045654320274479687
5887456944,1816029971,2,0,1.353868128717295e-10
5888366667,2002400427,2,0,0.0007829301757737994
5890465662,6232442780,2,0,0.5252983570098877
5892577411,6153121801,2,0,1.2918980329956753e-09
5893992672,1645599505,2,0,8.103455911623314e-06
5897852113,7866135934,2,0,0.00043769809417426586
5899644376,7240026510,2,0,4.1500264901276566e-15
5899793873,7757687460,2,0,0.0005300677730701864
5911776487,7946457588,2,0,9.120004404831542e-17
5915569287,6483039487,2,0,5.09663914272096e-06
5917324084,6442235149,2,0,8.103455911623314e-06
5917996083,1816029971,2,0,4.8277057874903e-15
5929941760,5250260756,2,0,1.229629447152547e-06
5931356128,7844581127,2,0,5.2518024651337925e-11
5932606090,7946457588,2,0,7.870673821023302e-17
5934581695,5926318749,2,0,3.707663533424098e-15
5936068499,2136848625,2,0,4.790593038906353e-15
5936734760,3292333231,2,0,9.851071354205487e-07
5941190242,7847210480,2,0,0.0007958898204378784
5941399699,2937990707,2,0,4.797414195230592e-15
5941399699,3217035437,2,0,4.014333535451442e-05
5942989497,6560668913,2,0,0.0007804569904692471
5943862253,7765668071,2,0,0.005797000601887703
5944541098,5428423860,2,0,0.4990866780281067
5949725740,5789387121,2,0,3.788753133449063e-08
5952970349,7850599876,2,0,9.928890904120635e-06
5954821883,6502204514,2,0,4.834524402715697e-15
5955502378,6560668913,2,0,0.0005308673135004938
5957497363,7341744407,2,0,6.447369305107031e-10
5957658596,7625326364,2,0,0.0007994176121428609
5958118164,3778125742,2,0,2.5555311200520237e-09
5958444744,5926318749,2,0,7.448961924620497e-17
5964106324,3217742437,2,0,4.912886808797982e-15
5964122679,7341744407,2,0,1.091289725252409e-08
5966495566,7804300115,2,0,2.2101752620073967e-05
5966595743,3082731712,2,0,0.0009960747556760907
5967538216,6243146585,2,0,8.136174313106692e-17
5969799768,6420654776,2,0,6.42968511765929e-10
5970338864,7847210480,2,0,7.335155107223001e-17
5972186487,5070705161,2,0,4.90475995118555e-15
5972186487,7160110296,2,0,3.82359758077655e-06
5973497632,2002400427,2,0,8.174470790234427e-17
5974277810,2219969573,2,0,7.679849209407728e-17
5974573041,1850017837,2,0,6.527739460082671e-10
5976071509,5789387121,2,0,8.832944375924967e-10
5978653037,5250260756,2,0,3.707663533424098e-15
5979153359,3082731712,2,0,9.00141714523798e-17
5979319077,5730240854,2,0,0.001135184895247221
5980090631,1554226303,2,0,3.7890004023211077e-06
5982010683,3317704373,2,0,0.0005300677730701864
5983385535,3217035437,2,0,2.6416115388866457e-12
5983385535,5730240854,2,0,4.803182489601394e-15
5984474054,3412668714,2,0,1.4774404573023037e-12
5992414008,1791873284,2,0,5.2034640485310035e-11
5993578282,5250260756,2,0,0.0007854339783079922
5995908234,6272876985,2,0,8.105457709461916e-06
5997339059,6276227682,2,0,3.346341327414848e-05
5998318099,7866135934,2,0,3.545907924923375e-12
5999392924,9165329829,2,0,7.520351630319055e-08
6000741093,1954778190,2,0,7.454021622991361e-17
6008902197,7767144248,2,0,4.896907955764503e-15
6008980086,7188930130,2,0,0.0007914745365269482
6011540541,3217742437,2,0,1.3516775199118314e-10
6011594103,7850599876,2,0,1.4972513895372686e-07
6012868747,2008062861,2,0,3.707663533424098e-15
6012976332,7866135934,2,0,9.485953078291941e-17
6013757222,5789387121,2,0,9.577963737683604e-07
6015118020,5407978252,2,0,9.698641179056722e-07
6015771820,6243146585,2,0,5.3454844106681776e-08
6015883245,7200019989,2,0,0.000652282265946269
6015911202,5531506227,2,0,7.476005436695061e-17
6019443304,7847210480,2,0,8.742151447194146e-10
6020067335,6560668913,2,0,0.0004699449345935136
6022538330,2201915244,2,0,6.424559614970349e-06
6022538330,5428423860,2,0,1.3428609613175269e-10
6023319559,2217066377,2,0,5.092445562460135e-11
6025743401,5939204645,2,0,0.0012927302159368992
6026418121,6243146585,2,0,0.0004722003941424191
6027928294,7847210480,2,0,1.6980192208901346e-12
6031413700,3292333231,2,0,3.4803658621740396e-08
6033656950,5955730111,2,0,2.5455775265470493e-09
6033945447,3217742437,2,0,0.0005300677730701864
6034458929,6124100893,2,0,6.915694128473149e-10
6035810285,7804300115,2,0,3.456391794998126e-08
6036587429,7804300115,2,0,4.06665634055791e-14
6037114441,7506746741,2,0,9.189639777518706e-17
6039396026,7893929649,2,0,4.113177592306779e-15
6040619624,2909406375,2,0,3.9908458753391135e-14
6042593842,7188930130,2,0,0.00026876735500991344
6042848812,1188472987,2,0,0.0008890756289474666
6045628829,2891416631,2,0,0.00046032408135943115
6046864637,6001863056,2,0,1.3297168921511116e-10
6047331876,5311962099,2,0,1.2784854772074361e-11
6047942160,7612876955,2,0,1.2761423862084342e-10
6048249860,1188472987,2,0,1.3695096489144132e-12
6052110532,6425881183,2,0,0.000461806746898219
6054638721,2201915244,2,0,1.5013692689080926e-07
6055396394,5730240854,2,0,6.238279866010998e-07
6056810348,5789387121,2,0,6.175789053486369e-07
6057493119,6153121801,2,0,0.0005308673135004938
6058433126,2201915244,2,0,3.710180600247082e-12
6065238581,3217742437,2,0,0.0011700330069288611
6065250621,7850599876,2,0,1.3089224637496955e-07
6065305919,5428423860,2,0,7.233785481730592e-08
6067347236,3217742437,2,0,7.537630392330261e-17
6067391403,1297975973,2,0,7.47614837350491e-17
6067942677,3098510521,2,0,0.0005279483739286661
6069779399,5365378896,2,0,0.000473631895147264
6071245333,1195908387,2,0,7.443366213212698e-17
6074231828,1816029971,2,0,7.43184722687453e-17
6075899843,7240026510,2,0,6.554425890925586e-10
6078420970,1816029971,2,0,4.068531332689952e-15
6079322081,5365378896,2,0,4.911331052426249e-05
6081160242,5955730111,2,0,0.0007806866778992116
6084227841,6153121801,2,0,1.0216958798991982e-06
6084227841,7767144248,2,0,0.0016579977236688137
6084775524,5789387121,2,0,6.915694128473149e-10
6086668009,6788591973,2,0,7.273784063954736e-08
6086668009,7804300115,2,0,4.862601003818336e-15
6087061776,6483039487,2,0,7.267986745773669e-08
6089135424,5767049948,2,0,1.3285203492863218e-10
6090527688,2909406375,2,0,4.1845384240470594e-15
6093705327,2909406375,2,0,0.00041885938844643533
6094352102,5789387121,2,0,6.538319330395836e-10
6094748382,1188472987,2,0,0.00047917873598635197
6095398627,1554226303,2,0,0.037682101130485535
6095768801,1554226303,2,0,0.0004743786412291229
6098321098,7767144248,2,0,0.0008339522173628211
6098865380,5428423860,2,0,1.5025884181341098e-07
6098910513,7866135934,2,0,3.85950968961879e-08
6099762425,7847210480,2,0,0.0008359405328519642
6103990879,6618737705,2,0,6.528212970202674e-10
6105414873,6232442780,2,0,7.330260183230158e-17
6108275308,6153121801,2,0,5.273272790651262e-11
6109841985,5767049948,2,0,3.716583464596912e-12
6110450262,6276227682,2,0,0.49503839015960693
6112997119,5767049948,2,0,8.751646319682898e-17
6114861094,1195908387,2,0,7.712682418059558e-05
6116297971,5428423860,2,0,5.056866484665079e-06
6116624314,1917488115,2,0,1.3436463313504232e-12
6120258046,7767144248,2,0,7.539118218602425e-10
6120662293,6153121801,2,0,6.427000598385746e-10
6120662293,7506746741,2,0,0.0004379866295494139
6120662293,7767144248,2,0,8.149220605727878e-17
6120886333,7844581127,2,0,0.0004725772305391729
6121945370,5955730111,2,0,0.00010681683488655835
6123208888,2002400427,2,0,3.8334139418338964e-08
6124126982,7844581127,2,0,4.541009275283716e-15
6124288905,7767144248,2,0,0.00046111122355796397
6124440234,6272876985,2,0,8.90314147102178e-17
6124704701,3778125742,2,0,4.0794841993374575e-07
6125838276,6243146585,2,0,8.551132445244123e-17
6125838276,6437735703,2,0,4.548377191375408e-15
6126717712,6113513458,2,0,0.00045936935930512846
6128111861,7760290512,2,0,2.64678600217505e-12
6128660215,2219969573,2,0,3.780387203278224e-08
6130797500,3217035437,2,0,8.066024103206275e-17
6134563997,2427613143,2,0,3.545907924923375e-12
6137058313,5250260756,2,0,0.00412080017849803
6137109045,7765668071,2,0,4.771661429018746e-15
6137694124,9165329829,2,0,0.00022318704577628523
6137827265,1188472987,2,0,1.1013593370634567e-09
6138018794,5226302309,2,0,0.0008051851182244718
6140103743,2002400427,2,0,0.0008890756289474666
6140728494,6788591973,2,0,8.915509996931803e-10
6141121645,5365378896,2,0,0.0004401817568577826
6142450995,1719397245,2,0,1.0249867727907258e-06
6144145181,2201915244,2,0,0.00010642647976055741
6146790366,6113513458,2,0,4.19758442550067e-15
6148461329,6788591973,2,0,0.0007973889587447047
6148530103,5365378896,2,0,1.2786810499321177e-10
6152251617,5407978252,2,0,1.283764067272486e-10
6152283206,2002400427,2,0,6.42968511765929e-10
6152327584,1041705884,2,0,6.557987486388583e-10
6154865031,5428423860,2,0,0.0008043416310101748
6154865031,6420654776,2,0,2.6385801096123762e-12
6156240739,3051163592,2,0,1.3159278466901014e-07
6156597813,7757687460,2,0,1.3396171671953283e-10
6157025174,3905581452,2,0,0.057069770991802216
6157526046,3082731712,2,0,5.800229246233357e-06
6158871758,3098510521,2,0,4.526654184410124e-15
6159907383,7946457588,2,0,1.7948957975022495e-05
6166627165,3847642518,2,0,6.93665958007017e-10
6169068936,6618737705,2,0,8.53281998997118e-17
6169768484,5226302309,2,0,7.42326175386072e-17
6174051169,5428423860,2,0,7.954766987328912e-17
6175234890,1647256370,2,0,3.736633669149114e-09
6175635733,7380722614,2,0,9.65241270023398e-07
6179345503,7380722614,2,0,1.3718520677080681e-12
6179753889,5250260756,2,0,3.707663533424098e-15
6179930798,5250260756,2,0,0.0004628374008461833
6183449684,1645599505,2,0,8.158645170755062e-17
6184963516,5407978252,2,0,1.3448307138036464e-12
6186387394,6483039487,2,0,7.443366213212698e-17
6193913198,6001863056,2,0,6.251949002944457e-07
6198853428,2891416631,2,0,6.149142564026988e-07
6198853428,5250260756,2,0,3.502267986732477e-08
6199523389,6788591973,2,0,5.0889886055172084e-11
6201206132,1297975973,2,0,7.358416749536973e-17
6203506040,6153121801,2,0,5.302587396727176e-06
6205989849,6113513458,2,0,5.35310719566146e-15
6207770619,6272876985,2,0,4.541009275283716e-15
6210221613,1316949123,2,0,1.357203377461147e-10
6213369701,3217035437,2,0,4.081122053934414e-15
6216067048,7804300115,2,0,0.0009960747556760907
6216744881,1816029971,2,0,6.603540492200466e-10
6219713128,3217742437,2,0,2.5455775265470493e-09
6226325896,5365378896,2,0,2.387129605097016e-09
6227273439,6871895822,2,0,4.0877594041090985e-15
6230692465,3217035437,2,0,9.630913382352446e-07
6240623705,1554226303,2,0,3.777057244747084e-08
6242369268,3543420821,2,0,7.513246964663267e-05
6242369268,7767144248,2,0,1.2816966932227558e-10
6242587462,2201915244,2,0,0.0004162896075285971
6242882251,5311962099,2,0,6.486148285134163e-10
6243491180,6272876985,2,0,7.322769897347367e-17
6243550649,1497609517,2,0,4.8196826914139075e-15
6245021138,6065301364,2,0,7.351934962257007e-17
6246400104,6788591973,2,0,9.698641179056722e-07
6246470049,3292333231,2,0,7.87298595627151e-17
6247338562,5428423860,2,0,5.4635502237943e-06
6248745007,3412668714,2,0,1.3478069571873363e-12
6250516046,7767144248,2,0,3.738496803253576e-15
6260928891,5730240854,2,0,5.356641017117405e-15
6261492132,7734889891,2,0,8.749858060319582e-10
6265177214,5428423860,2,0,2.3858004460919346e-09
6269105454,7804300115,2,0,7.800967641675703e-17
6272498050,2002400427,2,0,1.3718520677080681e-12
6274959982,7760290512,2,0,3.7767833305224485e-08
6275659691,7380722614,2,0,7.344927088107458e-17
6276709484,6437735703,2,0,7.552021349755214e-17
6277685000,5250260756,2,0,9.607622359908419e-07
6278236541,2560497310,2,0,8.16203793475551e-17
6283616615,7341744407,2,0,6.527739460082671e-10
6285933371,3973292213,2,0,4.145295387600768e-15
6289102385,7804300115,2,0,4.8992995532910755e-15
6293602136,6580670764,2,0,0.00022401742171496153
6294239826,5070705161,2,0,0.9999992847442627
6296409557,3217035437,2,0,0.9999958276748657
6296595060,3217742437,2,0,0.9835798144340515
6296676967,6065301364,2,0,0.9935024380683899
6298547794,7188930130,2,0,0.9999994039535522
6299576043,7734889891,2,0,0.9835520386695862
6300132860,7912058860,2,0,4.744272618669278e-15
6300234639,1816029971,2,0,0.0008166498737409711
6302877294,2002400427,2,0,0.0007967964047566056
6303169891,2560497310,2,0,7.344927088107458e-17
6303741708,2018925253,2,0,6.018163958287914e-07
6304852312,7804300115,2,0,0.001134377089329064
6306243419,6871895822,2,0,4.0778851175264814e-15
6311814559,7767144248,2,0,1.7013421921285854e-12
6311847543,5428423860,2,0,1.367572830153485e-12
6312726041,6243146585,2,0,4.3860799188574426e-14
6313755319,7757687460,2,0,0.0008346305112354457
6313972943,2427613143,2,0,7.814937067860498e-17
6313972943,3543420821,2,0,8.590936989572029e-11
6313972943,5250260756,2,0,7.330260183230158e-17
6313972943,6153121801,2,0,0.0008154897950589657
6313972943,6523666955,2,0,7.316068410896708e-17
6313972943,7767144248,2,0,1.3419083899623985e-10
6314231582,7341744407,2,0,1.0946472617234804e-09
6314571178,1875293522,2,0,4.470097962894215e-07
6317004422,1647256370,2,0,2.5576083473310973e-09
6326658563,2560497310,2,0,7.45493152166517e-17
6328108045,5250260756,2,0,0.0008210978121496737
6328108045,7804300115,2,0,1.3305768986615618e-10
6330827582,5428423860,2,0,8.161851322809318e-17
6330967556,6425881183,2,0,5.064341621618951e-06
6332254638,1816029971,2,0,1.0216958798991982e-06
6335110770,5428423860,2,0,0.0008081511477939785
6336142326,7844581127,2,0,5.064341621618951e-06
6336727393,6580670764,2,0,1.2816966932227558e-10
6338374206,5020552519,2,0,5.019119563460248e-15
6338426400,6272876985,2,0,3.0507287807068906e-09
6341263455,1645599505,2,0,3.0507170123428295e-09
6343545114,3973292213,2,0,1.277157823942332e-10
6344687667,6001863056,2,0,4.0699280900199745e-15
6345424036,6558040566,2,0,0.0007934060413390398
6345571067,2002400427,2,0,0.0007829301757737994
6346618705,5730240854,2,0,1.3718520677080681e-12
6351430957,5939204645,2,0,7.345851545160047e-17
6351929548,5987057408,2,0,1.4774404573023037e-12
6352030937,1195908387,2,0,2.3849768826522677e-09
6352947134,9165329829,2,0,9.586599389876937e-07
6353318165,6502204514,2,0,1.4774404573023037e-12
6354405994,6618737705,2,0,4.0877594041090985e-15
6355773988,1875293522,2,0,7.454562268239726e-17
6356018956,6502204514,2,0,3.4920455505016434e-07
6356088287,7380722614,2,0,7.364762879196479e-17
6357461165,2217048775,2,0,5.038840608054696e-15
6358868863,3217742437,2,0,6.421560505565083e-10
6358868863,6065301364,2,0,3.513280262268381e-07
6360182812,7240026510,2,0,1.3448564093951343e-12
6362494295,5428423860,2,0,2.190679495445158e-12
6364508255,3082731712,2,0,0.0007829301757737994
6367253711,7847210480,2,0,8.513377275109243e-17
6369592839,1816029971,2,0,4.531059602768794e-15
6371421716,6441657735,2,0,0.0005320520722307265
6371440832,7200019989,2,0,1.2389721177896718e-06
6371480339,7734889891,2,0,4.2329851429601106e-11
6372503241,7804300115,2,0,0.000799482804723084
6375215321,7200019989,2,0,4.081122053934414e-15
6375864476,5428423860,2,0,0.000823288457468152
6375869841,6304429250,2,0,6.438648597395513e-06
6376536223,3671879202,2,0,0.00053681485587731
6380309035,2560497310,2,0,0.00041510487790219486
6382465960,6442235149,2,0,5.262963329033532e-11
6383834626,6523666955,2,0,2.3855046826781745e-09
6384094120,3671879202,2,0,6.393074958310763e-11
6387270897,3217035437,2,0,3.7948659610265167e-06
6388881237,3541413702,2,0,7.328386784578847e-17
6389972929,7847210480,2,0,6.408812369684824e-11
6398285228,2705589884,2,0,1.955016010191102e-12
6399001588,6788591973,2,0,6.457842594009833e-10
6405574504,5789387121,2,0,2.3849768826522677e-09
6408628409,7625326364,2,0,3.616734516043163e-12
6409662397,2090591961,2,0,0.004203107673674822
6414483665,5543176559,2,0,1.3490389361159316e-12
6414754851,5428423860,2,0,5.031042822742273e-15
6417288728,1875293522,2,0,7.606898496825452e-17
6417311813,2891416631,2,0,6.427356424865138e-10
6420654776,6420654776,2,0,6.018163958287914e-07
6422226540,6420654776,2,0,0.00011108750913990662
6422789400,7160110296,2,0,9.59278963819088e-07
6424107124,3778125742,2,0,1.274630266802644e-16
6429908791,7734889891,2,0,5.256923715779571e-11
6431363980,1737850362,2,0,1.1402244022213118e-16
6435458408,7866135934,2,0,0.00010681683488655835
6436432521,6304429250,2,0,1.8326741724195017e-07
6439839435,1737850362,2,0,1.276704714170407e-10
6441513845,5600540896,2,0,4.081122053934414e-15
6443251295,5250260756,2,0,3.435720330458025e-08
6443411459,7734889891,2,0,1.3419083899623985e-10
6443590529,5428423860,2,0,7.663051487272492e-17
6443590529,6420654776,2,0,6.427466336944576e-10
6444938272,3217035437,2,0,4.068236565224308e-15
6445546177,6442235149,2,0,9.46643227758018e-17
6447802185,2018925253,2,0,0.000995952170342207
6448067294,6523666955,2,0,7.468879110281794e-17
6450068750,5250260756,2,0,8.577036303414332e-11
6450068750,6483039487,2,0,1.4566307982022408e-07
6451523958,7804300115,2,0,1.3718520677080681e-12
6452194854,1719397245,2,0,8.926229755346071e-10
6455278087,3778125742,2,0,9.577269111105124e-07
6455887120,1316949123,2,0,1.3516775199118314e-10
6456559730,5226302309,2,0,1.3051717928647122e-07
6457397933,1797539504,2,0,7.211551162650427e-17
6457644489,7380722614,2,0,7.36914693644301e-17
6458386250,5428423860,2,0,1.242040980287129e-06
6458845374,2201915244,2,0,0.014853541739284992
6459732362,6001863056,2,0,0.9998756647109985
6461156578,1954778190,2,0,0.9998564720153809
6461774513,5250260756,2,0,1.792355760699138e-05
6461986372,5428423860,2,0,4.091020057439554e-15
6463337564,6124100893,2,0,5.0725493565551005e-06
6466297414,3412668714,2,0,0.0004592672921717167
6468142897,2909406375,2,0,1.0225069217995042e-06
6470849523,5020552519,2,0,1.3516775199118314e-10
6471995081,1811903663,2,0,9.580082860338734e-07
6472974847,1816029971,2,0,0.0008015547646209598
6474091695,7946457588,2,0,5.192082874749815e-11
6474567854,7804300115,2,0,0.00034722129930742085
6476287452,3292333231,2,0,0.00031687947921454906
6476475475,6483039487,2,0,4.4607966951347444e-14
6476663717,3973292213,2,0,4.7887659888391255e-15
6478270106,6441657735,2,0,0.0007929808925837278
6478296291,7625326364,2,0,1.4774404573023037e-12
6478381694,1811903663,2,0,2.370527774075981e-09
6478381694,2219969573,2,0,4.115469239945576e-15
6478381694,6502204514,2,0,3.4492728673285455e-08
6478740616,1297975973,2,0,7.342349593318743e-17
6478883823,5428423860,2,0,0.00043592831934802234
6480425540,6502204514,2,0,9.708033985589282e-07
6481122076,5365378896,2,0,0.0010943689849227667
6481714157,6618737705,2,0,0.003942729905247688
6482346104,3292333231,2,0,0.0007989115547388792
6483309777,7804300115,2,0,7.893374965754207e-17
6484237577,5543176559,2,0,4.0721180937051005e-15
6484635189,5531506227,2,0,0.0002266481169499457
6484871353,2002400427,2,0,0.0008040901157073677
6484871353,2201915244,2,0,7.04557301389741e-10
6484901896,5428423860,2,0,1.961095999133966e-12
6485104230,7341744407,2,0,2.38494046733706e-09
6485135074,3082731712,2,0,5.5128698477346916e-06
6487786517,7200019989,2,0,1.1013593370634567e-09
6488535487,7461276382,2,0,1.376310501655098e-05
6488790498,5428423860,2,0,5.186258931644261e-06
6490386317,2201915244,2,0,5.372742634790484e-06
6493599725,6304429250,2,0,1.3490389361159316e-12
6494101136,3847642518,2,0,0.0007805132190696895
6495291341,7804300115,2,0,3.494347424748412e-07
6495956394,7804300115,2,0,8.041691758307415e-17
6495956394,7866135934,2,0,3.695641862577759e-05
6498096705,5543176559,2,0,3.3726995752658695e-05
6498488519,6580670764,2,0,0.0005513594951480627
6499417936,5428423860,2,0,2.373667706834226e-09
6499886509,7757687460,2,0,9.189639777518706e-17
6501435323,5543176559,2,0,5.08451694258838e-06
6502847479,6153121801,2,0,0.000652282265946269
6504034181,5600540896,2,0,4.338049084989977e-14
6505442645,7461276382,2,0,3.86708916266798e-06
6506720881,5070705161,2,0,3.7767833305224485e-08
6506872161,3905581452,2,0,0.0008044575224630535
6510330260,7804300115,2,0,1.1086318352226954e-07
6514492322,6502204514,2,0,0.9685584306716919
6516655185,1497609517,2,0,2.3945534444180794e-09
6517592900,3217035437,2,0,3.7576930481009185e-05
6517929707,7847210480,2,0,1.386165813209439e-12
6518136011,3671879202,2,0,1.0970697683632125e-09
6520148350,1041705884,2,0,0.0005300677730701864
6520466508,2002400427,2,0,9.597622465662425e-07
6520466508,2201915244,2,0,0.4957139194011688
6520649510,5972505998,2,0,0.4950832426548004
6521767558,7461276382,2,0,5.046631617103541e-15
6522321411,7850599876,2,0,4.081122053934414e-15
6523198152,6502204514,2,0,3.8007333387213293e-06
6523329535,7893929649,2,0,0.00047014106530696154
6530939618,5428423860,2,0,1.6980192208901346e-12
6532009767,6420654776,2,0,0.00044144163257442415
6534526224,2002400427,2,0,0.03774009272456169
6536752832,5543176559,2,0,2.406751686834241e-09
6541815589,1195908387,2,0,0.00014381778601091355
6541815589,7847210480,2,0,7.575392179910042e-17
6549772226,7734889891,2,0,1.3490389361159316e-12
6553990368,1297975973,2,0,8.053081042725535e-17
6556190979,1816029971,2,0,7.357770886914691e-17
6556657694,6558040566,2,0,8.02508197160735e-17
6559055428,5789387121,2,0,3.425878603025012e-08
6560093474,7804300115,2,0,0.00042436120565980673
6561223167,1188472987,2,0,3.7887293728999794e-06
6561223167,1917488115,2,0,4.5285540793108155e-15
6563650638,6442235149,2,0,5.294133881283969e-11
6568878143,5428423860,2,0,5.108282893906413e-11
6569810465,7866135934,2,0,8.149220605727878e-17
6569925002,1188472987,2,0,8.342626074409054e-07
6571966934,6425881183,2,0,4.5733319353757906e-08
6572599385,7506746741,2,0,8.50473398372742e-08
6572599385,7866135934,2,0,4.914948910508072e-15
6572784019,7734889891,2,0,3.7977190459059784e-06
6572850998,7804300115,2,0,0.0005513185751624405
6573938570,5939204645,2,0,0.0007973889587447047
6574690140,3217035437,2,0,7.26208426726771e-08
6576984362,1041705884,2,0,8.784793317317963e-05
6577239964,6441657735,2,0,8.916528895497322e-05
6577430644,1821525001,2,0,5.124423122979376e-15
6579969498,2201915244,2,0,7.26208426726771e-08
6580786502,7160110296,2,0,5.300757038639858e-06
6585653692,7866135934,2,0,9.00516063381815e-17
6585990740,6788591973,2,0,8.113115826351164e-17
6586873489,5531506227,2,0,4.188674909444976e-15
6588120898,5311962099,2,0,5.1981683100166265e-06
6590518425,9165329829,2,0,0.009798434562981129
6596460896,6837278495,2,0,8.053081042725535e-17
6596460896,6839422251,2,0,6.693421927828069e-10
6599454226,3829981184,2,0,7.975489516034591e-17
6602595794,3317704373,2,0,0.000819278706330806
6603247892,7866135934,2,0,9.399467043910337e-17
6603690009,2937990707,2,0,5.373423280901355e-15
6604114176,1647256370,2,0,3.8760881575792064e-14
6607304247,5767049948,2,0,0.2500964403152466
6607593762,1811903663,2,0,7.44976915711959e-08
6607593762,3829981184,2,0,7.965911426285717e-17
6607882366,6442235149,2,0,4.526982409677185e-15
6609148922,5767049948,2,0,7.924419385015567e-17
6610426151,1497609517,2,0,0.0004211200284771621
6611870876,7850599876,2,0,0.0009966087527573109
6612394647,1041705884,2,0,6.528212970202674e-10
6613325275,5428423860,2,0,3.8695510961054766e-14
6613929574,7767144248,2,0,0.49548980593681335
6613929574,7804300115,2,0,6.433255039794972e-10
6614069511,1041705884,2,0,0.0011320712510496378
6614528596,7767144248,2,0,8.519939795216994e-17
6614541969,1821525001,2,0,0.002761435927823186
6614830196,1875293522,2,0,6.889362968998114e-10
6615605106,6124100893,2,0,2.752731853225554e-12
6617567886,6065301364,2,0,0.0008181132725439966
6618900848,6304429250,2,0,7.498827018923154e-17
6618900848,7757687460,2,0,6.3885850067890715e-06
6619383698,2217066377,2,0,6.559078280510278e-10
6619800953,1821525001,2,0,1.0641736549312029e-15
6620340779,6788591973,2,0,1.2252619399077957e-06
6623716262,5926318749,2,0,4.0721180937051005e-15
6627837181,7160110296,2,0,4.840041975334112e-15
6632866084,3412668714,2,0,2.5653619228904745e-09
6633813429,7767144248,2,0,6.548428466146561e-10
6636351939,3973292213,2,0,8.292304869428335e-07
6636351939,7467277921,2,0,4.545746534745376e-08
6638891509,5250260756,2,0,8.479377504955353e-17
6642282537,2008062861,2,0,1.337719934824122e-10
6642351307,2705589884,2,0,0.0006506795762106776
6642539688,7804300115,2,0,9.042586255196989e-17
6643207912,6153121801,2,0,0.0012887223856523633
6643222037,5574911608,2,0,4.084439458472335e-15
6646212653,6232442780,2,0,7.437653826158908e-10
6652974634,6304429250,2,0,3.70340888693004e-15
6656550305,2891416631,2,0,2.3699988638270497e-09
6659388600,7767144248,2,0,0.0005513185751624405
6660147759,6113513458,2,0,7.344927088107458e-17
6660781013,7625326364,2,0,2.5514299561990583e-09
6661341602,5428423860,2,0,1.3490389361159316e-12
6663009101,6276227682,2,0,6.225692459338461e-07
6666495820,5730240854,2,0,6.123318030404334e-07
6670777250,7767144248,2,0,8.498872497632003e-17
6675318855,6837278495,2,0,1.9153988117803777e-10
6675318855,6839422251,2,0,1.3718520677080681e-12
6679192530,6113513458,2,0,0.0008094006334431469
6686137325,6001863056,2,0,3.340605569945865e-11
6688981686,7893929649,2,0,0.03795434534549713
6694550947,1719397245,2,0,2.373667706834226e-09
6697027127,7612876955,2,0,1.3718520677080681e-12
6703271307,5428423860,2,0,7.871634674022843e-17
6705887337,2427613143,2,0,4.840041975334112e-15
6707713335,3217742437,2,0,6.456847556624012e-11
6710581900,7461276382,2,0,1.2802528481792308e-10
6721667739,2937990707,2,0,7.713702072284829e-17
6739225264,2560497310,2,0,2.388669040342961e-09
6744311747,5730240854,2,0,7.299843929331473e-08
6744905755,3217035437,2,0,2.1815517521502737e-16
6746001413,3543420821,2,0,1.8288995988768875e-06
6746001413,7767144248,2,0,1.2786810499321177e-10
6746169331,6113513458,2,0,1.474307329864255e-12
6748667139,6001863056,2,0,6.452597900441503e-10
6754082660,1816029971,2,0,3.707663533424098e-15
6754456403,1875293522,2,0,6.445487199524536e-11
6762134101,6788591973,2,0,1.2915649660882877e-09
6762134101,7866135934,2,0,0.00574156828224659
6764352067,7461276382,2,0,0.4989388585090637
6776655367,1816029971,2,0,5.3406743916184496e-08
6780580379,5926318749,2,0,9.015988097164224e-17
6784934739,6276227682,2,0,0.00010681683488655835
6786220966,1737850362,2,0,5.052763754065381e-06
6791173024,7240026510,2,0,5.064708602731116e-06
6795686490,7912058860,2,0,0.0008236513822339475
6802378376,7734889891,2,0,0.0004592672921717167
6807262165,5767049948,2,0,7.312692852253001e-17
6807263453,1316949123,2,0,0.0007860180921852589
6813655343,6618737705,2,0,4.797414195230592e-15
6825590951,7380722614,2,0,8.21257139099311e-17
6832365345,7200019989,2,0,6.893805526431152e-10
6834351860,5250260756,2,0,0.0009997286833822727
6835357110,3217742437,2,0,2.18388761935584e-12
6838053383,6839422251,2,0,4.102960257380524e-15
6839427905,6837278495,2,0,1.9591331595208983e-12
6839600660,5070705161,2,0,3.8022837998141767e-06
6839600660,5972505998,2,0,7.352860742798576e-17
6850291428,7506746741,2,0,8.15923677032916e-17
6857122027,7850599876,2,0,5.104076535644708e-06
6858873223,5226302309,2,0,7.410416631564506e-17
6863572591,2219969573,2,0,4.951437819326367e-15
6868700467,6502204514,2,0,1.0988293726934021e-16
6871895822,6871895822,2,0,9.728729537528125e-07
6878811189,5987057408,2,0,9.659042916609906e-07
6880373971,5365378896,2,0,7.43309461523826e-17
6886079831,6304429250,2,0,0.00047513615572825074
6890984443,7847210480,2,0,1.4774404573023037e-12
6895289962,6243146585,2,0,5.056866484665079e-06
6898195019,9165329829,2,0,7.273784063954736e-08
6898558046,6153121801,2,0,0.0008969716727733612
6902066598,3412668714,2,0,0.0008000319357961416
6910754286,3541413702,2,0,5.038840608054696e-15
6915113262,5428423860,2,0,7.954766987328912e-17
6926278145,5574911608,2,0,7.987821124606531e-17
6927285178,6420654776,2,0,3.7967438402120024e-06
6930156962,6441657735,2,0,0.0007829301757737994
6934375549,6871895822,2,0,8.749858060319582e-10
6960351193,6502204514,2,0,0.00043799562263302505
6964621326,6304429250,2,0,6.337284617075056e-07
6966606731,3317704373,2,0,0.001174915349110961
6973960303,1954778190,2,0,5.088649686513236e-06
6979349835,7804300115,2,0,3.4455741211580904e-12
6979851760,7804300115,2,0,3.5439140229180655e-14
6981458823,6272876985,2,0,7.539557392285265e-17
6982878899,1188472987,2,0,0.0007964543765410781
6985562762,7200019989,2,0,9.615423550712876e-07
6987335786,2219969573,2,0,7.25618534147543e-08
6988372508,5767049948,2,0,9.583513982391878e-10
6990305140,3098510521,2,0,0.7790372371673584
6991873630,5543176559,2,0,0.7109619975090027
6992181225,6442235149,2,0,7.533611068311075e-08
6992593942,1316949123,2,0,7.748626740244902e-10
6996037293,1821525001,2,0,7.679849209407728e-17
7001132329,6420654776,2,0,3.82653233543806e-08
7002091839,7847210480,2,0,0.0007823088089935482
7006537516,7188930130,2,0,0.0004203353892080486
7007336873,7765668071,2,0,7.576172376663802e-17
7010682405,6523666955,2,0,0.0008009395678527653
7010682405,7804300115,2,0,0.0008238648879341781
7015724069,6502204514,2,0,1.9555529071069166e-12
7019520733,5428423860,2,0,3.4455810600519943e-12
7019520733,7850599876,2,0,0.008207536302506924
7025526778,1554226303,2,0,7.495462341466919e-05
7025551829,3082731712,2,0,8.131644010327861e-17
7025983407,7804300115,2,0,9.803345335512859e-08
7027738944,5767049948,2,0,2.7836719474622074e-12
7032391915,3543420821,2,0,1.5928135546627864e-11
7034095279,2002400427,2,0,0.0011570097412914038
7034095279,2201915244,2,0,7.3044681414558e-08
7034095279,5428423860,2,0,1.4774404573023037e-12
7034095279,7850599876,2,0,7.330260183230158e-17
7034875411,1954778190,2,0,8.047031374597567e-17
7039369410,2002400427,2,0,3.7787979181302944e-06
7042081233,7847210480,2,0,0.00048077222891151905
7046928643,7160110296,2,0,1.3684834515581557e-12
7053735761,2018925253,2,0,1.4757421630193224e-12
7058928949,3082731712,2,0,5.058870819674892e-15
7061992515,1917488115,2,0,5.983132419411577e-15
7066212035,5574911608,2,0,2.190679495445158e-12
7069545912,3217742437,2,0,8.649224816236582e-17
7069545912,6560668913,2,0,1.8301066972981062e-07
7083698859,7760290512,2,0,1.0936037631026352e-09
7089887695,1041705884,2,0,4.431441436025807e-09
7093682308,1811903663,2,0,7.408579628860148e-17
7097522993,5574911608,2,0,3.424872474511176e-08
7101742696,3217035437,2,0,1.6949161258522638e-12
7106057149,5033845034,2,0,1.961095999133966e-12
7107032825,5767049948,2,0,7.442511673616536e-08
7107179748,7200019989,2,0,2.384804131949636e-09
7112011079,6272876985,2,0,7.23389628884569e-17
7113226758,1041705884,2,0,8.161042009297996e-17
7119567247,6420654776,2,0,9.693666243038024e-07
7123441373,1188472987,2,0,1.3078830818358256e-07
7125675440,1816029971,2,0,3.82653233543806e-08
7126080859,7200019989,2,0,7.23389628884569e-17
7149175323,6442235149,2,0,0.0004393577401060611
7156911488,6554603444,2,0,2.5555311200520237e-09
7168699288,3541413702,2,0,5.1199395417755866e-11
7171066659,6113513458,2,0,6.635989535652698e-10
7172014689,1797539504,2,0,1.3490389361159316e-12
7180839735,6558040566,2,0,3.82653233543806e-08
7185176312,7461276382,2,0,3.7881031857978087e-06
7185765833,6441657735,2,0,5.110954134579515e-06
7185998502,2201915244,2,0,1.6980192208901346e-12
7188667164,6425881183,2,0,4.0778851175264814e-15
7190894435,5600540896,2,0,4.152243175350621e-15
7192800349,2217066377,2,0,2.5576083473310973e-09
7194773256,7734889891,2,0,0.0007817214936949313
7198019672,3973292213,2,0,9.736089623402222e-07
7200019989,7200019989,2,0,6.527739460082671e-10
7207045288,6871895822,2,0,2.5514299561990583e-09
7207742336,7804300115,2,0,6.898988047510102e-10
7209915377,6483039487,2,0,7.257030214473083e-17
7209976143,2002400427,2,0,0.00010655444202711806
7210847546,3973292213,2,0,3.315160938655026e-05
7211148835,7765668071,2,0,5.070153722048793e-15
7212356144,5730240854,2,0,0.00161801150534302
7213001610,5311962099,2,0,7.31318081648169e-08
7214862704,7767144248,2,0,7.372183681907815e-17
7215435780,3217035437,2,0,0.00046068968367762864
7215453518,2002400427,2,0,1.273215144426132e-10
7215575653,6420654776,2,0,1.357203377461147e-10
7217985577,6502204514,2,0,6.289888574428915e-07
7229965075,6425881183,2,0,3.697817226033795e-12
7231141839,5428423860,2,0,6.441445155047631e-10
7237042134,5428423860,2,0,8.030594303209403e-17
7238416666,5730240854,2,0,9.724871006255853e-07
7240124041,7847210480,2,0,1.9568849578960323e-12
7244689731,7804300115,2,0,6.436336463799819e-10
7246153446,7767144248,2,0,3.7233963233863996e-15
7247843906,5730240854,2,0,0.0007958898204378784
7250334348,6153121801,2,0,4.82475980689975e-15
7257086274,3973292213,2,0,7.284808134500054e-08
7257223953,5226302309,2,0,3.494939754267179e-11
7257689338,6502204514,2,0,3.594681247543613e-13
7261514048,6442235149,2,0,7.729726215111206e-17
7270732565,7847210480,2,0,1.4757421630193224e-12
7271506780,5767049948,2,0,1.3583909387951398e-12
7271800506,6304429250,2,0,7.517615930228928e-17
7272093353,5365378896,2,0,0.0008248933590948582
7272747082,7240026510,2,0,0.0004163903067819774
7274195852,3292333231,2,0,8.181084264667911e-17
7275729663,3543420821,2,0,7.48659334853574e-17
7275729663,6788591973,2,0,0.00043756933882832527
7277231700,6523666955,2,0,9.586599389876937e-07
7278172326,1821525001,2,0,3.788753133449063e-08
7278732469,7804300115,2,0,5.435289040178759e-06
7278763128,5574911608,2,0,4.0721180937051005e-15
7279464528,6523666955,2,0,8.474042520876631e-17
7279598013,3217742437,2,0,1.3855551905458952e-12
7279794880,3082731712,2,0,3.7729571431555087e-06
7279945706,6276227682,2,0,4.865940854729359e-15
7280330258,5767049948,2,0,7.344927088107458e-17
7280338093,5428423860,2,0,0.00042112762457691133
7280338093,7850599876,2,0,1.3284240374389356e-10
7282938712,7912058860,2,0,3.432995399066385e-08
7283695912,7200019989,2,0,5.031042822742273e-15
7284042601,3217035437,2,0,0.0007886186358518898
7284126993,1554226303,2,0,1.3718520677080681e-12
7284242348,5987057408,2,0,1.7013421921285854e-12
7284590309,7160110296,2,0,0.00010642647976055741
7285472863,9165329829,2,0,0.0012887223856523633
7285844927,2909406375,2,0,4.851780157917162e-15
7287352403,7765668071,2,0,3.492475002531137e-07
7287639239,7804300115,2,0,8.243267732652707e-17
7288739472,2002400427,2,0,9.586407259121188e-07
7288874073,5070705161,2,0,0.0007958074565976858
7291187334,5428423860,2,0,1.793549017747864e-05
7291888801,2705589884,2,0,7.519211067119613e-05
7294004188,1816029971,2,0,1.7906471839523874e-05
7297286775,6420654776,2,0,8.623692066832785e-17
7299299119,6276227682,2,0,0.0009996251901611686
7303946488,2560497310,2,0,1.8006770915235393e-05
7304349878,1917488115,2,0,4.169289713414114e-15
7305011159,1195908387,2,0,0.0008890756289474666
7305013645,2201915244,2,0,2.5464566011379475e-09
7306027105,6442235149,2,0,1.4774404573023037e-12
7309334237,7847210480,2,0,0.0007962515810504556
7309845936,1816029971,2,0,3.430416484206944e-08
7309867176,6425881183,2,0,4.562174511053233e-15
7310045671,5226302309,2,0,1.336896010561972e-10
7310483255,7612876955,2,0,6.428888532639121e-10
7310769975,6276227682,2,0,0.0005290319677442312
7311519122,3671879202,2,0,6.950406361561079e-10
7312677265,9165329829,2,0,9.645510772315902e-07
7313582111,7804300115,2,0,7.45493152166517e-17
7313779991,3082731712,2,0,0.0001064132884494029
7316931551,1297975973,2,0,0.0007967764395289123
7317376718,7760290512,2,0,9.688471891422523e-07
7317669901,1297975973,2,0,7.355245008196199e-17
7319463318,2705589884,2,0,0.0008115934324450791
7321548432,3412668714,2,0,5.374334222096877e-08
7322608923,1297975973,2,0,0.0004699449345935136
7325042768,5428423860,2,0,0.0004610637261066586
7327194133,3098510521,2,0,3.428133510396947e-08
7328576645,5730240854,2,0,1.0953761231391468e-09
7328924049,7200019989,2,0,7.344927088107458e-17
7331165589,1645599505,2,0,3.469985898618688e-08
7331489423,2201915244,2,0,0.0008339522173628211
7331699774,6788591973,2,0,6.484305870024798e-10
7332934349,1195908387,2,0,8.206714952256234e-17
7335937620,5250260756,2,0,8.742151447194146e-10
7336651972,5789387121,2,0,7.65615544794176e-17
7337866894,6153121801,2,0,1.3439435111659015e-12
7340966285,7804300115,2,0,5.187400509143458e-11
7342222902,5939204645,2,0,1.9591331595208983e-12
7342227727,5226302309,2,0,3.70340888693004e-15
7343651861,1645599505,2,0,1.2778542113345281e-11
7345289195,7804300115,2,0,2.384804131949636e-09
7345634569,2560497310,2,0,8.505618982707986e-17
7346490369,6232442780,2,0,0.004004199057817459
7347005140,7506746741,2,0,3.5439140229180655e-14
7349213577,1188472987,2,0,4.912886808797982e-15
7350088951,5365378896,2,0,6.428888532639121e-10
7350442295,2201915244,2,0,3.7233963233863996e-15
7350835134,6558040566,2,0,4.2434132596635976e-11
7350920887,2560497310,2,0,6.03954845246335e-07
7351998196,2201915244,2,0,0.001127038151025772
7357211247,7844581127,2,0,2.546140853709744e-09
7358140854,6523666955,2,0,7.713702072284829e-17
7360146097,9165329829,2,0,7.711436920895413e-17
7360302064,7188930130,2,0,7.941851058372264e-17
7360379039,1954778190,2,0,7.381132452646659e-17
7361421909,3217035437,2,0,0.0007804569904692471
7364365909,5531506227,2,0,1.4757421630193224e-12
7365181791,5574911608,2,0,0.0004353109688963741
7366523663,3217742437,2,0,0.0007812172989360988
7367863996,3217035437,2,0,6.402959412676879e-11
7368356271,7734889891,2,0,0.0009997286833822727
7370601356,6113513458,2,0,2.6694485200096096e-07
7371171018,6420654776,2,0,0.0008134442032314837
7371171018,7850599876,2,0,4.95005927320471e-15
7371534895,3317704373,2,0,7.48659334853574e-17
7374106655,5250260756,2,0,8.888752498830297e-17
7375893207,3217742437,2,0,4.6444753820651385e-07
7376857898,2090591961,2,0,5.087494314715002e-11
7378094994,6153121801,2,0,7.284808134500054e-08
7378094994,7804300115,2,0,1.2241271184626885e-16
7379678099,5730240854,2,0,4.530973205408174e-15
7379715611,7912058860,2,0,5.0327894046795114e-15
7381541267,7912058860,2,0,0.0007806866778992116
7382160940,1316949123,2,0,0.0008326147799380124
7382758581,6441657735,2,0,7.867341937515938e-17
7384474329,7847210480,2,0,1.4757421630193224e-12
7384844416,7200019989,2,0,7.954766987328912e-17
7385438127,3847642518,2,0,2.370527774075981e-09
7385538458,7847210480,2,0,3.800777267315425e-05
7385644052,1737850362,2,0,3.67550564636665e-12
7386845614,3412668714,2,0,8.803812678870315e-10
7387086486,1797539504,2,0,9.615423550712876e-07
7387102950,6232442780,2,0,7.244983635246172e-08
7387161612,1850017837,2,0,8.777254478786745e-10
7387510720,2909406375,2,0,1.4774404573023037e-12
7387937257,1719397245,2,0,7.299843929331473e-08
7388948924,2002400427,2,0,9.659042916609906e-07
7390903919,5311962099,2,0,0.0001064856696757488
7391809569,5767049948,2,0,0.00045654320274479687
7393354303,2705589884,2,0,5.5128698477346916e-06
7394358296,6788591973,2,0,3.707663533424098e-15
7395128408,6442235149,2,0,5.3783338671564707e-08
7395193174,7847210480,2,0,8.523377204028293e-08
7395836176,7844581127,2,0,0.0004793353728018701
7397201988,6580670764,2,0,0.0004841710615437478
7399810156,7200019989,2,0,0.08847901970148087
7401506975,1316949123,2,0,0.00022545165847986937
7401851014,7461276382,2,0,7.711966316487447e-17
7402186530,2002400427,2,0,5.733267698815325e-06
7402186530,3317704373,2,0,8.194295993411608e-17
7402493747,7188930130,2,0,7.673757851376888e-17
7403786690,7804300115,2,0,0.0008125929743982852
7406006054,5767049948,2,0,5.1199395417755866e-11
7407210110,7188930130,2,0,7.364285761419159e-17
7410128470,7200019989,2,0,0.000802119611762464
7411414081,5767049948,2,0,1.3365417106392385e-10
7411473681,7804300115,2,0,7.26208426726771e-08
7412043544,5226302309,2,0,5.052763754065381e-06
7412130835,2136848625,2,0,8.750041802230157e-10
7412975351,5070705161,2,0,7.955252707784604e-17
7413249374,3217742437,2,0,7.290687862725621e-17
7415715226,7506746741,2,0,7.657850175580758e-17
7416653698,3829981184,2,0,7.973177380786383e-17
7418997552,5250260756,2,0,0.000820357701741159
7418997552,6153121801,2,0,1.4757421630193224e-12
7418997552,6483039487,2,0,1.3441102614600298e-12
7419207923,7757687460,2,0,3.790791879509925e-06
7419986030,7912058860,2,0,1.2175884211565794e-16
7423296397,7625326364,2,0,5.048756975156721e-06
7423471761,9165329829,2,0,1.6960674401392262e-12
7424016178,1954778190,2,0,3.297422153991647e-05
7428374778,1875293522,2,0,1.3285203492863218e-10
7429624522,5311962099,2,0,8.14862966789827e-17
7431931977,6272876985,2,0,0.00041652630898170173
7432435668,1306484861,2,0,7.330260183230158e-17
7433046049,6001863056,2,0,3.776358880713815e-06
7433459781,5767049948,2,0,8.079019441501728e-17
7433532580,2219969573,2,0,7.431308566859635e-17
7434253395,7188930130,2,0,8.136174313106692e-17
7434755124,5926318749,2,0,4.0721180937051005e-15
7435063227,3973292213,2,0,0.00041652630898170173
7435862870,1954778190,2,0,8.079019441501728e-17
7436489524,1316949123,2,0,1.2191222125355997e-16
7436845343,5987057408,2,0,0.00042426527943462133
7437493762,7200019989,2,0,1.120181352758009e-16
7438237581,3217035437,2,0,7.299843929331473e-08
7438906544,6420654776,2,0,0.0005280654295347631
7439338902,2705589884,2,0,1.3718520677080681e-12
7439647593,2219969573,2,0,1.967446388098648e-12
7440826688,6425881183,2,0,8.783484495289429e-10
7442618355,2219969573,2,0,3.852721164321338e-08
7443225825,1195908387,2,0,4.2302571168217895e-11
7443408734,9165329829,2,0,8.599718626101094e-08
7443635987,1917488115,2,0,2.5514299561990583e-09
7450544828,6272876985,2,0,0.0005513185751624405
7451072130,6420654776,2,0,4.981250822311267e-05
7452211679,1041705884,2,0,2.370527774075981e-09
7452967629,1554226303,2,0,8.335691177308036e-07
7453025733,1791873284,2,0,4.569530531739474e-08
7453967180,5428423860,2,0,7.981485582858865e-17
7455120452,1917488115,2,0,1.4774404573023037e-12
7455186939,1041705884,2,0,7.658784558800698e-17
7455198589,2705589884,2,0,0.00046216274495236576
7455326161,7160110296,2,0,0.0004185255675110966
7455350811,6580670764,2,0,9.459393301439599e-17
7455890777,5767049948,2,0,9.85234009931446e-07
7457068634,5789387121,2,0,3.428133510396947e-08
7458654607,1816029971,2,0,4.792384090073322e-15
7458852208,5574911608,2,0,0.00022221369727049023
7459004270,7188930130,2,0,1.3368400830771066e-10
7461741263,2002400427,2,0,7.36914693644301e-17
7461781768,2090591961,2,0,3.4413083938034106e-08
7461936114,3829981184,2,0,0.0008277005981653929
7462673836,5730240854,2,0,0.48467788100242615
7463216755,2937990707,2,0,5.905534408157109e-07
7463426198,6420654776,2,0,1.3718520677080681e-12
7463794426,7461276382,2,0,9.807829428609693e-07
7463923134,6837278495,2,0,0.001085715601220727
7463923134,6839422251,2,0,0.004180976655334234
7464936677,1821525001,2,0,1.4774404573023037e-12
7466319216,7200019989,2,0,3.780387203278224e-08
7468833273,1954778190,2,0,8.035896200063623e-17
7469696114,5365378896,2,0,9.577963737683604e-07
7470006720,1917488115,2,0,5.3619214668287896e-06
7470733332,6124100893,2,0,7.723919407211084e-17
7470908541,7804300115,2,0,8.504555637500744e-08
7472155604,2201915244,2,0,0.0007821152685210109
7472830039,7341744407,2,0,0.0008115934324450791
7472840470,7757687460,2,0,4.8153822717722505e-05
7473662502,6001863056,2,0,6.413467673604956e-11
7474056299,6441657735,2,0,1.3315747116049437e-10
7474258566,2201915244,2,0,1.0953761231391468e-09
7475688423,1645599505,2,0,4.2464250865625885e-11
7478156815,1275418863,2,0,0.00046032408135943115
7478156815,5250260756,2,0,5.056866484665079e-06
7479461437,1816029971,2,0,8.519939795216994e-17
7481054233,7804300115,2,0,7.398214724912614e-17
7481118901,6618737705,2,0,7.226346393019237e-15
7481118901,7866135934,2,0,4.94928508509092e-15
7481185886,7200019989,2,0,9.99893003950092e-08
7482893833,2002400427,2,0,0.0004637548408936709
7483190608,1821525001,2,0,4.014333535451442e-05
7483362757,7804300115,2,0,2.3754522793240085e-09
7483477615,1497609517,2,0,9.7824010936165e-07
7483630211,7912058860,2,0,9.8300586159894e-07
7485466518,3829981184,2,0,5.015769971670331e-15
7485763875,7847210480,2,0,1.273122995915088e-10
7486972106,6232442780,2,0,3.491016684620263e-07
7487189721,7866135934,2,0,1.6980192208901346e-12
7487253374,6839422251,2,0,4.82617731653698e-15
7488445934,1195908387,2,0,1.3439435111659015e-12
7488601104,6558040566,2,0,1.793549017747864e-05
7489533440,2090591961,2,0,1.4170852409733925e-05
7490354099,5365378896,2,0,1.4733353737028665e-07
7491200785,2219969573,2,0,8.007193694552523e-17
7492946383,2705589884,2,0,7.48659334853574e-17
7496181974,6441657735,2,0,1.3439435111659015e-12
7497372973,6442235149,2,0,1.3448307138036464e-12
7497587655,6243146585,2,0,3.7948659610265167e-06
7498398920,1811903663,2,0,5.976129574520152e-15
7499839162,5365378896,2,0,3.778361445938572e-08
7500031508,6420654776,2,0,6.885527148448034e-10
7502834388,7461276382,2,0,3.781638724831282e-06
7503747153,7804300115,2,0,0.00047294178511947393
7503863946,7804300115,2,0,7.25618534147543e-08
7505329309,2217048775,2,0,4.617678038987966e-15
7505826350,7240026510,2,0,3.492475002531137e-07
7506493699,3671879202,2,0,0.0007812172989360988
7507013549,6425881183,2,0,8.103455911623314e-06
7507678264,6276227682,2,0,9.59278963819088e-07
7508042824,3217035437,2,0,9.399467043910337e-17
7508159247,1297975973,2,0,0.0002226480282843113
7509095711,7804300115,2,0,3.788753133449063e-08
7509595652,3829981184,2,0,5.092445562460135e-11
7509850858,1821525001,2,0,3.80740766559029e-06
7510057068,2909406375,2,0,0.0007804569904692471
7510210574,3217035437,2,0,0.0001063897434505634
7513228947,3217035437,2,0,4.132569564601219e-15
7513236449,7866135934,2,0,8.079019441501728e-17
7514961616,6554603444,2,0,1.3047872471361188e-07
7515862282,2002400427,2,0,3.491016684620263e-07
7516819909,6153121801,2,0,8.21257139099311e-17
7516940253,6420654776,2,0,0.49543723464012146
7517804299,1188472987,2,0,0.9858383536338806
7518090397,5767049948,2,0,9.789462751541578e-08
7519048740,6788591973,2,0,1.38760242407443e-05
7520742218,3671879202,2,0,7.65615544794176e-17
7520995031,7847210480,2,0,3.79182552023849e-08
7521171196,6560668913,2,0,7.344927088107458e-17
7522509796,7804300115,2,0,2.3831034923205152e-09
7525305347,6124100893,2,0,7.295027870668491e-08
7526771651,7757687460,2,0,5.346339548850665e-07
7527218608,2002400427,2,0,5.3461781135411e-07
7527550817,5311962099,2,0,0.0007860180921852589
7527843624,6420654776,2,0,4.982580321666319e-07
7527969867,7847210480,2,0,6.898988047510102e-10
7528567592,5226302309,2,0,1.7013421921285854e-12
7534912537,5428423860,2,0,1.3439435111659015e-12
7537781271,1041705884,2,0,1.9549787136363683e-12
7540152187,6483039487,2,0,7.398214724912614e-17
7540290957,3671879202,2,0,7.824333177874611e-17
7541247263,9165329829,2,0,0.9929935336112976
7543837857,1188472987,2,0,0.005644300952553749
7543837857,2008062861,2,0,7.346496746037838e-17
7544830534,1811903663,2,0,1.6951262442332915e-12
7545767547,7804300115,2,0,1.5038111200738058e-07
7547749467,1954778190,2,0,4.714217348601854e-15
7547921982,2002400427,2,0,5.494902779901167e-06
7547932059,2560497310,2,0,9.908958276128033e-08
7549671723,7461276382,2,0,5.039071424532823e-15
7550533560,5767049948,2,0,1.81889092232268e-07
7550888631,5250260756,2,0,0.0004584089620038867
7550888631,7767144248,2,0,1.3490389361159316e-12
7551339358,7847210480,2,0,4.808994406168979e-15
7553168280,5767049948,2,0,6.999309465349768e-10
7556282888,6153121801,2,0,8.755684510752815e-10
7556723356,6425881183,2,0,8.539169428353136e-17
7557534941,3217035437,2,0,4.858577597318878e-15
7559591031,5574911608,2,0,9.842503345680598e-08
7560055382,6441657735,2,0,6.529657925469223e-10
7560146358,6580670764,2,0,4.625823107808763e-15
7562155141,2318910945,2,0,6.93665958007017e-10
7562155141,5070705161,2,0,6.53396836636233e-10
7562766057,6272876985,2,0,0.00011865986743941903
7564299435,6425881183,2,0,9.876409734488334e-08
7564369284,5955730111,2,0,7.965911426285717e-17
7565448191,7341744407,2,0,7.466999094185583e-17
7565713094,5070705161,2,0,0.0007890782435424626
7566055835,1811903663,2,0,1.0936830330265934e-09
7566197496,2217048775,2,0,7.667993395124128e-17
7568910607,1797539504,2,0,7.358444542805554e-17
7569400999,2136848625,2,0,6.554425890925586e-10
7570263625,3217035437,2,0,0.00022248087043408304
7570811435,7341744407,2,0,7.29002067600959e-08
7571662162,6153121801,2,0,1.3377481067333719e-10
7574285927,7188930130,2,0,2.6416115388866457e-12
7575201020,6113513458,2,0,4.914948910508072e-15
7576330878,6243146585,2,0,7.493565488482826e-17
7579178877,1811903663,2,0,7.3783451848546e-17
7586793355,7767144248,2,0,3.873627357460843e-14
7591441737,6788591973,2,0,0.24993762373924255
7592894454,6153121801,2,0,6.427221532767646e-10
7594899876,7767144248,2,0,1.297238011455093e-10
7597207883,7760290512,2,0,7.381132452646659e-17
7597265339,1811903663,2,0,1.534809085379507e-11
7597566311,1821525001,2,0,8.466578043028953e-17
7601735866,1554226303,2,0,1.1237722430587751e-16
7602090486,7847210480,2,0,5.088649686513236e-06
7602167592,6558040566,2,0,1.019702267512912e-06
7604170498,1954778190,2,0,5.561652869801037e-06
7604206089,6304429250,2,0,6.322977128547791e-07
7604700213,7767144248,2,0,6.218975272531679e-07
7604764119,7757687460,2,0,0.0005534091033041477
7605213617,5767049948,2,0,7.344927088107458e-17
7605271994,6001863056,2,0,1.3718520677080681e-12
7605620715,5407978252,2,0,1.273122995915088e-10
7605665127,3317704373,2,0,8.22965716906765e-07
7606618082,5939204645,2,0,4.5114035174265155e-08
7609612347,6304429250,2,0,8.228313630666729e-17
7609939042,6304429250,2,0,0.00041916093323379755
7609939042,7757687460,2,0,6.433255039794972e-10
7610027482,6523666955,2,0,8.744085455703043e-10
7611291619,7240026510,2,0,4.239529907690276e-11
7611371717,6441657735,2,0,5.18854854913986e-11
7611980071,3217035437,2,0,0.0004142103425692767
7613018742,2705589884,2,0,8.238961099511511e-17
7613200721,6580670764,2,0,0.0008945575100369751
7614645925,6502204514,2,0,4.914948910508072e-15
7615393551,6618737705,2,0,7.348037948955147e-17
7616728356,5070705161,2,0,4.8537423097394766e-15
7619348846,2427613143,2,0,1.2972996288329597e-10
7619348846,7767144248,2,0,6.06287130722194e-06
7621579590,2937990707,2,0,0.7712212800979614
7621922449,2560497310,2,0,1.06129455161863e-05
7627815840,1816029971,2,0,4.068531332689952e-15
7627945273,7240026510,2,0,0.0008069020113907754
7627992009,6837278495,2,0,7.250430655858509e-08
7627992009,6839422251,2,0,0.0008102076244540513
7630032876,6871895822,2,0,7.442627706361811e-17
7637017967,7160110296,2,0,8.130651393592798e-17
7637476482,5250260756,2,0,3.496674310099479e-07
7638735739,7188930130,2,0,8.161851322809318e-17
7638839607,2090591961,2,0,0.000422073295339942
7639183405,5531506227,2,0,4.097220338613455e-15
7641509132,6437735703,2,0,8.191139472194105e-17
7641917051,6871895822,2,0,0.0007979060173965991
7642808608,3098510521,2,0,0.0002226480282843113
7643156363,3317704373,2,0,0.0007998376968316734
7644570410,6441657735,2,0,9.780130483250105e-08
7644647344,1850017837,2,0,8.025143513844924e-17
7644965866,7380722614,2,0,2.190679495445158e-12
7644983894,6153121801,2,0,7.88858856785773e-17
7644983894,7760290512,2,0,5.062770559364051e-15
7647042605,2891416631,2,0,3.360140181030147e-05
7647290948,5428423860,2,0,3.70020515421364e-14
7648305690,1875293522,2,0,0.0012927302159368992
7650789195,5767049948,2,0,9.677427215137868e-07
7651901176,6232442780,2,0,0.00022302885190583766
7653443152,6441657735,2,0,8.216770821526919e-17
7654625786,1791873284,2,0,0.00043799562263302505
7656239787,3671879202,2,0,8.194295993411608e-17
7658407000,9165329829,2,0,3.312531771371141e-05
7658908040,6437735703,2,0,7.683016883675009e-05
7659191261,5428423860,2,0,5.3783338671564707e-08
7659276816,6871895822,2,0,0.0008222449687309563
7669400970,1645599505,2,0,7.355245008196199e-17
7669791808,7757687460,2,0,0.0005300131742842495
7669799374,1645599505,2,0,2.3792703363056944e-09
7671843793,1811903663,2,0,4.074821822872736e-15
7672433302,6580670764,2,0,0.0004134899936616421
7672979339,3541413702,2,0,0.0009956592693924904
7676807903,6580670764,2,0,7.257030214473083e-17
7679863731,6442235149,2,0,2.18388761935584e-12
7685423446,2201915244,2,0,1.509406075683728e-07
7685423446,5926318749,2,0,8.035896200063623e-17
7686052762,7612876955,2,0,7.65615544794176e-17
7689789831,7804300115,2,0,0.0008144495659507811
7695075759,7757687460,2,0,7.981485582858865e-17
7701951239,6871895822,2,0,0.001135184895247221
7703060479,7765668071,2,0,4.851095331779307e-15
7706445442,9165329829,2,0,7.355245008196199e-17
7707911560,6502204514,2,0,7.284808134500054e-08
7714701957,7760290512,2,0,0.0011496783699840307
7714737214,7506746741,2,0,7.461703153031774e-17
7716052904,5987057408,2,0,8.65476081912675e-08
7717099613,2560497310,2,0,8.681268898191874e-11
7717611466,5789387121,2,0,1.4713528173615487e-07
7717714493,7461276382,2,0,3.4664932258010595e-08
7718451038,5428423860,2,0,1.8179163419063116e-07
7718744326,7467277921,2,0,7.655776268348965e-17
7719094299,3412668714,2,0,9.577269111105124e-07
7719325369,3973292213,2,0,8.15923677032916e-17
7719592475,3541413702,2,0,4.800325023953831e-15
7720465494,5955730111,2,0,4.751191183782451e-15
7721400511,1821525001,2,0,3.837978823639787e-08
7722624276,1954778190,2,0,4.1414075063728704e-15
7723389990,5543176559,2,0,7.893284306759071e-17
7723418861,1821525001,2,0,7.335155107223001e-17
7723670421,2008062861,2,0,4.5285540793108155e-15
7724532733,6243146585,2,0,1.4774404573023037e-12
7724580488,2560497310,2,0,6.423777620945259e-10
7726183833,5767049948,2,0,1.3448307138036464e-12
7726449004,5033845034,2,0,8.197797945252912e-17
7727401235,1554226303,2,0,0.0008326147799380124
7727446595,3829981184,2,0,4.270336861900148e-11
7727702368,5020552519,2,0,1.4757421630193224e-12
7727796801,3829981184,2,0,1.357203377461147e-10
7727940188,2201915244,2,0,1.4841292284017982e-07
7728744773,1797539504,2,0,5.068922746431781e-06
7728935639,2909406375,2,0,9.577269111105124e-07
7729145237,7804300115,2,0,7.658784558800698e-17
7729943977,6871895822,2,0,6.433255039794972e-10
7730106133,3051163592,2,0,9.888171348393371e-08
7730715967,7341744407,2,0,1.2778302027616206e-10
7730973077,2002400427,2,0,7.819141130605738e-17
7732028676,5428423860,2,0,9.630913382352446e-07
7732586853,5926318749,2,0,0.0008096392848528922
7733292301,6272876985,2,0,8.634027854022758e-17
7734202393,6788591973,2,0,3.7903084830759326e-06
7734792730,7200019989,2,0,6.534105478905872e-10
7735029500,6523666955,2,0,0.00046032408135943115
7736104044,3217035437,2,0,0.000806113297585398
7736450307,6871895822,2,0,7.534152263290598e-17
7737098108,7844581127,2,0,7.375137047566874e-17
7737391119,2090591961,2,0,7.51030630059192e-17
7737848304,7200019989,2,0,4.530973205408174e-15
7738168802,3292333231,2,0,5.764629804616561e-07
7738507510,5767049948,2,0,0.003914698958396912
7738612889,2219969573,2,0,1.3386107500235056e-10
7738727481,7804300115,2,0,1.3490389361159316e-12
7738856131,1954778190,2,0,1.3386107500235056e-10
7741064621,5250260756,2,0,3.836246438245795e-14
7741165443,1811903663,2,0,0.24752570688724518
7741538065,7380722614,2,0,7.32796723857216e-17
7741602423,6580670764,2,0,0.0007926500984467566
7741950618,7804300115,2,0,0.00043760082917287946
7742062007,5543176559,2,0,7.300066767382992e-17
7742345529,6113513458,2,0,7.855436492395585e-17
7742613057,7866135934,2,0,1.3478571037062181e-10
7743824173,7767144248,2,0,0.0028303442522883415
7744110829,5365378896,2,0,8.131644010327861e-17
7744334254,5543176559,2,0,4.108285130003438e-15
7745490704,5939204645,2,0,1.961095999133966e-12
7749692802,6441657735,2,0,7.711436920895413e-17
7750231581,5939204645,2,0,1.6980192208901346e-12
7750822619,6788591973,2,0,7.692339636657279e-17
7751062251,5250260756,2,0,7.742947208277763e-17
7751062251,7866135934,2,0,1.3718520677080681e-12
7751145529,6001863056,2,0,7.498586637666449e-05
7751914351,3217035437,2,0,7.727809803068043e-17
7752084441,6001863056,2,0,0.0004401817568577826
7755003616,6304429250,2,0,3.7881031857978087e-06
7755003616,7757687460,2,0,0.0007812172989360988
7755686582,2560497310,2,0,6.433255039794972e-10
7758197878,3082731712,2,0,4.113177592306779e-15
7763320155,7765668071,2,0,7.658784558800698e-17
7764213265,2560497310,2,0,2.1564237256765868e-16
7766655540,6580670764,2,0,1.4757421630193224e-12
7767385685,6001863056,2,0,4.1294023844784533e-07
7767499922,6420654776,2,0,1.4774404573023037e-12
7767545174,1041705884,2,0,0.0008090605842880905
7767667462,5428423860,2,0,1.4757421630193224e-12
7769380101,5600540896,2,0,7.363302409106956e-17
7769809125,7912058860,2,0,1.4774404573023037e-12
7769939434,6425881183,2,0,3.7205282698269965e-15
7770085370,1954778190,2,0,0.02571040764451027
7770581910,7912058860,2,0,2.7243682865218943e-09
7770912267,1816029971,2,0,2.7243731715032027e-09
7771791323,7760290512,2,0,4.802596342801894e-15
7771894978,7912058860,2,0,3.70340888693004e-15
7772234669,3847642518,2,0,8.191139472194105e-17
7772730684,6420654776,2,0,7.378710620287166e-08
7772993098,7847210480,2,0,1.2848395958275916e-10
7773662743,5250260756,2,0,3.836743417195976e-06
7773908510,5428423860,2,0,3.7762831652798923e-06
7774085998,1954778190,2,0,7.965911426285717e-17
7774305052,2705589884,2,0,4.074821822872736e-15
7774793467,7200019989,2,0,3.8547717906567414e-08
7774793475,2201915244,2,0,1.3284240374389356e-10
7776999090,7200019989,2,0,1.4966275330152712e-07
7777370516,6232442780,2,0,7.673757851376888e-17
7777967691,7200019989,2,0,1.4803316992356708e-12
7778128762,6441657735,2,0,2.0493526783882908e-14
7778268796,7200019989,2,0,8.21257139099311e-17
7778713060,3217742437,2,0,5.187024768038562e-11
7779012489,2201915244,2,0,4.7606436479573355e-15
7779012489,3317704373,2,0,0.0006522147450596094
7779012489,5428423860,2,0,1.363868393222667e-11
7780144098,3051163592,2,0,8.097038082221093e-17
7780632274,3217742437,2,0,3.792340748987044e-06
7782265347,6871895822,2,0,8.924155167303077e-17
7783386411,5767049948,2,0,8.238646770878741e-17
7783499664,7240026510,2,0,3.46068631529306e-08
7783602000,7866135934,2,0,8.181084264667911e-17
7784727920,6420654776,2,0,6.649369388433968e-10
7785117806,1821525001,2,0,1.4774404573023037e-12
7785950738,5428423860,2,0,5.415984105638927e-06
7787155246,2002400427,2,0,0.0005351182771846652
7788136287,1195908387,2,0,0.00041510487790219486
7789121166,5955730111,2,0,6.433132360150751e-10
7789254073,1954778190,2,0,0.0008079534163698554
7790597131,7200019989,2,0,0.0008021242101676762
7790733876,5428423860,2,0,7.655811984363936e-09
7790816087,9165329829,2,0,2.190679495445158e-12
7791062454,5531506227,2,0,3.4467078080524516e-08
7792389854,3051163592,2,0,4.7078199713723734e-05
7792559500,7893929649,2,0,5.604134685199824e-07
7792900078,7200019989,2,0,4.915098835339736e-15
7793450004,1041705884,2,0,1.2736547927438835e-10
7793474523,7866135934,2,0,6.511658989794e-10
7794629486,1719397245,2,0,0.0004172417102381587
7795079347,9165329829,2,0,8.161477437172444e-17
7796705641,2201915244,2,0,6.583481537703051e-10
7797097314,9165329829,2,0,4.65485346801001e-15
7797581524,7767144248,2,0,8.932939943306906e-10
7798119309,7200019989,2,0,3.797934411409187e-08
7798324571,5070705161,2,0,3.7887293728999794e-06
7798731230,5789387121,2,0,4.914948910508072e-15
7798744320,7160110296,2,0,8.563120701410298e-08
7799217119,5250260756,2,0,3.8669609239150304e-06
7799409469,1645599505,2,0,0.00022457464365288615
7800766830,7847210480,2,0,5.357212273793266e-08
7800835571,6153121801,2,0,0.0008202986209653318
7801495762,3541413702,2,0,6.42298103592509e-10
7801710188,2201915244,2,0,3.7881031857978087e-06
7801996463,2217066377,2,0,5.972938801407845e-15
7801996463,5250260756,2,0,4.7681132080026976e-15
7802091155,1850017837,2,0,1.3739208338733877e-12
7802915944,7240026510,2,0,4.2434132596635976e-11
7803564732,5250260756,2,0,4.764440473143403e-15
7804152685,6437735703,2,0,6.889362968998114e-10
7804464590,1791873284,2,0,9.893697949792113e-08
7804957617,7767144248,2,0,0.9850501418113708
7805336245,6788591973,2,0,4.3279016481712063e-10
7806205931,7946457588,2,0,0.9998227953910828
7806293863,2002400427,2,0,0.9999934434890747
7807075716,7866135934,2,0,0.0011542577994987369
7807133999,3317704373,2,0,3.82419784727972e-06
7807173762,3829981184,2,0,4.802596342801894e-15
7808484457,7866135934,2,0,4.797944861372047e-15
7810066172,7757687460,2,0,6.433255039794972e-10
7810696266,7506746741,2,0,9.659042916609906e-07
7811505560,5987057408,2,0,2.370527774075981e-09
7811526515,6523666955,2,0,8.16203793475551e-17
7812064042,6420654776,2,0,3.4413083938034106e-08
7812225072,6554603444,2,0,3.824642647032306e-08
7812229281,3051163592,2,0,4.068236565224308e-15
7813287038,1816029971,2,0,8.14754175995664e-17
7813423521,2090591961,2,0,3.700894893142589e-15
7813943405,3051163592,2,0,3.4467078080524516e-08
7814095387,6153121801,2,0,1.4757421630193224e-12
7814377206,1811903663,2,0,1.1461333834706966e-16
7815030583,1811903663,2,0,1.1445081390031524e-16
7815030583,2705589884,2,0,4.2082943100857535e-15
7815030583,3829981184,2,0,4.806903505338682e-15
7815030583,5767049948,2,0,7.339465710831138e-17
7815054139,5033845034,2,0,0.00041803257772699
7815357647,6420654776,2,0,3.31432675011456e-05
7815645651,3051163592,2,0,3.5119780347758756e-12
7815891292,3051163592,2,0,3.844574894174002e-05
7816323362,5250260756,2,0,3.717866292607397e-12
7816637580,7804300115,2,0,8.510218663104752e-08
7816693889,7461276382,2,0,1.353868128717295e-10
7817544742,6871895822,2,0,9.429238928517346e-17
7817988795,2201915244,2,0,9.739600272951066e-07
7818362155,2002400427,2,0,4.764440473143403e-15
7818792239,5428423860,2,0,6.418057058033e-11
7819234629,1791873284,2,0,4.764440473143403e-15
7819552191,3217742437,2,0,3.46068631529306e-08
7819586879,2201915244,2,0,4.2301682989798195e-11
7820549323,7200019989,2,0,5.192082874749815e-11
7820971236,1316949123,2,0,0.00011087375605711713
7821067086,1791873284,2,0,1.1142569343331604e-13
7821254691,5428423860,2,0,2.190679495445158e-12
7821629567,3051163592,2,0,6.257883100602157e-10
7823928257,2560497310,2,0,6.257906415285674e-10
7824255601,7160110296,2,0,0.727247953414917
7824702171,2201915244,2,0,4.732993104427166e-15
7824702171,3317704373,2,0,7.471985338918053e-17
7824782570,2002400427,2,0,3.887882030539913e-06
7824782570,5428423860,2,0,3.797934411409187e-08
7824884720,3829981184,2,0,1.3718520677080681e-12
7824908005,3292333231,2,0,7.452372555722176e-17
7825199999,6124100893,2,0,4.615106870476575e-15
7825263438,7804300115,2,0,1.4744141237782449e-12
7825290669,3051163592,2,0,2.413785393784451e-09
7825501598,6839422251,2,0,3.714543558538171e-15
7826761169,3051163592,2,0,8.94729790257287e-10
7826806862,2201915244,2,0,0.00041873627924360335
7827777701,2090591961,2,0,0.0008359405328519642
7829834110,5531506227,2,0,1.791395334294066e-05
7830075259,2002400427,2,0,2.9057560801959426e-09
7830075259,5926318749,2,0,8.95457097360719e-10
7830794214,3541413702,2,0,5.187024768038562e-11
7831167755,3317704373,2,0,1.280658079583219e-10
7831167755,5428423860,2,0,8.53281998997118e-17
7831167755,6420654776,2,0,6.559078280510278e-10
7831835147,7341744407,2,0,7.30706008315376e-17
7833386318,2909406375,2,0,3.777057244747084e-08
7833775310,6420654776,2,0,6.427000598385746e-10
7833972606,2002400427,2,0,7.350196559481666e-17
7834446752,1816029971,2,0,1.2946307359484877e-09
7834506888,5939204645,2,0,1.4757421630193224e-12
7835311407,6788591973,2,0,1.3448307138036464e-12
7835900478,7200019989,2,0,1.4774404573023037e-12
7835933857,7734889891,2,0,3.780387203278224e-08
7836775805,3217742437,2,0,4.828718838895216e-15
7837603894,7946457588,2,0,3.432995399066385e-08
7841417954,7467277921,2,0,7.03006874935852e-10
7842381926,7844581127,2,0,9.615423550712876e-07
7842790795,1297975973,2,0,3.8485880471004694e-14
7843624981,3217035437,2,0,0.24832192063331604
7844620575,7946457588,2,0,1.30656707675314e-10
7844852461,5531506227,2,0,2.5464566011379475e-09
7846001086,7380722614,2,0,7.36914693644301e-17
7846057467,6113513458,2,0,1.4990516206125903e-07
7846557262,7767144248,2,0,0.00041546602733433247
7847010732,6304429250,2,0,4.097220338613455e-15
7847294508,2002400427,2,0,1.4757421630193224e-12
7847350654,5250260756,2,0,7.742947208277763e-17
7847388571,2560497310,2,0,7.711966316487447e-17
7847830043,6837278495,2,0,9.607622359908419e-07
7847845245,7200019989,2,0,7.247769550321193e-15
7848507298,3217035437,2,0,0.0001048431295203045
7848985507,7200019989,2,0,0.019159380346536636
7849295202,2002400427,2,0,6.203986768760217e-10
7849878366,1850017837,2,0,4.0699280900199745e-15
7850599876,7850599876,2,0,3.778361445938572e-08
7851087423,2201915244,2,0,4.068531332689952e-15
7852255647,6153121801,2,0,4.7606436479573355e-15
7852370214,7804300115,2,0,3.055013797492734e-09
7852737448,6304429250,2,0,3.1748555173738424e-11
7852737448,7757687460,2,0,0.8250550031661987
7852767785,7380722614,2,0,0.0004206265148241073
7853203670,5730240854,2,0,4.158314284000066e-15
7853226804,6441657735,2,0,3.7948659610265167e-06
7853379217,5955730111,2,0,3.7767833305224485e-08
7853488940,6437735703,2,0,3.794907854626217e-08
7854244030,5428423860,2,0,3.4920455505016434e-07
7854421815,7200019989,2,0,9.794852303457446e-06
7854650407,7912058860,2,0,0.0008115934324450791
7857884216,7912058860,2,0,0.0018171638948842883
7859581415,7804300115,2,0,0.9999212026596069
7860798646,6442235149,2,0,0.006037125363945961
7861852871,6153121801,2,0,0.17276568710803986
7861852871,6483039487,2,0,7.250430655858509e-08
7861852871,6788591973,2,0,3.816277072132834e-08
7862827084,5428423860,2,0,5.999084590907217e-15
7863209794,2002400427,2,0,0.0003889485087711364
7863746497,5428423860,2,0,0.004074235446751118
7863840147,3051163592,2,0,5.381525998074789e-15
7865913205,5428423860,2,0,1.474923265118444e-12
7865913205,5926318749,2,0,9.716750355437398e-07
7865913205,7625326364,2,0,8.769222015203582e-10
7866218490,1917488115,2,0,8.563120701410298e-08
7867663616,5428423860,2,0,6.42968511765929e-10
7867843977,7866135934,2,0,7.375137047566874e-17
7868242827,2002400427,2,0,3.772066338569857e-05
7869507227,2002400427,2,0,3.647743999218855e-12
7869773741,3671879202,2,0,7.766376271947715e-17
7871939741,2219969573,2,0,0.00043766957242041826
7872063766,6232442780,2,0,1.2734970022965086e-10
7872974655,2318910945,2,0,5.361556532079703e-08
7874031656,1497609517,2,0,1.4451919128077861e-07
7874031656,2201915244,2,0,0.49285364151000977
7874031656,7625326364,2,0,6.151606157800416e-07
7874178336,5767049948,2,0,1.4774404573023037e-12
7876468820,2002400427,2,0,0.9999998807907104
7878331509,6554603444,2,0,0.28504297137260437
7878990442,3671879202,2,0,1.0
7878990442,7866135934,2,0,1.0
7879228080,6065301364,2,0,0.011790548451244831
7880047681,7200019989,2,0,1.0
7881413313,7804300115,2,0,0.9999998807907104
7881969035,7188930130,2,0,0.0008115094969980419
7882327464,3829981184,2,0,1.9568849578960323e-12
7882699175,5250260756,2,0,3.777057244747084e-08
7882856101,6441657735,2,0,9.414681873225393e-17
7885630436,2002400427,2,0,4.917574289128087e-15
7885630436,5428423860,2,0,1.2892582834655997e-10
7886591297,7912058860,2,0,0.00043966941302642226
7887184487,3847642518,2,0,5.0878627699812995e-11
7889657196,7240026510,2,0,0.00026073609478771687
7890587550,7506746741,2,0,0.0008235661662183702
7890630936,1811903663,2,0,7.748442996267566e-17
7892055557,7160110296,2,0,9.581270887792925e-07
7892055557,7767144248,2,0,5.980120370251141e-15
7892259223,7200019989,2,0,9.399467043910337e-17
7892270010,1195908387,2,0,1.4757139737628377e-12
7892270010,1737850362,2,0,1.3448564093951343e-12
7892270010,3292333231,2,0,1.3467380422654829e-12
7892270010,6001863056,2,0,5.505482477019541e-06
7892270010,7200019989,2,0,7.463894850782794e-17
7892270010,7240026510,2,0,3.697816792352926e-12
7892270010,7380722614,2,0,3.803348356200796e-14
7892731622,6232442780,2,0,7.393609058325978e-10
7893248056,5574911608,2,0,0.00043966941302642226
7895072695,2002400427,2,0,7.244983635246172e-08
7895183286,6124100893,2,0,4.1488971410990824e-14
7895244027,3317704373,2,0,5.534842330234824e-06
7895530036,7240026510,2,0,5.0327894046795114e-15
7895548935,7765668071,2,0,0.9998767375946045
7895827986,5311962099,2,0,0.011902417056262493
7896196352,1297975973,2,0,0.9454366564750671
7896259199,5987057408,2,0,0.011902080848813057
7896572942,7912058860,2,0,7.372183681907815e-17
7896681550,7804300115,2,0,4.764440473143403e-15
7897451713,6554603444,2,0,4.82475980689975e-15
7898522948,6124100893,2,0,1.3591503139967487e-12
7900188404,7200019989,2,0,3.834428571281023e-05
7900317565,3217035437,2,0,3.499358717817813e-05
7903070195,3217035437,2,0,2.547870359137505e-09
7904076213,5070705161,2,0,4.752913201764219e-15
7904157810,5939204645,2,0,0.0007812172989360988
7905358076,5428423860,2,0,0.0004182287084404379
7905358076,7850599876,2,0,7.316068410896708e-17
7905479162,2427613143,2,0,0.0007964543765410781
7906100183,7765668071,2,0,0.0004138739313930273
7906293672,5767049948,2,0,8.197797945252912e-17
7906440060,3217742437,2,0,8.548136247554794e-05
7906460339,5070705161,2,0,0.9831969738006592
7906518013,6442235149,2,0,1.0
7906568195,2217066377,2,0,0.9995062351226807
7906568195,5250260756,2,0,1.0
7906568195,7506746741,2,0,0.9999997615814209
7906568195,7767144248,2,0,1.0
7907162073,6304429250,2,0,1.0
7908520066,3051163592,2,0,0.9999982118606567
7908645686,6276227682,2,0,1.0
7908794522,3217035437,2,0,0.9882094860076904
7909217740,2002400427,2,0,7.619752432219684e-05
7909217740,2201915244,2,0,8.037367258064988e-17
7909658831,5730240854,2,0,6.043000284607037e-15
7909945586,3051163592,2,0,1.3583909387951398e-12
7910721592,7847210480,2,0,5.415984105638927e-06
7911174792,1917488115,2,0,0.0008125929743982852
7912750208,3973292213,2,0,0.0008365621906705201
7913037429,3082731712,2,0,0.00022336517577059567
7913322273,6437735703,2,0,7.955252707784604e-17
7913575151,6871895822,2,0,1.4990516206125903e-07
7913829809,3829981184,2,0,9.400147978990591e-17
7913829809,5987057408,2,0,1.534809085379507e-11
7914407845,1816029971,2,0,0.0008423699182458222
7914407845,3217035437,2,0,0.000652282265946269
7914407845,3541413702,2,0,0.9820376634597778
7914407845,5407978252,2,0,5.588780709331331e-07
7914407845,5574911608,2,0,3.803819254244445e-06
7914407845,5600540896,2,0,8.136174313106692e-17
7914407845,6101852007,2,0,2.2018430915343723e-12
7914407845,6425881183,2,0,4.75677694255312e-15
7914407845,7200019989,2,0,7.559452933492139e-05
7914638137,7760290512,2,0,4.558903693327411e-15
7914689550,1041705884,2,0,9.580082860338734e-07
7915013151,6554603444,2,0,4.0699280900199745e-15
7915093325,3217035437,2,0,7.718941765156985e-17
7915359173,5070705161,2,0,0.0004756564158014953
7915373397,1875293522,2,0,9.65241270023398e-07
7915381295,7844581127,2,0,8.516616389897536e-08
7915423668,7757687460,2,0,3.1810434393264586e-06
7915842643,5926318749,2,0,7.458942355019317e-17
7916253928,5955730111,2,0,7.504922347420934e-17
7918696385,6124100893,2,0,4.752913201764219e-15
7920053298,3217035437,2,0,2.5478217313690266e-09
7920289808,7844581127,2,0,4.8897894885158166e-05
7922325696,7893929649,2,0,7.267986745773669e-08
7922906411,3098510521,2,0,5.089619697917769e-11
7922906411,6153121801,2,0,7.350196559481666e-17
7925195204,7866135934,2,0,4.151150502848663e-15
7925730795,1791873284,2,0,3.7890004023211077e-06
7926300711,3541413702,2,0,8.406846338379764e-17
7927179538,3051163592,2,0,3.789842367041274e-06
7928787146,7760290512,2,0,4.7606436479573355e-15
7930609215,6788591973,2,0,0.0017067373264580965
7931321650,7804300115,2,0,1.4774404573023037e-12
7931539308,5428423860,2,0,1.3490389361159316e-12
7931953389,7912058860,2,0,8.138464977491822e-07
7932264578,1188472987,2,0,4.4614136385234815e-08
7932749382,7804300115,2,0,2.190679495445158e-12
7933746790,3829981184,2,0,5.4635502237943e-06
7935855460,5767049948,2,0,9.586599389876937e-07
7936259415,5939204645,2,0,4.7606436479573355e-15
7937414418,5939204645,2,0,1.4757421630193224e-12
7938031410,3051163592,2,0,6.441445155047631e-10
7938153385,5730240854,2,0,6.059967201573488e-15
7938478031,6420654776,2,0,7.526090485043824e-05
7939026041,5767049948,2,0,1.3448564093951343e-12
7939105995,5311962099,2,0,1.9531112838144793e-12
7939240955,2560497310,2,0,5.187024768038562e-11
7940348893,5428423860,2,0,1.306901822317741e-07
7940856753,7866135934,2,0,1.3517754970937546e-10
7940862064,6871895822,2,0,8.838084153417469e-10
7941764984,7866135934,2,0,8.797266248805613e-10
7943175380,3051163592,2,0,1.961095999133966e-12
7944308176,5987057408,2,0,7.981485582858865e-17
7944320083,7200019989,2,0,7.463894850782794e-17
7944772648,3217035437,2,0,0.0008146315813064575
7945281358,6837278495,2,0,6.525149309766221e-10
7945281358,6839422251,2,0,6.889218640004913e-10
7947146412,3541413702,2,0,7.452372555722176e-17
7948030979,5070705161,2,0,7.418166321287393e-17
7948080664,7804300115,2,0,0.0007806866778992116
7948624675,3051163592,2,0,0.0012902042362838984
7948853157,7200019989,2,0,8.479668672530972e-17
7949859251,6523666955,2,0,0.00041454093297943473
7951235674,6554603444,2,0,1.0018799123656663e-09
7952324380,7760290512,2,0,0.4965672492980957
7952618862,3217035437,2,0,9.147284821433541e-17
7953002575,5600540896,2,0,8.776333548787818e-10
7953611459,5531506227,2,0,1.7013421921285854e-12
7957029968,6483039487,2,0,0.0004718168929684907
7957866698,3292333231,2,0,1.4774404573023037e-12
7960211604,7188930130,2,0,6.642967842473979e-10
7962008506,7188930130,2,0,6.527739460082671e-10
7963497777,5600540896,2,0,6.451921774619507e-10
7963523625,1821525001,2,0,1.4774404573023037e-12
7964554298,5939204645,2,0,8.940030937765187e-10
7964611847,6232442780,2,0,1.9591331595208983e-12
7965175957,6523666955,2,0,1.957262043411623e-12
7965573505,6153121801,2,0,1.3718520677080681e-12
7965764873,5939204645,2,0,0.9999997615814209
7965854567,6441657735,2,0,0.051968444138765335
7965947517,7847210480,2,0,0.9999997615814209
7966149778,7612876955,2,0,0.9999884366989136
7967677478,2705589884,2,0,1.0
7967988243,6437735703,2,0,1.0
7970393351,3217035437,2,0,3.7881031857978087e-06
7970393351,7893929649,2,0,5.983132419411577e-15
7971958423,7850599876,2,0,1.4757421630193224e-12
7973075649,7188930130,2,0,9.623239520806237e-07
7973978938,6425881183,2,0,0.0006510072853416204
7975541622,1188472987,2,0,5.2518024651337925e-11
7976694326,7200019989,2,0,3.800777267315425e-05
7977411762,7767144248,2,0,0.9938058853149414
7977429821,7767144248,2,0,5.18854854913986e-11
7978072415,6523666955,2,0,2.3946129523721993e-09
7979352492,7200019989,2,0,0.000546433380804956
7980287799,7946457588,2,0,6.534105478905872e-10
7980859588,5574911608,2,0,0.029265273362398148
7982287956,5600540896,2,0,0.026707936078310013
7983739813,1816029971,2,0,2.8300701782058013e-09
7984486935,3905581452,2,0,5.983132419411577e-15
7984486935,5020552519,2,0,0.0007812172989360988
7984486935,6558040566,2,0,0.00041833167779259384
7984486935,6837278495,2,0,3.851662810916423e-08
7984486935,7188930130,2,0,3.7726872506027576e-06
7984486935,7946457588,2,0,3.828350259027502e-08
7986897540,6420654776,2,0,4.531059602768794e-15
7987612947,6554603444,2,0,6.480188607937976e-10
7988462291,7200019989,2,0,8.079019441501728e-17
7988884369,7804300115,2,0,1.3717107961649933e-12
7988960538,7893929649,2,0,4.851780157917162e-15
7989280493,3778125742,2,0,3.789842367041274e-06
7992942724,2002400427,2,0,0.00010681683488655835
7992942724,5033845034,2,0,0.0008128172485157847
7994184733,5531506227,2,0,0.00022493602591566741
7995635576,7461276382,2,0,1.4757421630193224e-12
7998360675,5972505998,2,0,3.773795469896868e-06
7998566614,7767144248,2,0,7.452372555722176e-17
7999272254,2002400427,2,0,8.137832992360927e-06
7999272254,2201915244,2,0,1.4774404573023037e-12
7999272254,3317704373,2,0,1.4774404573023037e-12
8002812036,6554603444,2,0,7.478715280381784e-17
8003183213,7847210480,2,0,9.665409379522316e-07
8004116279,7160110296,2,0,5.30037323187571e-06
8004481588,2002400427,2,0,1.4757421630193224e-12
8006203602,6420654776,2,0,1.4757421630193224e-12
8006593040,2002400427,2,0,3.710180166566213e-12
8006665000,6788591973,2,0,0.0010019924957305193
8007250332,6523666955,2,0,1.4757421630193224e-12
8007284230,1041705884,2,0,1.957262043411623e-12
8008306259,1816029971,2,0,3.7848096212655946e-08
8009339655,6276227682,2,0,1.9824007886637407e-12
8010796220,7866135934,2,0,7.538349708590937e-17
8011095985,5226302309,2,0,4.0877594041090985e-15
8013707464,6232442780,2,0,1.0988518983623408e-09
8013853792,7757687460,2,0,1.962970801530628e-12
8016891260,7200019989,2,0,8.649281824091304e-08
8017253179,6420654776,2,0,9.065546803767991e-17
8017407131,5939204645,2,0,0.0008185335318557918
8211149352,6560668913,2,0,1.3206448556957184e-07
8213128757,7200019989,2,0,0.0007806866778992116
8213815243,7200019989,2,0,4.814519178567445e-15
8219263300,1554226303,2,0,3.710180600247082e-12
8233626356,7804300115,2,0,0.0011700330069288611
8252443551,1497609517,2,0,0.0007871203706599772
8261099715,7200019989,2,0,0.0008999290294013917
8262473487,7200019989,2,0,5.351535102511356e-15
8267337794,5428423860,2,0,4.134275059186621e-06
8267337794,7625326364,2,0,5.983132419411577e-15
8269075140,7200019989,2,0,7.729726215111206e-17
8280338974,5600540896,2,0,3.7903084830759326e-06
8298591498,2002400427,2,0,1.220750898074492e-16
8302069509,5600540896,2,0,4.544682857175958e-15
8319102561,5939204645,2,0,1.4757421630193224e-12
8345920168,5428423860,2,0,6.42968511765929e-10
8358913160,6558040566,2,0,7.402498614084152e-10
8403513439,5574911608,2,0,1.4757139737628377e-12
8409177419,3829981184,2,0,4.0778851175264814e-15
8419886976,7850599876,2,0,0.0007989115547388792
8427289383,6232442780,2,0,5.36021803725366e-15
8435641726,6483039487,2,0,3.265424389220506e-11
8437483884,7847210480,2,0,0.01029776781797409
8438330290,6243146585,2,0,0.006232807878404856
8444197508,6788591973,2,0,0.005688156466931105
8444197508,7804300115,2,0,7.375137047566874e-17
8451024598,7847210480,2,0,7.504721838840452e-17
8455663383,3098510521,2,0,1.4757421630193224e-12
8456897026,6065301364,2,0,1.955016010191102e-12
8475766446,2201915244,2,0,1.4757421630193224e-12
8494715494,6554603444,2,0,1.4757421630193224e-12
9009667598,7912058860,2,0,0.0007821152685210109
9013172400,7866135934,2,0,4.533998807095766e-15
9027526143,6113513458,2,0,7.534920465346318e-10
9027724651,6788591973,2,0,6.126688276708592e-07
9049242664,7200019989,2,0,4.817966328118928e-05
9053155446,5250260756,2,0,4.5374072676755174e-15
9056202508,2427613143,2,0,4.322777080950982e-14
9056913384,7200019989,2,0,0.0009884615428745747
9099134840,5428423860,2,0,3.764534257238994e-14
9099502556,5543176559,2,0,5.6342127408015585e-08
9099989043,6065301364,2,0,1.0
9116086826,6788591973,2,0,1.0
9116086826,7804300115,2,0,1.0
9120401139,2002400427,2,0,1.0
9120401139,2201915244,2,0,1.0
9122966976,6441657735,2,0,1.0
9123384953,2909406375,2,0,2.831494205768337e-10
9124384123,7200019989,2,0,1.0
9127451917,5600540896,2,0,1.0
9145502462,7200019989,2,0,1.0
9147107087,7200019989,2,0,1.0
9165329829,9165329829,2,0,1.0
9169924166,7847210480,2,0,1.0
9174272116,6788591973,2,0,1.0
9176144845,2427613143,2,0,1.0
9178591817,6153121801,2,0,1.0
9178591817,7506746741,2,0,1.0
9181376714,6788591973,2,0,1.0
9181926640,5428423860,2,0,1.0
9185841187,7625326364,2,0,1.0
9185841187,7850599876,2,0,1.0
9188458262,2201915244,2,0,1.0
