uid,username,gat_score,predicted_label,pseudo_label,core_score,pagerank,in_degree,out_degree,total_degree,weighted_in_degree,weighted_out_degree,posts_commented,posts_authored,comment_count,component_size
6272876985,一条闪耀大蟒蛇_,0.999976,1,1,0.110961,0.0008199327644892,20,0,20,20,0,0,1,0,2848
1821525001,王霏霏Fei,0.999976,1,1,0.110961,0.0008199327644892,20,1,21,20,1,1,1,1,2848
1954778190,Vinida万妮达,0.999976,1,1,0.1066,0.0007793940947315,19,0,19,20,0,0,1,0,2848
2909406375,星娱酱,0.999976,1,1,0.110961,0.0008199327644892,20,0,20,20,0,0,1,0,2848
5606716867,吃瓜罗伯特,0.999976,1,0,0.0,4.8008927852633245e-05,0,24,24,0,24,24,0,24,2848
6871895822,演员陈添祥,0.999976,1,1,0.250141,0.0051632391320854,20,1,21,20,1,1,1,1,2848
7850599876,Huldigen,0.999976,1,1,0.253141,0.0046016671259189,24,1,25,27,1,1,4,1,2848
1316949123,娄艺潇,0.999976,1,1,0.09352,0.0006577780854583,16,0,16,20,0,0,1,0,2848
2705589884,张艺凡,0.999976,1,1,0.08812,0.0005848084798944,15,0,15,20,0,0,1,0,2848
6580670764,TOPCLASS娱乐,0.999976,1,1,0.09788,0.000698316755216,17,0,17,20,0,0,1,0,2848
5926318749,CristianoRonaldo,0.999976,1,1,0.105808,0.0006591293744502,20,0,20,20,0,0,1,0,2848
5939204645,多樂,0.999976,1,1,0.110311,0.0007996634296103,20,0,20,20,0,0,1,0,2848
2560497310,渡边小鲜肉,0.999976,1,1,0.110961,0.0008199327644892,20,0,20,20,0,0,1,0,2848
6113513458,演员王彦桐,0.999976,1,1,0.084799,0.0005767007459429,14,0,14,20,0,0,1,0,2848
6124100893,猪堡_,0.999976,1,1,0.071689,0.0005361620761852,13,0,13,13,0,0,1,0,2848
1554226303,高彦Will,0.999976,1,1,0.110961,0.0008199327644892,20,0,20,20,0,0,1,0,2848
6304429250,煎饼果仔-张问初,0.999976,1,1,0.108363,0.0007388554249738,20,0,20,20,0,0,1,0,2848
7912058860,yeeuni06,0.999976,1,1,0.110961,0.0008199327644892,20,0,20,20,0,0,1,0,2848
6441657735,十鸢里美-,0.999976,1,1,0.110961,0.0008199327644892,20,0,20,20,0,0,1,0,2848
1719397245,JaniceMan文咏珊,0.999976,1,1,0.080439,0.0005361620761852,13,0,13,20,0,0,1,0,2848
2018925253,赵雅芝,0.999976,1,1,0.10224,0.0007388554249738,18,0,18,20,0,0,1,0,2848
9165329829,Toptap陈拓安,0.999976,1,1,0.250141,0.0051632391320854,20,1,21,20,1,1,1,1,2848
1791873284,许靖韵Angela,0.999976,1,1,0.10224,0.0007388554249738,18,0,18,20,0,0,1,0,2848
3973292213,钱多多向前,0.999976,1,1,0.110311,0.0007996634296103,20,0,20,20,0,0,1,0,2848
1041705884,雷淞然,0.999976,1,1,0.250141,0.0051632391320854,20,1,21,20,1,1,1,1,2848
6065301364,网友小氢,0.999825,1,1,0.098634,0.0007043492953586,18,0,18,18,0,0,1,0,2848
5428423860,_FirstSnow,0.999825,1,1,0.546018,0.0033954413227754,98,0,98,111,0,0,7,0,2848
6788591973,玉玊则不汏,0.999825,1,1,0.257922,0.0016565254314536,47,0,47,50,0,0,3,0,2848
6554603444,老公我想要没有水印的,0.999825,1,1,0.071696,0.0005364033777909,13,0,13,13,0,0,1,0,2848
3051163592,潘薇音,0.999825,1,1,0.110968,0.0008201740660949,20,0,20,20,0,0,1,0,2848
2217048775,2楼哎呦喂多多,0.999825,1,1,0.102248,0.0007390967265795,18,0,18,20,0,0,1,0,2848
6243146585,上官美姨,0.999825,1,1,0.110319,0.000799904731216,20,0,20,20,0,0,1,0,2848
1850017837,史老柒,0.999825,1,1,0.110968,0.0008201740660949,20,0,20,20,0,0,1,0,2848
6276227682,liu_iiiiiirich,0.999825,1,1,0.110968,0.0008201740660949,20,0,20,20,0,0,1,0,2848
3317704373,牛师傅Goat,0.999825,1,1,0.166879,0.001085026708512,31,0,31,31,0,0,2,0,2848
5762999670,评论罗伯特,0.999825,1,0,0.0,4.8008927852633245e-05,0,14,14,0,21,21,0,21,2848
6442235149,陈怡西瓜瓜瓜,0.999825,1,1,0.102248,0.0007390967265795,18,0,18,20,0,0,1,0,2848
3217742437,每阅,0.999825,1,1,0.504832,0.0027780952947506,71,0,71,160,0,0,8,0,2848
7341744407,忘词大王林小喜,0.999825,1,1,0.110319,0.000799904731216,20,0,20,20,0,0,1,0,2848
5574911608,人间冷暖Lens,0.99902,1,1,0.201322,0.0040998980611836,16,1,17,18,1,1,1,1,2848
5600540896,霜霜霜霜霜雪,0.99902,1,1,0.211741,0.0043685315948851,17,1,18,17,1,1,1,1,2848
6425881183,摄影日课,0.99902,1,1,0.111015,0.0008216218757291,20,0,20,20,0,0,1,0,2848
6101852007,IR氢,0.99902,1,1,0.026211,0.0001932724944844,5,0,5,5,0,0,1,0,2848
5407978252,B612星球的王妃,0.99902,1,1,0.108385,0.0022194633252731,9,1,10,9,1,1,1,1,2848
1816029971,CNU_blank,0.99902,1,1,0.761862,0.0156511400103481,59,1,60,65,3,3,4,3,2848
7914407845,摄影波特,0.99902,1,0,0.0,4.8008927852633245e-05,0,9,9,0,12,12,0,12,2848
3541413702,壁纸唐酱,0.99902,1,1,0.157009,0.0031596806932283,13,1,14,14,1,1,1,1,2848
3217035437,-梁小萌,0.999019,1,1,0.418527,0.0026728877946651,68,0,68,101,0,0,7,0,2848
7200019989,月见里暮,0.999005,1,1,0.713942,0.0146373682224508,56,1,57,60,3,3,3,3,2848
1728860841,微博同城,0.997032,1,0,0.0,4.8008927852633245e-05,0,7,7,0,9,8,0,9,2848
3778125742,Sraint-,0.997032,1,1,0.110401,0.0008024786150102,20,0,20,20,0,0,1,0,2848
2090591961,美食家大雄,0.997032,1,1,0.651782,0.0132707484200488,50,1,51,60,5,3,3,5,2848
5531506227,Qsjzkedll,0.997032,1,1,0.101225,0.0007461749070134,18,0,18,19,0,0,1,0,2848
5311962099,Jinsiqqq_,0.997032,1,1,0.111051,0.0008227479498891,20,0,20,20,0,0,1,0,2848
6839422251,壮壮少吃一口吧,0.997032,1,1,0.067232,0.000397091917433,13,0,13,13,0,0,1,0,2848
5020552519,战小妙,0.996927,1,1,0.031424,0.0002214243484828,6,0,6,6,0,0,1,0,2848
1737850362,duck_ye,0.996894,1,1,0.114165,0.0022653015869761,10,1,11,10,1,1,1,1,2848
7380722614,趣你的书小生,0.996522,1,1,0.110443,0.0008037655569073,20,0,20,20,0,0,1,0,2848
7892270010,微博智搜,0.996522,1,0,0.0,4.8008927852633245e-05,0,7,7,0,7,7,0,7,2848
1195908387,佳佳的奇妙冒险,0.996522,1,1,0.110443,0.0008037655569073,20,0,20,20,0,0,1,0,2848
3292333231,季雨少女,0.996522,1,1,0.111092,0.0008240348917861,20,0,20,20,0,0,1,0,2848
7240026510,来杯蜂蜜抽子,0.996522,1,1,0.111092,0.0008240348917861,20,0,20,20,0,0,1,0,2848
6001863056,娜扎工作室,0.996522,1,1,0.098011,0.000702418882513,17,0,17,20,0,0,1,0,2848
3543420821,八座金球两座劳伦斯,0.99516,1,1,0.04182,0.0002767628500569,8,0,8,8,0,0,1,0,2848
6313972943,仙露槑號,0.99516,1,0,0.0,4.8008927852633245e-05,0,6,6,0,7,6,0,7,2848
6523666955,一切障碍克服了我,0.99516,1,1,0.110443,0.0008037655569073,20,0,20,20,0,0,1,0,2848
2427613143,欧洲足球记录者,0.99516,1,1,0.066996,0.0004852474373823,12,0,12,13,0,0,1,0,2848
6153121801,迈阿密国际守梅者,0.995098,1,1,0.243559,0.0014773831193814,45,0,45,48,0,0,3,0,2848
7767144248,八座金球小神龙,0.99502,1,1,0.383224,0.0024158533242727,71,0,71,72,0,0,6,0,2848
5250260756,家里有八个金球,0.99502,1,1,0.438638,0.0026962457900969,78,0,78,92,0,0,6,0,2848
7946457588,Jingion0,0.994234,1,1,0.101152,0.0007439227586935,18,0,18,19,0,0,1,0,2848
6558040566,RUTOTO,0.994234,1,1,0.05502,0.0004196134006317,10,0,10,10,0,0,1,0,2848
7984486935,千问,0.994234,1,0,0.0,4.8008927852633245e-05,0,6,6,0,6,6,0,6,2848
6837278495,星星的治愈生活,0.994234,1,1,0.050474,0.0002777280564797,10,0,10,10,0,0,1,0,2848
7188930130,隔胳呜呜,0.994234,1,1,0.111123,0.0008250000982089,20,0,20,20,0,0,1,0,2848
3905581452,CDJHkkkkkkkYNL,0.994234,1,1,0.05502,0.0004196134006317,10,0,10,10,0,0,1,0,2848
7734889891,coin闪闪发光噢,0.9839,1,1,0.106691,0.0007822092801313,19,0,19,20,0,0,1,0,2848
5140279430,是你呀哆哆,0.9839,1,0,0.0,4.8008927852633245e-05,0,4,4,0,9,9,0,9,2848
7461276382,花生了什么事,0.9839,1,1,0.106691,0.0007822092801313,19,0,19,20,0,0,1,0,2848
5730240854,哪有位zhi,0.983899,1,1,0.108886,0.0007551835002928,20,0,20,20,0,0,1,0,2848
1797539504,曾沛慈,0.982744,1,1,0.374232,0.0092267189020758,18,1,19,20,2,1,1,2,2848
7906568195,想吃冷脸萌,0.979693,1,0,0.0,4.8008927852633245e-05,0,4,4,0,5,5,0,5,2848
2217066377,梅西和大空翼,0.979687,1,1,0.100781,0.0019821703705034,9,1,10,9,1,1,1,1,2848
7034095279,小羊的快乐神驹朋友,0.978457,1,0,0.0,4.8008927852633245e-05,0,4,4,0,5,5,0,5,2848
7506746741,竹笛漫港枝,0.978324,1,1,0.106944,0.0006946007104883,20,0,20,20,0,0,1,0,2848
7815030583,波点兔兔兔_,0.976926,1,0,0.0,4.8008927852633245e-05,0,4,4,0,5,4,0,5,2848
5767049948,陈靖可,0.976925,1,1,0.19721,0.001393892763809,34,0,34,40,0,0,2,0,2848
3829981184,潘珺雅,0.976915,1,1,0.097046,0.0006723044421215,17,0,17,20,0,0,1,0,2848
2054440425,M8SSIisGOAT,0.976672,1,0,0.0,4.8008927852633245e-05,0,4,4,0,4,4,0,4,2848
5955730111,蓝枫1908,0.976662,1,1,0.110582,0.0008081089858099,20,0,20,20,0,0,1,0,2848
1811903663,徐若晗cici,0.976497,1,1,0.194783,0.003817832850797,16,1,17,20,3,1,1,3,2848
2002400427,鸡肉干贝粥,0.97286,1,1,0.771278,0.0149642056884543,66,1,67,73,2,1,6,2,2848
2201915244,Messifanobserver,0.971064,1,1,0.357387,0.0021572745236038,62,0,62,80,0,0,4,0,2848
6483039487,朵咩多咩,0.968754,1,1,0.106143,0.0006696018641377,20,0,20,20,0,0,1,0,2848
1751676312,茜总的甜心私房喵,0.947045,1,0,0.0,4.8008927852633245e-05,0,3,3,0,5,5,0,5,2848
1769699740,Cookie碎碎唸,0.944969,1,0,0.0,4.8008927852633245e-05,0,3,3,0,5,5,0,5,2848
3182080140,马德里杀侏将,0.944872,1,0,0.0,4.8008927852633245e-05,0,3,3,0,7,4,0,7,2848
2302957412,大老师我想你了,0.944462,1,0,0.0,4.8008927852633245e-05,0,3,3,0,5,5,0,5,2848
3671879202,氪星小狗领养手册,0.944424,1,1,0.110517,0.000806082052322,20,0,20,20,0,0,1,0,2848
2793347685,慕容獳,0.943319,1,0,0.0,4.8008927852633245e-05,0,3,3,0,5,5,0,5,2848
5653438922,我的心略大於整個宇宙-,0.942245,1,0,0.0,4.8008927852633245e-05,0,3,3,0,4,4,0,4,2848
3183216730,嘉北思南,0.941785,1,0,0.0,4.8008927852633245e-05,0,3,3,0,4,4,0,4,2848
7779012489,此处网络已掉线,0.941347,1,0,0.0,4.8008927852633245e-05,0,3,3,0,4,4,0,4,2848
2785240624,Nicoco福満満,0.940531,1,0,0.0,4.8008927852633245e-05,0,3,3,0,4,4,0,4,2848
7999272254,幸福落在我身上,0.938597,1,0,0.0,4.8008927852633245e-05,0,3,3,0,4,4,0,4,2848
6120662293,李李李芊然_,0.938439,1,0,0.0,4.8008927852633245e-05,0,3,3,0,4,4,0,4,2848
6618737705,Vamos_Argentina2030,0.937617,1,1,0.105355,0.0007405445362137,19,0,19,20,0,0,1,0,2848
7418997552,卧来自羊村,0.937541,1,0,0.0,4.8008927852633245e-05,0,3,3,0,4,4,0,4,2848
1600908824,-系我阿,0.936101,1,0,0.0,4.8008927852633245e-05,0,3,3,0,3,3,0,3,2848
5250084887,茸尾诗,0.935715,1,0,0.0,4.8008927852633245e-05,0,3,3,0,4,4,0,4,2848
3616558417,是等等呀__,0.93236,1,0,0.0,4.8008927852633245e-05,0,3,3,0,4,4,0,4,2848
3117084031,秉烛7号学堂,0.932347,1,0,0.0,4.8008927852633245e-05,0,3,3,0,3,3,0,3,2848
5453665355,我就爱捡垃圾你管我,0.929764,1,0,0.0,4.8008927852633245e-05,0,3,3,0,3,3,0,3,2848
2891416631,matemia,0.92941,1,1,0.059932,0.0003993440657528,11,0,11,12,0,0,1,0,2848
7865913205,甲鸟甲鸟米大豆,0.929239,1,0,0.0,4.8008927852633245e-05,0,3,3,0,4,4,0,4,2848
7804300115,妹喜鸳鸯谱,0.927191,1,1,0.518588,0.0033992056278243,89,0,89,111,0,0,7,0,2848
7625326364,舱门即将关闭777,0.927114,1,1,0.055463,0.0003554271735153,10,0,10,12,0,0,2,0,2848
7861852871,微笑的沐染,0.926159,1,0,0.0,4.8008927852633245e-05,0,3,3,0,3,3,0,3,2848
7831167755,隋周JM,0.92452,1,0,0.0,4.8008927852633245e-05,0,3,3,0,3,3,0,3,2848
5648330378,Rose夕夕Ss,0.923916,1,0,0.0,4.8008927852633245e-05,0,3,3,0,3,3,0,3,2848
6478381694,咕噜吃豆腐,0.923769,1,0,0.0,4.8008927852633245e-05,0,3,3,0,3,3,0,3,2848
2219969573,祝绪丹Bambi,0.923738,1,1,0.093898,0.0006696018641377,16,0,16,20,0,0,1,0,2848
6502204514,李紫婷Mimi,0.923733,1,1,0.093898,0.0006696018641377,16,0,16,20,0,0,1,0,2848
5070705161,球圈大白,0.921422,1,1,0.108741,0.0007506792036531,20,0,20,20,0,0,1,0,2848
7874031656,只是对roro做了错饭,0.917662,1,0,0.0,4.8008927852633245e-05,0,3,3,0,3,3,0,3,2848
1497609517,敖铭,0.917639,1,1,0.077678,0.0005885245246222,14,0,14,14,0,0,1,0,2848
7866135934,你却爱着一只蓝白小鹰,0.900524,1,1,0.255967,0.0016695557181615,45,0,45,53,0,0,4,0,2848
6420654776,Ronnie君,0.895324,1,1,0.753353,0.0148004671536267,59,1,60,80,1,1,7,1,2848
6358868863,Alone-咖啡,0.852329,1,0,0.0,4.8008927852633245e-05,0,2,2,0,7,7,0,7,2848
2424689883,奶茶有什么错呢,0.831544,1,0,0.0,4.8008927852633245e-05,0,2,2,0,4,4,0,4,2848
2363366540,泡温泉的月亮,0.828347,1,0,0.0,4.8008927852633245e-05,0,2,2,0,4,4,0,4,2848
6560668913,Chills牙牙,0.827126,1,1,0.107334,0.0007067623114156,20,0,20,20,0,0,1,0,2848
1493067267,小军同学0801,0.8256,1,0,0.0,4.8008927852633245e-05,0,2,2,0,4,4,0,4,2848
5139226538,雕妹白亦,0.811083,1,0,0.0,4.8008927852633245e-05,0,2,2,0,4,4,0,4,2848
3012889857,如果妳永不畏惧,0.810423,1,0,0.0,4.8008927852633245e-05,0,2,2,0,4,4,0,4,2848
1297975973,宠物摄影师-克查,0.809698,1,1,0.197275,0.0013959196972968,34,0,34,40,0,0,2,0,2848
2211373945,雨水姐姐_,0.809204,1,0,0.0,4.8008927852633245e-05,0,2,2,0,3,3,0,3,2848
1744365780,鳴公子Raymond,0.807086,1,0,0.0,4.8008927852633245e-05,0,2,2,0,3,3,0,3,2848
5226302309,水老师_,0.80637,1,1,0.094509,0.0007101405338954,17,0,17,17,0,0,1,0,2848
5983385535,锦熙橘_,0.805135,1,0,0.0,4.8008927852633245e-05,0,2,2,0,3,3,0,3,2848
9120401139,在两千年后,0.802526,1,0,0.0,4.8008927852633245e-05,0,2,2,0,5,5,0,5,2848
5734193765,璀璨麦地,0.798488,1,0,0.0,4.8008927852633245e-05,0,2,2,0,2,2,0,2,2848
7970393351,青春草原一只羊,0.798488,1,0,0.0,4.8008927852633245e-05,0,2,2,0,2,2,0,2,2848
5531767567,小蜗牛快乐慢递,0.798488,1,0,0.0,4.8008927852633245e-05,0,2,2,0,2,2,0,2,2848
5867735185,无根的浮萍36916,0.798488,1,0,0.0,4.8008927852633245e-05,0,2,2,0,2,2,0,2,2848
6613929574,埃克斯特C,0.797113,1,0,0.0,4.8008927852633245e-05,0,2,2,0,3,3,0,3,2848
7893929649,杨晨晨Sugary,0.795917,1,1,0.060414,0.0004533956254298,11,0,11,11,0,0,1,0,2848
7612876955,喜欢的红萝卜呀,0.793979,1,1,0.049843,0.0003925876207932,9,0,9,9,0,0,1,0,2848
1842817440,fufuuuuuuuou,0.790908,1,0,0.0,4.8008927852633245e-05,0,2,2,0,3,3,0,3,2848
9116086826,诺诺米糍糍,0.786757,1,0,0.0,4.8008927852633245e-05,0,2,2,0,3,3,0,3,2848
5119768111,安分守己的胖橘,0.785252,1,0,0.0,4.8008927852633245e-05,0,2,2,0,2,2,0,2,2848
5199672634,巫却云,0.783992,1,0,0.0,4.8008927852633245e-05,0,2,2,0,3,3,0,3,2848
6572599385,月华霜重梅花弄,0.782286,1,0,0.0,4.8008927852633245e-05,0,2,2,0,3,3,0,3,2848
6762134101,freshness77,0.780675,1,0,0.0,4.8008927852633245e-05,0,2,2,0,3,3,0,3,2848
2953376860,满世界zhong香菜,0.78044,1,0,0.0,4.8008927852633245e-05,0,2,2,0,2,2,0,2,2848
6484871353,_AKhisleuimum,0.779146,1,0,0.0,4.8008927852633245e-05,0,2,2,0,3,3,0,3,2848
5789387121,小抚-,0.776621,1,1,0.484834,0.0099874496748082,38,1,39,40,3,1,2,3,2848
7550888631,Neptune_10,0.776297,1,0,0.0,4.8008927852633245e-05,0,2,2,0,2,2,0,2,2848
2997506332,乀时滞,0.776297,1,0,0.0,4.8008927852633245e-05,0,2,2,0,2,2,0,2,2848
2857550643,吴昊0621,0.776297,1,0,0.0,4.8008927852633245e-05,0,2,2,0,2,2,0,2,2848
1225514872,-子夜丸-,0.772637,1,0,0.0,4.8008927852633245e-05,0,2,2,0,2,2,0,2,2848
1845506087,小马好儿郎,0.772637,1,0,0.0,4.8008927852633245e-05,0,2,2,0,2,2,0,2,2848
7922906411,尼的crazy,0.769341,1,0,0.0,4.8008927852633245e-05,0,2,2,0,2,2,0,2,2848
6198853428,没有呼吸的青春,0.767487,1,0,0.0,4.8008927852633245e-05,0,2,2,0,3,3,0,3,2848
7801996463,星夜循环,0.766337,1,0,0.0,4.8008927852633245e-05,0,2,2,0,2,2,0,2,2848
1957735750,_小丑面具HF,0.766337,1,0,0.0,4.8008927852633245e-05,0,2,2,0,2,2,0,2,2848
2937990707,Lila-阿敏,0.764858,1,1,0.054804,0.0004128569556721,10,0,10,10,0,0,1,0,2848
7280338093,-兔里斯蒂亚诺-,0.763616,1,0,0.0,4.8008927852633245e-05,0,2,2,0,3,3,0,3,2848
5727659310,Mary_Coco,0.763576,1,0,0.0,4.8008927852633245e-05,0,2,2,0,2,2,0,2,2848
3098510521,英国足球那点事,0.761051,1,1,0.111556,0.0008385129881282,20,0,20,20,0,0,1,0,2848
7069545912,钻粉头子,0.758643,1,0,0.0,4.8008927852633245e-05,0,2,2,0,2,2,0,2,2848
7019520733,igoteverythingiwanted,0.758643,1,0,0.0,4.8008927852633245e-05,0,2,2,0,2,2,0,2,2848
3894924082,谁赢都是十六郎6点04强坚漯赢,0.758643,1,0,0.0,4.8008927852633245e-05,0,2,2,0,2,2,0,2,2848
7371171018,妲己长了兔子牙,0.758643,1,0,0.0,4.8008927852633245e-05,0,2,2,0,2,2,0,2,2848
7751062251,只要名字够长就有人会看,0.758643,1,0,0.0,4.8008927852633245e-05,0,2,2,0,2,2,0,2,2848
2136848625,一般可爱人鱼鱼,0.757449,1,1,0.110907,0.0008182436532493,20,0,20,20,0,0,1,0,2848
1893673244,Jenniferklem_369,0.756422,1,0,0.0,4.8008927852633245e-05,0,2,2,0,2,2,0,2,2848
6495956394,Fontus-肆,0.756422,1,0,0.0,4.8008927852633245e-05,0,2,2,0,2,2,0,2,2848
2931356587,松鼠z,0.756422,1,0,0.0,4.8008927852633245e-05,0,2,2,0,2,2,0,2,2848
5365378896,天航工作室,0.755917,1,1,0.110907,0.0008182436532493,20,0,20,20,0,0,1,0,2848
3412668714,小武拉莫,0.755164,1,1,0.254087,0.0052863628350319,20,1,21,20,1,1,1,1,2848
5941399699,手可摘棉花2026_,0.754336,1,0,0.0,4.8008927852633245e-05,0,2,2,0,2,2,0,2,2848
3344715030,MargaretCruise,0.754336,1,0,0.0,4.8008927852633245e-05,0,2,2,0,2,2,0,2,2848
5092418919,lls洛莉,0.752369,1,0,0.0,4.8008927852633245e-05,0,2,2,0,2,2,0,2,2848
7824702171,闻人立道此一游,0.752369,1,0,0.0,4.8008927852633245e-05,0,2,2,0,2,2,0,2,2848
2463325380,wsmksz克,0.752369,1,0,0.0,4.8008927852633245e-05,0,2,2,0,2,2,0,2,2848
1882313655,_氷面鏡_,0.750508,1,0,0.0,4.8008927852633245e-05,0,2,2,0,2,2,0,2,2848
7478156815,Marine2309,0.750508,1,0,0.0,4.8008927852633245e-05,0,2,2,0,2,2,0,2,2848
1691995232,Telecoman,0.748739,1,0,0.0,4.8008927852633245e-05,0,2,2,0,2,2,0,2,2848
6022538330,EGLT-,0.748739,1,0,0.0,4.8008927852633245e-05,0,2,2,0,2,2,0,2,2848
6154865031,不可思议的CR7,0.748739,1,0,0.0,4.8008927852633245e-05,0,2,2,0,2,2,0,2,2848
7913829809,0-0lII,0.747054,1,0,0.0,4.8008927852633245e-05,0,2,2,0,2,2,0,2,2848
1737002301,作壁上观_HN,0.747054,1,0,0.0,4.8008927852633245e-05,0,2,2,0,2,2,0,2,2848
7685423446,lllinsum,0.747054,1,0,0.0,4.8008927852633245e-05,0,2,2,0,2,2,0,2,2848
6541815589,长谷部喵喵,0.745443,1,0,0.0,4.8008927852633245e-05,0,2,2,0,2,2,0,2,2848
6520466508,-summermatsuru夏祭-,0.745443,1,0,0.0,4.8008927852633245e-05,0,2,2,0,2,2,0,2,2848
7378094994,sjwdddso,0.745443,1,0,0.0,4.8008927852633245e-05,0,2,2,0,2,2,0,2,2848
3847642518,麦子哥哥QaQ,0.744943,1,1,0.110907,0.0008182436532493,20,0,20,20,0,0,1,0,2848
2722434532,Messi是Goat啊,0.7439,1,0,0.0,4.8008927852633245e-05,0,2,2,0,2,2,0,2,2848
7878990442,只是一只梅梅,0.7439,1,0,0.0,4.8008927852633245e-05,0,2,2,0,2,2,0,2,2848
7760290512,台湾小妹在南京,0.74358,1,1,0.102353,0.0007033840889358,18,0,18,21,0,0,2,0,2848
7644983894,梦幻梅西1987202107,0.743049,1,0,0.0,4.8008927852633245e-05,0,2,2,0,3,3,0,3,2848
3991558018,stella_呆呆的,0.742419,1,0,0.0,4.8008927852633245e-05,0,2,2,0,2,2,0,2,2848
3730032693,大黎我爱你,0.742419,1,0,0.0,4.8008927852633245e-05,0,2,2,0,2,2,0,2,2848
6328108045,sanssi三三,0.742419,1,0,0.0,4.8008927852633245e-05,0,2,2,0,2,2,0,2,2848
6450068750,谦小寻de奇迹先生,0.742419,1,0,0.0,4.8008927852633245e-05,0,2,2,0,2,2,0,2,2848
7765668071,哆啦憨包,0.742099,1,1,0.110907,0.0008182436532493,20,0,20,20,0,0,1,0,2848
5504476141,图拉丁未来科技,0.740994,1,0,0.0,4.8008927852633245e-05,0,2,2,0,2,2,0,2,2848
7945281358,小土豆长高个呜呜,0.740994,1,0,0.0,4.8008927852633245e-05,0,2,2,0,2,2,0,2,2848
7844581127,杰尼龟说,0.740878,1,1,0.111556,0.0008385129881282,20,0,20,20,0,0,1,0,2848
5987057408,赵嘉敏儿,0.739805,1,1,0.094115,0.0006763583090973,16,0,16,20,0,0,1,0,2848
2806319925,修罗指2222,0.739623,1,0,0.0,4.8008927852633245e-05,0,2,2,0,2,2,0,2,2848
6443590529,蓝星真公主,0.739623,1,0,0.0,4.8008927852633245e-05,0,2,2,0,2,2,0,2,2848
5017984506,竹影风动故人来,0.739623,1,0,0.0,4.8008927852633245e-05,0,2,2,0,2,2,0,2,2848
9178591817,Sonneteur,0.7383,1,0,0.0,4.8008927852633245e-05,0,2,2,0,2,2,0,2,2848
7562155141,用户7562155141,0.7383,1,0,0.0,4.8008927852633245e-05,0,2,2,0,2,2,0,2,2848
3082731712,萌宠物爱宝宝,0.737624,1,1,0.223762,0.0016492863832826,40,0,40,40,0,0,2,0,2848
2318910945,新浪热点,0.737619,1,1,0.010571,0.0001088169324892,2,0,2,2,0,0,1,0,2848
5091244357,真的是无语了啊,0.737024,1,0,0.0,4.8008927852633245e-05,0,2,2,0,2,2,0,2,2848
1890250623,朝闻夕改,0.735789,1,0,0.0,4.8008927852633245e-05,0,2,2,0,2,2,0,2,2848
7830075259,Sophie_ProMAX,0.735022,1,0,0.0,4.8008927852633245e-05,0,2,2,0,3,2,0,3,2848
7885630436,与宝宝殓爱,0.734594,1,0,0.0,4.8008927852633245e-05,0,2,2,0,2,2,0,2,2848
7627992009,忆斛春,0.734594,1,0,0.0,4.8008927852633245e-05,0,2,2,0,2,2,0,2,2848
9185841187,大地羊水之中_,0.732312,1,0,0.0,4.8008927852633245e-05,0,2,2,0,2,2,0,2,2848
6746001413,hangorer53177,0.732312,1,0,0.0,4.8008927852633245e-05,0,2,2,0,2,2,0,2,2848
5268473295,找晴天事务所媛总,0.732312,1,0,0.0,4.8008927852633245e-05,0,2,2,0,2,2,0,2,2848
1275418863,阿根廷往事,0.73176,1,1,0.039223,0.0002912409463989,7,0,7,8,0,0,1,0,2848
7847210480,其实我也不是很丑吧喵,0.731305,1,1,0.219401,0.0016087477135249,39,0,39,40,0,0,2,0,2848
1842782523,春衫曾湿西湖雨,0.731221,1,0,0.0,4.8008927852633245e-05,0,2,2,0,2,2,0,2,2848
3612524932,Vica-HG,0.731221,1,0,0.0,4.8008927852633245e-05,0,2,2,0,2,2,0,2,2848
5577912170,蜡笔祖新,0.730159,1,0,0.0,4.8008927852633245e-05,0,2,2,0,2,2,0,2,2848
1224415880,久儿92,0.730159,1,0,0.0,4.8008927852633245e-05,0,2,2,0,2,2,0,2,2848
1786175837,你我走在大路上,0.730159,1,0,0.0,4.8008927852633245e-05,0,2,2,0,2,2,0,2,2848
1714852885,安静的角落999999,0.730159,1,0,0.0,4.8008927852633245e-05,0,2,2,0,2,2,0,2,2848
7992942724,用户7992942724,0.729126,1,0,0.0,4.8008927852633245e-05,0,2,2,0,2,2,0,2,2848
7402186530,sink的业火炮,0.729126,1,0,0.0,4.8008927852633245e-05,0,2,2,0,2,2,0,2,2848
6242369268,阿怼是我的好朋友,0.729126,1,0,0.0,4.8008927852633245e-05,0,2,2,0,2,2,0,2,2848
6675318855,悲伤小玉米奶茶,0.729126,1,0,0.0,4.8008927852633245e-05,0,2,2,0,2,2,0,2,2848
5711641197,美少女天天开心yeah,0.728118,1,0,0.0,4.8008927852633245e-05,0,2,2,0,2,2,0,2,2848
2590335977,Shine淼lovelvaforever7,0.728118,1,0,0.0,4.8008927852633245e-05,0,2,2,0,2,2,0,2,2848
7481118901,晴窗旧友,0.728118,1,0,0.0,4.8008927852633245e-05,0,2,2,0,2,2,0,2,2848
1978279913,X-Spock,0.728118,1,0,0.0,4.8008927852633245e-05,0,2,2,0,2,2,0,2,2848
5033845034,cheese会陪CR7走到最后,0.726666,1,1,0.027402,0.0002304329417623,5,0,5,5,0,0,1,0,2848
5972505998,百万狼哥,0.726499,1,1,0.037973,0.0002912409463989,7,0,7,7,0,0,1,0,2848
6839600660,饭醉咸鱼人_,0.726178,1,0,0.0,4.8008927852633245e-05,0,2,2,0,2,2,0,2,2848
7755003616,人青-Cyan,0.725242,1,0,0.0,4.8008927852633245e-05,0,2,2,0,2,2,0,2,2848
5462435649,youha6379,0.725242,1,0,0.0,4.8008927852633245e-05,0,2,2,0,2,2,0,2,2848
6084227841,唯爱博bobo-85,0.725242,1,0,0.0,4.8008927852633245e-05,0,2,2,0,2,2,0,2,2848
1875293522,卢克文,0.724655,1,1,0.111556,0.0008385129881282,20,0,20,20,0,0,1,0,2848
7463923134,1晚风很凉,0.724328,1,0,0.0,4.8008927852633245e-05,0,2,2,0,2,2,0,2,2848
2547901727,大草帽时代,0.723433,1,0,0.0,4.8008927852633245e-05,0,2,2,0,2,2,0,2,2848
6596460896,吃饭的事是快乐,0.723433,1,0,0.0,4.8008927852633245e-05,0,2,2,0,2,2,0,2,2848
7905358076,划水东星斑,0.723433,1,0,0.0,4.8008927852633245e-05,0,2,2,0,2,2,0,2,2848
7275729663,奇迹是存在的哦,0.723433,1,0,0.0,4.8008927852633245e-05,0,2,2,0,2,2,0,2,2848
5543176559,日本沙雕日常,0.72315,1,1,0.111556,0.0008385129881282,20,0,20,20,0,0,1,0,2848
6561223167,水瓶座的彦麒麟,0.722559,1,0,0.0,4.8008927852633245e-05,0,2,2,0,2,2,0,2,2848
1645599505,纽太普同学,0.722206,1,1,0.111556,0.0008385129881282,20,0,20,20,0,0,1,0,2848
7852737448,嘿少管我_KaBu,0.721702,1,0,0.0,4.8008927852633245e-05,0,2,2,0,2,2,0,2,2848
6232442780,纯情小白兔快乐生活,0.720875,1,1,0.107196,0.0007979743183704,19,0,19,20,0,0,1,0,2848
7909217740,帝敕,0.720042,1,0,0.0,4.8008927852633245e-05,0,2,2,0,2,2,0,2,2848
8444197508,-Lykke_-,0.719237,1,0,0.0,4.8008927852633245e-05,0,2,2,0,2,2,0,2,2848
6086668009,梅天都是好心晴,0.719237,1,0,0.0,4.8008927852633245e-05,0,2,2,0,2,2,0,2,2848
8267337794,Crissweet,0.719237,1,0,0.0,4.8008927852633245e-05,0,2,2,0,2,2,0,2,2848
5435888391,无人可替代的罗尼罗尼,0.719237,1,0,0.0,4.8008927852633245e-05,0,2,2,0,2,2,0,2,2848
2134427891,佐鼬为楠_爱丁堡民工,0.717674,1,0,0.0,4.8008927852633245e-05,0,2,2,0,2,2,0,2,2848
6607593762,Besideyou_凌,0.717674,1,0,0.0,4.8008927852633245e-05,0,2,2,0,2,2,0,2,2848
1792879900,在埃尔南的陪伴下度过漫长碎月,0.716914,1,0,0.0,4.8008927852633245e-05,0,2,2,0,2,2,0,2,2848
1917488115,赵子龙之云看盘,0.716464,1,1,0.106546,0.0007777049834916,19,0,19,20,0,0,1,0,2848
7619348846,看遍世界遇见你,0.716168,1,0,0.0,4.8008927852633245e-05,0,2,2,0,2,2,0,2,2848
5972186487,恋之花朵-,0.712629,1,0,0.0,4.8008927852633245e-05,0,2,2,0,2,2,0,2,2848
6636351939,琪姐努力点,0.712629,1,0,0.0,4.8008927852633245e-05,0,2,2,0,2,2,0,2,2848
7757687460,小夏摊煎饼,0.707942,1,1,0.109607,0.0007777049834916,20,0,20,20,0,0,1,0,2848
1190090017,CR7_Stats,0.704632,1,0,0.0,4.8008927852633245e-05,0,2,2,0,2,2,0,2,2848
7467277921,万维视频,0.703783,1,1,0.110907,0.0008182436532493,20,0,20,20,0,0,1,0,2848
1856000570,淘不出手掌心,0.70245,1,0,0.0,4.8008927852633245e-05,0,2,2,0,2,2,0,2,2848
5582280558,炸毛小咪LL,0.700886,1,0,0.0,4.8008927852633245e-05,0,2,2,0,2,2,0,2,2848
5105022555,龙队是乒坛王中皇,0.698886,1,0,0.0,4.8008927852633245e-05,0,2,2,0,2,2,0,2,2848
5335635347,姜姜在此V,0.69792,1,0,0.0,4.8008927852633245e-05,0,2,2,0,2,2,0,2,2848
6618900848,Yun_池,0.697446,1,0,0.0,4.8008927852633245e-05,0,2,2,0,2,2,0,2,2848
1188472987,科技数码秀,0.696688,1,1,0.249783,0.0051520460681811,20,1,21,20,1,1,1,1,2848
7609939042,城南my,0.694263,1,0,0.0,4.8008927852633245e-05,0,2,2,0,2,2,0,2,2848
1647256370,少女囤货日记,0.693283,1,1,0.111556,0.0008385129881282,20,0,20,20,0,0,1,0,2848
7010682405,没有假期的杀手K,0.692544,1,0,0.0,4.8008927852633245e-05,0,2,2,0,2,2,0,2,2848
6437735703,七八个圆,0.689809,1,1,0.110907,0.0008182436532493,20,0,20,20,0,0,1,0,2848
7160110296,六叔开球,0.688213,1,1,0.110907,0.0008182436532493,20,0,20,20,0,0,1,0,2848
7824782570,蓝莓蛋糕鉴赏大师,0.687008,1,0,0.0,4.8008927852633245e-05,0,2,2,0,2,2,0,2,2848
6125838276,Mammon66,0.686272,1,0,0.0,4.8008927852633245e-05,0,2,2,0,2,2,0,2,2848
1306484861,大胖大胖,0.682887,1,1,0.500808,0.0103903999753604,39,1,40,40,1,1,2,1,2848
7543837857,梦伊可爱多3,0.677966,1,0,0.0,4.8008927852633245e-05,0,2,2,0,2,2,0,2,2848
1916727945,旺财317403,0.675891,1,0,0.0,4.8008927852633245e-05,0,2,2,0,2,2,0,2,2848
2008062861,格调Sam总,0.673224,1,1,0.129891,0.0026000274980169,10,1,11,14,5,1,1,5,2848
7892055557,空山新雨后123-,0.670432,1,0,0.0,4.8008927852633245e-05,0,2,2,0,2,2,0,2,2848
1354456794,吾爱玄,0.501746,1,0,0.0,4.8008927852633245e-05,0,1,1,0,8,8,0,8,2848
1334278383,yokoikuta,0.491897,0,0,0.0,4.8008927852633245e-05,0,1,1,0,7,7,0,7,2848
1734230522,joichen,0.491897,0,0,0.0,4.8008927852633245e-05,0,1,1,0,7,7,0,7,2848
1684577171,沈同学2324,0.482714,0,0,0.0,4.8008927852633245e-05,0,1,1,0,6,6,0,6,2848
5617654427,微风往事fwx,0.468808,0,0,0.0,4.8008927852633245e-05,0,1,1,0,7,7,0,7,2848
2830035983,鹹蛋超人0128,0.465967,0,0,0.0,4.8008927852633245e-05,0,1,1,0,6,6,0,6,2848
2287336764,喃_09,0.465967,0,0,0.0,4.8008927852633245e-05,0,1,1,0,6,6,0,6,2848
2648474973,鱼在旅行中LJ,0.463515,0,0,0.0,4.8008927852633245e-05,0,1,1,0,6,6,0,6,2848
7843624981,MuCi1112,0.447106,0,0,0.0,4.8008927852633245e-05,0,1,1,0,5,5,0,5,2848
5236617398,中华罗裙,0.430385,0,0,0.0,4.8008927852633245e-05,0,1,1,0,7,5,0,7,2848
1921253302,Harvard_公爵殿下,0.429057,0,0,0.0,4.8008927852633245e-05,0,1,1,0,4,4,0,4,2848
1766797025,shelly-nen,0.428651,0,0,0.0,4.8008927852633245e-05,0,1,1,0,6,6,0,6,2848
6642539688,糯米兜兜ovo,0.421011,0,0,0.0,4.8008927852633245e-05,0,1,1,0,5,5,0,5,2848
1637804344,星升东方,0.416697,0,0,0.0,4.8008927852633245e-05,0,1,1,0,4,4,0,4,2848
3253820142,王越翔,0.416697,0,0,0.0,4.8008927852633245e-05,0,1,1,0,4,4,0,4,2848
2739913222,乐乐u浩浩,0.412398,0,0,0.0,4.8008927852633245e-05,0,1,1,0,3,3,0,3,2848
3826021920,上元听雪,0.412398,0,0,0.0,4.8008927852633245e-05,0,1,1,0,3,3,0,3,2848
1770890027,风生水许,0.390402,0,0,0.0,4.8008927852633245e-05,0,1,1,0,3,3,0,3,2848
2904548773,月光為鄰,0.390402,0,0,0.0,4.8008927852633245e-05,0,1,1,0,3,3,0,3,2848
7767499922,七号鹿人ovo,0.382177,0,0,0.0,4.8008927852633245e-05,0,1,1,0,4,4,0,4,2848
6213369701,-开开心心发大财GW,0.371173,0,0,0.0,4.8008927852633245e-05,0,1,1,0,5,5,0,5,2848
7500031508,鱼儿lihui,0.361105,0,0,0.0,4.8008927852633245e-05,0,1,1,0,2,2,0,2,2848
5655938692,何处于今生WayneCR7,0.361105,0,0,0.0,4.8008927852633245e-05,0,1,1,0,2,2,0,2,2848
5969799768,足球刀客,0.361105,0,0,0.0,4.8008927852633245e-05,0,1,1,0,2,2,0,2,2848
6074231828,COCO1996CC,0.361105,0,0,0.0,4.8008927852633245e-05,0,1,1,0,2,2,0,2,2848
7367863996,山己几2020,0.361105,0,0,0.0,4.8008927852633245e-05,0,1,1,0,2,2,0,2,2848
1740655094,AA大志哥,0.360473,0,0,0.0,4.8008927852633245e-05,0,1,1,0,3,3,0,3,2848
5143261665,慕熙乐,0.360473,0,0,0.0,4.8008927852633245e-05,0,1,1,0,3,3,0,3,2848
8475766446,藕丝泥霸_233,0.35093,0,0,0.0,4.8008927852633245e-05,0,1,1,0,3,3,0,3,2848
5457515269,喜喜喜喜久福,0.35093,0,0,0.0,4.8008927852633245e-05,0,1,1,0,3,3,0,3,2848
6660147759,Taroake,0.348269,0,0,0.0,4.8008927852633245e-05,0,1,1,0,5,1,0,5,2848
1885617617,BellShii,0.342228,0,0,0.0,4.8008927852633245e-05,0,1,1,0,3,3,0,3,2848
6643222037,那一片红色的珊瑚海,0.338768,0,0,0.0,4.8008927852633245e-05,0,1,1,0,2,1,0,2,2848
7597207883,一点小任性666,0.338768,0,0,0.0,4.8008927852633245e-05,0,1,1,0,2,1,0,2,2848
7821067086,小龙说世界,0.338768,0,0,0.0,4.8008927852633245e-05,0,1,1,0,2,1,0,2,2848
7792900078,叹悯,0.337108,0,0,0.0,4.8008927852633245e-05,0,1,1,0,2,2,0,2,2848
6572850998,cheer163,0.335356,0,0,0.0,4.8008927852633245e-05,0,1,1,0,3,3,0,3,2848
3217625733,gasinn,0.332831,0,0,0.0,4.8008927852633245e-05,0,1,1,0,5,1,0,5,2848
6422226540,宝贝豆豆6422226540,0.329672,0,0,0.0,4.8008927852633245e-05,0,1,1,0,3,3,0,3,2848
1157920844,彡明志2009彡,0.329369,0,0,0.0,4.8008927852633245e-05,0,1,1,0,2,2,0,2,2848
3592107422,天上掉下个喵大爷,0.323032,0,0,0.0,4.8008927852633245e-05,0,1,1,0,2,2,0,2,2848
3220990344,漫步游戏99,0.323032,0,0,0.0,4.8008927852633245e-05,0,1,1,0,2,2,0,2,2848
2709987651,Scomeky,0.323032,0,0,0.0,4.8008927852633245e-05,0,1,1,0,2,2,0,2,2848
1739848282,斯蒂芬-孟,0.323032,0,0,0.0,4.8008927852633245e-05,0,1,1,0,2,2,0,2,2848
1762610752,大海邊_小漁村fisherman,0.323032,0,0,0.0,4.8008927852633245e-05,0,1,1,0,2,2,0,2,2848
3944334435,永生的蜉蝣_,0.321258,0,0,0.0,4.8008927852633245e-05,0,1,1,0,3,3,0,3,2848
1279546101,GeekPeak极峰评测,0.32059,0,0,0.0,4.8008927852633245e-05,0,1,1,0,3,3,0,3,2848
1567946024,咸蛋超人Syou,0.317671,0,0,0.0,4.8008927852633245e-05,0,1,1,0,2,2,0,2,2848
1626205887,水波蛋冫中鸭,0.317671,0,0,0.0,4.8008927852633245e-05,0,1,1,0,2,2,0,2,2848
5574666804,咊風壹起,0.317671,0,0,0.0,4.8008927852633245e-05,0,1,1,0,2,2,0,2,2848
6067347236,小小小阿517,0.313032,0,0,0.0,4.8008927852633245e-05,0,1,1,0,2,2,0,2,2848
7935855460,咻咻_goodluck,0.3114,0,0,0.0,4.8008927852633245e-05,0,1,1,0,3,2,0,3,2848
3123020445,收获美好时光,0.305301,0,0,0.0,4.8008927852633245e-05,0,1,1,0,2,2,0,2,2848
6065238581,思来如见,0.305301,0,0,0.0,4.8008927852633245e-05,0,1,1,0,2,2,0,2,2848
2398850425,春天的海v,0.305301,0,0,0.0,4.8008927852633245e-05,0,1,1,0,2,2,0,2,2848
5869669944,NIC_Evolution,0.304193,0,0,0.0,4.8008927852633245e-05,0,1,1,0,2,1,0,2,2848
2212708624,无程程_,0.302006,0,0,0.0,4.8008927852633245e-05,0,1,1,0,2,2,0,2,2848
2782266763,624号养花人,0.302006,0,0,0.0,4.8008927852633245e-05,0,1,1,0,2,2,0,2,2848
7790733876,蓝莓葡萄拼豆,0.300005,0,0,0.0,4.8008927852633245e-05,0,1,1,0,3,1,0,3,2848
7896196352,虎are_you_a,0.299003,0,0,0.0,4.8008927852633245e-05,0,1,1,0,2,2,0,2,2848
7097522993,ZhangMnnnn-,0.297387,0,0,0.0,4.8008927852633245e-05,0,1,1,0,2,1,0,2,2848
3718622400,清水小柠檬_,0.296242,0,0,0.0,4.8008927852633245e-05,0,1,1,0,2,2,0,2,2848
7920053298,苏苏-1919,0.296242,0,0,0.0,4.8008927852633245e-05,0,1,1,0,2,2,0,2,2848
7611980071,用户7611980071,0.296242,0,0,0.0,4.8008927852633245e-05,0,1,1,0,2,2,0,2,2848
7906440060,剑来白也先生,0.296242,0,0,0.0,4.8008927852633245e-05,0,1,1,0,2,2,0,2,2848
1060462954,南宫异,0.293691,0,0,0.0,4.8008927852633245e-05,0,1,1,0,2,2,0,2,2848
3137474057,小小蓝色宇宙,0.293691,0,0,0.0,4.8008927852633245e-05,0,1,1,0,2,2,0,2,2848
5897852113,Cyyolove梅西,0.293691,0,0,0.0,4.8008927852633245e-05,0,1,1,0,2,2,0,2,2848
7442618355,安静祝祝_姬携紫月归版,0.289404,0,0,0.0,4.8008927852633245e-05,0,1,1,0,3,1,0,3,2848
6013757222,毫无存在,0.289135,0,0,0.0,4.8008927852633245e-05,0,1,1,0,1,1,0,1,2848
2737348954,是墨墨宝儿,0.289135,0,0,0.0,4.8008927852633245e-05,0,1,1,0,1,1,0,1,2848
6559055428,真好今天还有头发的哀伤,0.289135,0,0,0.0,4.8008927852633245e-05,0,1,1,0,1,1,0,1,2848
6047942160,李祥051,0.289135,0,0,0.0,4.8008927852633245e-05,0,1,1,0,1,1,0,1,2848
2408657922,弓长日月龙,0.289135,0,0,0.0,4.8008927852633245e-05,0,1,1,0,1,1,0,1,2848
2160474317,Aries楠BJ,0.289135,0,0,0.0,4.8008927852633245e-05,0,1,1,0,1,1,0,1,2848
5653941020,-谁也别惹我,0.289135,0,0,0.0,4.8008927852633245e-05,0,1,1,0,1,1,0,1,2848
7963497777,儒雅的蓝凡白,0.289135,0,0,0.0,4.8008927852633245e-05,0,1,1,0,1,1,0,1,2848
6300234639,快乐丹克斯,0.289135,0,0,0.0,4.8008927852633245e-05,0,1,1,0,1,1,0,1,2848
6246470049,乐观的LLllaa,0.289135,0,0,0.0,4.8008927852633245e-05,0,1,1,0,1,1,0,1,2848
6504034181,Rsi思,0.289135,0,0,0.0,4.8008927852633245e-05,0,1,1,0,1,1,0,1,2848
6278236541,不远音乐,0.289135,0,0,0.0,4.8008927852633245e-05,0,1,1,0,1,1,0,1,2848
7947146412,酒酒塔罗_,0.289135,0,0,0.0,4.8008927852633245e-05,0,1,1,0,1,1,0,1,2848
6517592900,蓝飞鱼99,0.289135,0,0,0.0,4.8008927852633245e-05,0,1,1,0,1,1,0,1,2848
2498998250,别推我,0.289135,0,0,0.0,4.8008927852633245e-05,0,1,1,0,1,1,0,1,2848
7922325696,天山尊上,0.289135,0,0,0.0,4.8008927852633245e-05,0,1,1,0,1,1,0,1,2848
2167400120,sandy_静静,0.289135,0,0,0.0,4.8008927852633245e-05,0,1,1,0,1,1,0,1,2848
6549772226,影孤影獨,0.289135,0,0,0.0,4.8008927852633245e-05,0,1,1,0,1,1,0,1,2848
6056810348,冥战寒,0.289135,0,0,0.0,4.8008927852633245e-05,0,1,1,0,1,1,0,1,2848
2598441920,夏目日常搬砖,0.289135,0,0,0.0,4.8008927852633245e-05,0,1,1,0,1,1,0,1,2848
2401362081,Leo-Choi1225,0.289135,0,0,0.0,4.8008927852633245e-05,0,1,1,0,1,1,0,1,2848
2759441523,tomcat了,0.289135,0,0,0.0,4.8008927852633245e-05,0,1,1,0,1,1,0,1,2848
6523329535,哒哒哒六六六,0.289135,0,0,0.0,4.8008927852633245e-05,0,1,1,0,1,1,0,1,2848
5668271663,jackhopearson,0.289135,0,0,0.0,4.8008927852633245e-05,0,1,1,0,1,1,0,1,2848
2667629823,Ray好人君,0.289135,0,0,0.0,4.8008927852633245e-05,0,1,1,0,1,1,0,1,2848
7911174792,RSWW-2024,0.289135,0,0,0.0,4.8008927852633245e-05,0,1,1,0,1,1,0,1,2848
2670258781,红星照耀小伞,0.289135,0,0,0.0,4.8008927852633245e-05,0,1,1,0,1,1,0,1,2848
2339203132,周无病,0.289135,0,0,0.0,4.8008927852633245e-05,0,1,1,0,1,1,0,1,2848
6369592839,福美嘉苑,0.289135,0,0,0.0,4.8008927852633245e-05,0,1,1,0,1,1,0,1,2848
6124704701,Jacky19881112,0.289135,0,0,0.0,4.8008927852633245e-05,0,1,1,0,1,1,0,1,2848
1340403461,娇娇1011,0.289135,0,0,0.0,4.8008927852633245e-05,0,1,1,0,1,1,0,1,2848
6439839435,心有阳光6661,0.289135,0,0,0.0,4.8008927852633245e-05,0,1,1,0,1,1,0,1,2848
2397921670,沙沙jlylyh,0.289135,0,0,0.0,4.8008927852633245e-05,0,1,1,0,1,1,0,1,2848
5966595743,当下就是最好11,0.289135,0,0,0.0,4.8008927852633245e-05,0,1,1,0,1,1,0,1,2848
1596325883,快乐大王DD,0.289135,0,0,0.0,4.8008927852633245e-05,0,1,1,0,1,1,0,1,2848
5785269176,Orsro,0.289135,0,0,0.0,4.8008927852633245e-05,0,1,1,0,1,1,0,1,2848
5676421522,呃想取个名字真难,0.289135,0,0,0.0,4.8008927852633245e-05,0,1,1,0,1,1,0,1,2848
6138018794,厉害了那,0.289135,0,0,0.0,4.8008927852633245e-05,0,1,1,0,1,1,0,1,2848
2310962647,Lexie-yan,0.289135,0,0,0.0,4.8008927852633245e-05,0,1,1,0,1,1,0,1,2848
2669309985,隔壁家大D,0.289135,0,0,0.0,4.8008927852633245e-05,0,1,1,0,1,1,0,1,2848
1352201130,qqtjwai,0.289135,0,0,0.0,4.8008927852633245e-05,0,1,1,0,1,1,0,1,2848
5780474806,在榛子森林养鸡的红苋菜,0.289135,0,0,0.0,4.8008927852633245e-05,0,1,1,0,1,1,0,1,2848
6388881237,长顾fy,0.289135,0,0,0.0,4.8008927852633245e-05,0,1,1,0,1,1,0,1,2848
6141121645,顺遂_12,0.289135,0,0,0.0,4.8008927852633245e-05,0,1,1,0,1,1,0,1,2848
5767574790,潜行海豹,0.289135,0,0,0.0,4.8008927852633245e-05,0,1,1,0,1,1,0,1,2848
5949725740,林中熊的光玉,0.289135,0,0,0.0,4.8008927852633245e-05,0,1,1,0,1,1,0,1,2848
7872063766,云德LI,0.289135,0,0,0.0,4.8008927852633245e-05,0,1,1,0,1,1,0,1,2848
6444938272,用户6444938272,0.289135,0,0,0.0,4.8008927852633245e-05,0,1,1,0,1,1,0,1,2848
5852655163,神佛与山水间,0.289135,0,0,0.0,4.8008927852633245e-05,0,1,1,0,1,1,0,1,2848
1563292752,sisi_ch,0.289135,0,0,0.0,4.8008927852633245e-05,0,1,1,0,1,1,0,1,2848
6330967556,已无巷陌,0.289135,0,0,0.0,4.8008927852633245e-05,0,1,1,0,1,1,0,1,2848
7952324380,隐形的翅膀4940,0.289135,0,0,0.0,4.8008927852633245e-05,0,1,1,0,1,1,0,1,2848
1748371714,Hay牛牛,0.289135,0,0,0.0,4.8008927852633245e-05,0,1,1,0,1,1,0,1,2848
5871604407,听风过耳5871604407,0.289135,0,0,0.0,4.8008927852633245e-05,0,1,1,0,1,1,0,1,2848
6098321098,羹羹R8上,0.289135,0,0,0.0,4.8008927852633245e-05,0,1,1,0,1,1,0,1,2848
5715166252,似水年华的幸福_687,0.289135,0,0,0.0,4.8008927852633245e-05,0,1,1,0,1,1,0,1,2848
6472974847,栩梓鹿儿,0.289135,0,0,0.0,4.8008927852633245e-05,0,1,1,0,1,1,0,1,2848
5724794152,棽卯,0.289135,0,0,0.0,4.8008927852633245e-05,0,1,1,0,1,1,0,1,2848
6344687667,水瑟瑟水,0.289135,0,0,0.0,4.8008927852633245e-05,0,1,1,0,1,1,0,1,2848
7973978938,柑橘和苹果,0.289135,0,0,0.0,4.8008927852633245e-05,0,1,1,0,1,1,0,1,2848
6152251617,霖霜漫天,0.289135,0,0,0.0,4.8008927852633245e-05,0,1,1,0,1,1,0,1,2848
6459732362,超级玻璃豆,0.289135,0,0,0.0,4.8008927852633245e-05,0,1,1,0,1,1,0,1,2848
6456559730,静静等y1个她,0.289135,0,0,0.0,4.8008927852633245e-05,0,1,1,0,1,1,0,1,2848
2266927053,以後的-已後,0.289135,0,0,0.0,4.8008927852633245e-05,0,1,1,0,1,1,0,1,2848
2707136017,最爱梁子熙,0.289135,0,0,0.0,4.8008927852633245e-05,0,1,1,0,1,1,0,1,2848
7944772648,末日斩,0.289135,0,0,0.0,4.8008927852633245e-05,0,1,1,0,1,1,0,1,2848
6216744881,用户6216744881,0.289135,0,0,0.0,4.8008927852633245e-05,0,1,1,0,1,1,0,1,2848
1982258591,西柚唯一,0.289135,0,0,0.0,4.8008927852633245e-05,0,1,1,0,1,1,0,1,2848
1204418163,罗高工,0.289135,0,0,0.0,4.8008927852633245e-05,0,1,1,0,1,1,0,1,2848
1104186314,紫忧1126,0.289135,0,0,0.0,4.8008927852633245e-05,0,1,1,0,1,1,0,1,2848
7570263625,用户7570263625,0.289135,0,0,0.0,4.8008927852633245e-05,0,1,1,0,1,1,0,1,2848
7569400999,米爾斯克616,0.289135,0,0,0.0,4.8008927852633245e-05,0,1,1,0,1,1,0,1,2848
7556723356,橘柚爱染染,0.289135,0,0,0.0,4.8008927852633245e-05,0,1,1,0,1,1,0,1,2848
7801495762,晚安晚安宝宝,0.289135,0,0,0.0,4.8008927852633245e-05,0,1,1,0,1,1,0,1,2848
3981631677,飘渺-小筑,0.289135,0,0,0.0,4.8008927852633245e-05,0,1,1,0,1,1,0,1,2848
7804464590,kY肥Q,0.289135,0,0,0.0,4.8008927852633245e-05,0,1,1,0,1,1,0,1,2848
3196310282,莫上繁星,0.289135,0,0,0.0,4.8008927852633245e-05,0,1,1,0,1,1,0,1,2848
7812064042,居弗尔顿,0.289135,0,0,0.0,4.8008927852633245e-05,0,1,1,0,1,1,0,1,2848
3191789091,爱酷丫子,0.289135,0,0,0.0,4.8008927852633245e-05,0,1,1,0,1,1,0,1,2848
7813423521,硕果累累-5555,0.289135,0,0,0.0,4.8008927852633245e-05,0,1,1,0,1,1,0,1,2848
7486972106,蜜橘Super仪圆,0.289135,0,0,0.0,4.8008927852633245e-05,0,1,1,0,1,1,0,1,2848
8403513439,樊球球ovo,0.289135,0,0,0.0,4.8008927852633245e-05,0,1,1,0,1,1,0,1,2848
5080827273,徐伟64920,0.289135,0,0,0.0,4.8008927852633245e-05,0,1,1,0,1,1,0,1,2848
7479461437,用户7479461437,0.289135,0,0,0.0,4.8008927852633245e-05,0,1,1,0,1,1,0,1,2848
3168363654,丿幽幽丿,0.289135,0,0,0.0,4.8008927852633245e-05,0,1,1,0,1,1,0,1,2848
5116956158,短腿小哥tubor,0.289135,0,0,0.0,4.8008927852633245e-05,0,1,1,0,1,1,0,1,2848
7458654607,Rusty687,0.289135,0,0,0.0,4.8008927852633245e-05,0,1,1,0,1,1,0,1,2848
5196510075,挽希-,0.289135,0,0,0.0,4.8008927852633245e-05,0,1,1,0,1,1,0,1,2848
1878982664,乖乖麼麼茶,0.289135,0,0,0.0,4.8008927852633245e-05,0,1,1,0,1,1,0,1,2848
1163831055,寻梦月,0.289135,0,0,0.0,4.8008927852633245e-05,0,1,1,0,1,1,0,1,2848
1164839511,成炳南1,0.289135,0,0,0.0,4.8008927852633245e-05,0,1,1,0,1,1,0,1,2848
5216621276,用户5216621276,0.289135,0,0,0.0,4.8008927852633245e-05,0,1,1,0,1,1,0,1,2848
5237315820,Huahrna,0.289135,0,0,0.0,4.8008927852633245e-05,0,1,1,0,1,1,0,1,2848
7407210110,落叶粥恋,0.289135,0,0,0.0,4.8008927852633245e-05,0,1,1,0,1,1,0,1,2848
7386845614,无敌橙c大王,0.289135,0,0,0.0,4.8008927852633245e-05,0,1,1,0,1,1,0,1,2848
7604700213,东东咚咚1219,0.289135,0,0,0.0,4.8008927852633245e-05,0,1,1,0,1,1,0,1,2848
1817121380,Evian段段,0.289135,0,0,0.0,4.8008927852633245e-05,0,1,1,0,1,1,0,1,2848
3053539753,哥是饕餮座,0.289135,0,0,0.0,4.8008927852633245e-05,0,1,1,0,1,1,0,1,2848
3886346797,honey石林,0.289135,0,0,0.0,4.8008927852633245e-05,0,1,1,0,1,1,0,1,2848
3497182123,風崋圓舞陣,0.289135,0,0,0.0,4.8008927852633245e-05,0,1,1,0,1,1,0,1,2848
3547305065,月与夜精灵,0.289135,0,0,0.0,4.8008927852633245e-05,0,1,1,0,1,1,0,1,2848
7772730684,大雪和你看,0.289135,0,0,0.0,4.8008927852633245e-05,0,1,1,0,1,1,0,1,2848
3601293363,George_小人物,0.289135,0,0,0.0,4.8008927852633245e-05,0,1,1,0,1,1,0,1,2848
7770912267,LlllYoo,0.289135,0,0,0.0,4.8008927852633245e-05,0,1,1,0,1,1,0,1,2848
7770581910,Vinnn_go,0.289135,0,0,0.0,4.8008927852633245e-05,0,1,1,0,1,1,0,1,2848
1765282493,开心的蓝布丁,0.289135,0,0,0.0,4.8008927852633245e-05,0,1,1,0,1,1,0,1,2848
7769380101,喷火焱机,0.289135,0,0,0.0,4.8008927852633245e-05,0,1,1,0,1,1,0,1,2848
1745099012,一健格式化,0.289135,0,0,0.0,4.8008927852633245e-05,0,1,1,0,1,1,0,1,2848
3643174265,忆梦_25275,0.289135,0,0,0.0,4.8008927852633245e-05,0,1,1,0,1,1,0,1,2848
7751914351,丿陌雪之殇,0.289135,0,0,0.0,4.8008927852633245e-05,0,1,1,0,1,1,0,1,2848
7790597131,7Qicecream7,0.289135,0,0,0.0,4.8008927852633245e-05,0,1,1,0,1,1,0,1,2848
3272559204,贱贱_de_肥肉,0.289135,0,0,0.0,4.8008927852633245e-05,0,1,1,0,1,1,0,1,2848
7738168802,乐呵呵202202,0.289135,0,0,0.0,4.8008927852633245e-05,0,1,1,0,1,1,0,1,2848
7727401235,泥蝶67,0.289135,0,0,0.0,4.8008927852633245e-05,0,1,1,0,1,1,0,1,2848
7695075759,鲸鱼卷卷,0.289135,0,0,0.0,4.8008927852633245e-05,0,1,1,0,1,1,0,1,2848
1783578635,BenZ斌笑,0.289135,0,0,0.0,4.8008927852633245e-05,0,1,1,0,1,1,0,1,2848
7686052762,寂寞如雪99582,0.289135,0,0,0.0,4.8008927852633245e-05,0,1,1,0,1,1,0,1,2848
7672979339,-水原下小雪-,0.289135,0,0,0.0,4.8008927852633245e-05,0,1,1,0,1,1,0,1,2848
1790025437,筱倩aiq,0.289135,0,0,0.0,4.8008927852633245e-05,0,1,1,0,1,1,0,1,2848
3826297527,窈窕淑女球,0.289135,0,0,0.0,4.8008927852633245e-05,0,1,1,0,1,1,0,1,2848
7627815840,用户7627815840,0.289135,0,0,0.0,4.8008927852633245e-05,0,1,1,0,1,1,0,1,2848
1800242235,流年的末端1991,0.289135,0,0,0.0,4.8008927852633245e-05,0,1,1,0,1,1,0,1,2848
7621579590,动漫-手机壁纸,0.289135,0,0,0.0,4.8008927852633245e-05,0,1,1,0,1,1,0,1,2848
1737089831,特二型驱逐舰-上坂莲华,0.289135,0,0,0.0,4.8008927852633245e-05,0,1,1,0,1,1,0,1,2848
7376857898,碧海潮云_二次投胎啦,0.289135,0,0,0.0,4.8008927852633245e-05,0,1,1,0,1,1,0,1,2848
6039396026,破军1412,0.289135,0,0,0.0,4.8008927852633245e-05,0,1,1,0,1,1,0,1,2848
5389725498,乔Baby最可爱,0.289135,0,0,0.0,4.8008927852633245e-05,0,1,1,0,1,1,0,1,2848
1683705650,洞察者zavan,0.289135,0,0,0.0,4.8008927852633245e-05,0,1,1,0,1,1,0,1,2848
1273802294,科技六动,0.289135,0,0,0.0,4.8008927852633245e-05,0,1,1,0,1,1,0,1,2848
5543805633,青春梦想家金明琦,0.289135,0,0,0.0,4.8008927852633245e-05,0,1,1,0,1,1,0,1,2848
7346490369,漫天星河皆入眼,0.289135,0,0,0.0,4.8008927852633245e-05,0,1,1,0,1,1,0,1,2848
5590253140,虢雷,0.289135,0,0,0.0,4.8008927852633245e-05,0,1,1,0,1,1,0,1,2848
6902066598,舞限定20191012NPC,0.289135,0,0,0.0,4.8008927852633245e-05,0,1,1,0,1,1,0,1,2848
6878811189,快乐幸福健康哈,0.289135,0,0,0.0,4.8008927852633245e-05,0,1,1,0,1,1,0,1,2848
6858873223,吃好吃继续吃,0.289135,0,0,0.0,4.8008927852633245e-05,0,1,1,0,1,1,0,1,2848
5598714798,Hrf715,0.289135,0,0,0.0,4.8008927852633245e-05,0,1,1,0,1,1,0,1,2848
2812347581,笨喵家兔宝,0.289135,0,0,0.0,4.8008927852633245e-05,0,1,1,0,1,1,0,1,2848
6776655367,用户6776655367,0.289135,0,0,0.0,4.8008927852633245e-05,0,1,1,0,1,1,0,1,2848
3480486464,修仙日常,0.289135,0,0,0.0,4.8008927852633245e-05,0,1,1,0,1,1,0,1,2848
6754082660,菠萝_橘子海,0.289135,0,0,0.0,4.8008927852633245e-05,0,1,1,0,1,1,0,1,2848
2810859462,情话箱,0.289135,0,0,0.0,4.8008927852633245e-05,0,1,1,0,1,1,0,1,2848
5528151587,不叶恋不留念,0.289135,0,0,0.0,4.8008927852633245e-05,0,1,1,0,1,1,0,1,2848
2100154271,一晓凡尘,0.289135,0,0,0.0,4.8008927852633245e-05,0,1,1,0,1,1,0,1,2848
6744905755,沙漠是海,0.289135,0,0,0.0,4.8008927852633245e-05,0,1,1,0,1,1,0,1,2848
2115035020,水苓菪2011,0.289135,0,0,0.0,4.8008927852633245e-05,0,1,1,0,1,1,0,1,2848
2794329980,暴雪中潜水,0.289135,0,0,0.0,4.8008927852633245e-05,0,1,1,0,1,1,0,1,2848
7986897540,炭火中的黄心果果,0.289135,0,0,0.0,4.8008927852633245e-05,0,1,1,0,1,1,0,1,2848
7854650407,超爱棍棍和遮仔-见过婧祎版,0.289135,0,0,0.0,4.8008927852633245e-05,0,1,1,0,1,1,0,1,2848
6617567886,S减肥s,0.289135,0,0,0.0,4.8008927852633245e-05,0,1,1,0,1,1,0,1,2848
5626242855,玫瑰应急箱o,0.289135,0,0,0.0,4.8008927852633245e-05,0,1,1,0,1,1,0,1,2848
7983739813,也许不晚_,0.289135,0,0,0.0,4.8008927852633245e-05,0,1,1,0,1,1,0,1,2848
6588120898,人生茫然路,0.289135,0,0,0.0,4.8008927852633245e-05,0,1,1,0,1,1,0,1,2848
1668299217,一生有你4030,0.289135,0,0,0.0,4.8008927852633245e-05,0,1,1,0,1,1,0,1,2848
6574690140,用户6574690140,0.289135,0,0,0.0,4.8008927852633245e-05,0,1,1,0,1,1,0,1,2848
1979879971,余卓轩Joey,0.289135,0,0,0.0,4.8008927852633245e-05,0,1,1,0,1,1,0,1,2848
1696256335,赤木佳佳子,0.289135,0,0,0.0,4.8008927852633245e-05,0,1,1,0,1,1,0,1,2848
7168699288,-Cistus-,0.289135,0,0,0.0,4.8008927852633245e-05,0,1,1,0,1,1,0,1,2848
7215575653,用户7215575653,0.289135,0,0,0.0,4.8008927852633245e-05,0,1,1,0,1,1,0,1,2848
7279794880,Joy朱二姑娘,0.289135,0,0,0.0,4.8008927852633245e-05,0,1,1,0,1,1,0,1,2848
1934847561,张耀光-令令开门,0.289135,0,0,0.0,4.8008927852633245e-05,0,1,1,0,1,1,0,1,2848
7309845936,用户7309845936,0.289135,0,0,0.0,4.8008927852633245e-05,0,1,1,0,1,1,0,1,2848
1713849991,M曼曼M17,0.289135,0,0,0.0,4.8008927852633245e-05,0,1,1,0,1,1,0,1,2848
7309867176,油炸绿绿绿番茄,0.289135,0,0,0.0,4.8008927852633245e-05,0,1,1,0,1,1,0,1,2848
1925196447,Rubi-C,0.289135,0,0,0.0,4.8008927852633245e-05,0,1,1,0,1,1,0,1,2848
5409069865,Z张就是拽_wei,0.289135,0,0,0.0,4.8008927852633245e-05,0,1,1,0,1,1,0,1,2848
2923256815,凌晨三点半-海棠花依旧,0.289135,0,0,0.0,4.8008927852633245e-05,0,1,1,0,1,1,0,1,2848
3009528013,风雨而行,0.289135,0,0,0.0,4.8008927852633245e-05,0,1,1,0,1,1,0,1,2848
8011095985,在荒野减肥的蜜桃,0.289135,0,0,0.0,4.8008927852633245e-05,0,1,1,0,1,1,0,1,2848
7215435780,惊蛰_z,0.289135,0,0,0.0,4.8008927852633245e-05,0,1,1,0,1,1,0,1,2848
5495066741,夏日限定凤梨腿堡发疯冲浪版,0.289135,0,0,0.0,4.8008927852633245e-05,0,1,1,0,1,1,0,1,2848
7211148835,小旭是个帅哥,0.289135,0,0,0.0,4.8008927852633245e-05,0,1,1,0,1,1,0,1,2848
7830794214,城南丫,0.289135,0,0,0.0,4.8008927852633245e-05,0,1,1,0,1,1,0,1,2848
1964306911,九图收藏家,0.289135,0,0,0.0,4.8008927852633245e-05,0,1,1,0,1,1,0,1,2848
7190894435,时光尾号,0.289135,0,0,0.0,4.8008927852633245e-05,0,1,1,0,1,1,0,1,2848
7834446752,道德如荫,0.289135,0,0,0.0,4.8008927852633245e-05,0,1,1,0,1,1,0,1,2848
5392384794,u里越p,0.289135,0,0,0.0,4.8008927852633245e-05,0,1,1,0,1,1,0,1,2848
7274195852,用户7274195852,0.289135,0,0,0.0,4.8008927852633245e-05,0,1,1,0,1,1,0,1,2848
1775419875,陈昱臻-_-,0.289108,0,0,0.0,4.8008927852633245e-05,0,1,1,0,2,2,0,2,2848
7938478031,莓雨姬,0.289108,0,0,0.0,4.8008927852633245e-05,0,1,1,0,2,2,0,2,2848
7774305052,望凡FAN,0.287189,0,0,0.0,4.8008927852633245e-05,0,1,1,0,3,1,0,3,2848
7553168280,_好运星,0.287189,0,0,0.0,4.8008927852633245e-05,0,1,1,0,3,1,0,3,2848
3649161523,一个喜禾儿,0.286702,0,0,0.0,4.8008927852633245e-05,0,1,1,0,2,1,0,2,2848
7185176312,一坨奶油子,0.286702,0,0,0.0,4.8008927852633245e-05,0,1,1,0,2,1,0,2,2848
2940677475,卡卡西a-1,0.285083,0,0,0.0,4.8008927852633245e-05,0,1,1,0,2,2,0,2,2848
7487189721,捏碎一颗柠檬水芯,0.285083,0,0,0.0,4.8008927852633245e-05,0,1,1,0,2,2,0,2,2848
5650478727,格兰芬多一级优秀学员,0.285083,0,0,0.0,4.8008927852633245e-05,0,1,1,0,2,2,0,2,2848
7707911560,限定思语,0.284114,0,0,0.0,4.8008927852633245e-05,0,1,1,0,3,1,0,3,2848
6067391403,韦不忘1913,0.283241,0,0,0.0,4.8008927852633245e-05,0,1,1,0,2,2,0,2,2848
7257689338,我是瑶瑶Ivy,0.283148,0,0,0.0,4.8008927852633245e-05,0,1,1,0,3,1,0,3,2848
5617649014,今天没撒网,0.28235,0,0,0.0,4.8008927852633245e-05,0,1,1,0,2,1,0,2,2848
6553990368,宜润欣惠,0.28235,0,0,0.0,4.8008927852633245e-05,0,1,1,0,2,1,0,2,2848
1663306463,我真的就是猴子请来的救兵,0.281498,0,0,0.0,4.8008927852633245e-05,0,1,1,0,2,2,0,2,2848
3794046457,莱福疯兔子,0.279846,0,0,0.0,4.8008927852633245e-05,0,1,1,0,2,2,0,2,2848
9188458262,狂拽小胡桃01,0.278471,0,0,0.0,4.8008927852633245e-05,0,1,1,0,2,1,0,2,2848
7270732565,蒸汽小羊-p13,0.278471,0,0,0.0,4.8008927852633245e-05,0,1,1,0,2,1,0,2,2848
1645026453,远山黛_sherry,0.278277,0,0,0.0,4.8008927852633245e-05,0,1,1,0,2,2,0,2,2848
7463426198,春光明媚下的傻猪,0.278277,0,0,0.0,4.8008927852633245e-05,0,1,1,0,2,2,0,2,2848
1140574977,伯纳乌吹哨人,0.278277,0,0,0.0,4.8008927852633245e-05,0,1,1,0,2,2,0,2,2848
7101742696,死神2v,0.275363,0,0,0.0,4.8008927852633245e-05,0,1,1,0,2,2,0,2,2848
1865394082,没愿望的雪人,0.274005,0,0,0.0,4.8008927852633245e-05,0,1,1,0,2,2,0,2,2848
2150694340,Dreamingsleeper,0.274005,0,0,0.0,4.8008927852633245e-05,0,1,1,0,2,2,0,2,2848
6345571067,_今晚失眠怎么办,0.272706,0,0,0.0,4.8008927852633245e-05,0,1,1,0,2,2,0,2,2848
6144145181,误判了你的误判,0.272706,0,0,0.0,4.8008927852633245e-05,0,1,1,0,2,2,0,2,2848
9181926640,深耕熬夜研究,0.272706,0,0,0.0,4.8008927852633245e-05,0,1,1,0,2,2,0,2,2848
6098910513,吃到瓜的一次又一次的震惊,0.272706,0,0,0.0,4.8008927852633245e-05,0,1,1,0,2,2,0,2,2848
6807263453,跟着潇兔摘月亮,0.271929,0,0,0.0,4.8008927852633245e-05,0,1,1,0,3,1,0,3,2848
1962696443,captains大叔,0.271796,0,0,0.0,4.8008927852633245e-05,0,1,1,0,2,1,0,2,2848
2993063632,Ten-7-eleven,0.271459,0,0,0.0,4.8008927852633245e-05,0,1,1,0,2,2,0,2,2848
5597732473,唯爱Cris,0.271459,0,0,0.0,4.8008927852633245e-05,0,1,1,0,2,2,0,2,2848
1883332187,税后五百万翻番,0.270263,0,0,0.0,4.8008927852633245e-05,0,1,1,0,2,2,0,2,2848
6530939618,九朝cc,0.270263,0,0,0.0,4.8008927852633245e-05,0,1,1,0,2,2,0,2,2848
2744083455,赛博虚拟王总裁,0.270263,0,0,0.0,4.8008927852633245e-05,0,1,1,0,2,2,0,2,2848
1082972395,二青集团对面工作,0.270263,0,0,0.0,4.8008927852633245e-05,0,1,1,0,2,2,0,2,2848
5254854698,今天赌气部吃饭,0.268891,0,0,0.0,4.8008927852633245e-05,0,1,1,0,2,1,0,2,2848
6748667139,四月的白羊na,0.268891,0,0,0.0,4.8008927852633245e-05,0,1,1,0,2,1,0,2,2848
6452194854,CARROT温软人世间,0.266221,0,0,0.0,4.8008927852633245e-05,0,1,1,0,2,1,0,2,2848
7455350811,晚安小伊宝,0.266221,0,0,0.0,4.8008927852633245e-05,0,1,1,0,2,1,0,2,2848
4038601565,用户4038601565,0.265913,0,0,0.0,4.8008927852633245e-05,0,1,1,0,2,2,0,2,2848
6510330260,KK_kim03,0.265913,0,0,0.0,4.8008927852633245e-05,0,1,1,0,2,2,0,2,2848
1819098745,蹭茶西624,0.265606,0,0,0.0,4.8008927852633245e-05,0,1,1,0,4,2,0,4,2848
7774793475,luckilyhappy,0.26396,0,0,0.0,4.8008927852633245e-05,0,1,1,0,2,2,0,2,2848
5861591131,到底什么是_对的,0.263031,0,0,0.0,4.8008927852633245e-05,0,1,1,0,2,2,0,2,2848
1956054824,怪眉日眼丶,0.262381,0,0,0.0,4.8008927852633245e-05,0,1,1,0,1,1,0,1,2848
5476860342,乱星海KK紫灵,0.262381,0,0,0.0,4.8008927852633245e-05,0,1,1,0,1,1,0,1,2848
7107179748,不爱穿秋裤的烊,0.262381,0,0,0.0,4.8008927852633245e-05,0,1,1,0,1,1,0,1,2848
8002812036,黑暗不是永恒的唯一永恒的-是爱,0.262381,0,0,0.0,4.8008927852633245e-05,0,1,1,0,1,1,0,1,2848
5463792463,怪雨太萌,0.262381,0,0,0.0,4.8008927852633245e-05,0,1,1,0,1,1,0,1,2848
7156911488,氵车辶主,0.262381,0,0,0.0,4.8008927852633245e-05,0,1,1,0,1,1,0,1,2848
6926278145,不知道要叫啥啥啥,0.262381,0,0,0.0,4.8008927852633245e-05,0,1,1,0,1,1,0,1,2848
7988960538,不吃烤鸭的北平爺,0.262381,0,0,0.0,4.8008927852633245e-05,0,1,1,0,1,1,0,1,2848
1980517153,candyleader,0.262381,0,0,0.0,4.8008927852633245e-05,0,1,1,0,1,1,0,1,2848
2001689311,东北在逃溜豆腐,0.262381,0,0,0.0,4.8008927852633245e-05,0,1,1,0,1,1,0,1,2848
6985562762,吃八百块的粉,0.262381,0,0,0.0,4.8008927852633245e-05,0,1,1,0,1,1,0,1,2848
7848985507,么有烦恼iiic,0.262381,0,0,0.0,4.8008927852633245e-05,0,1,1,0,1,1,0,1,2848
7987612947,为什么绝对矛盾,0.262381,0,0,0.0,4.8008927852633245e-05,0,1,1,0,1,1,0,1,2848
6835357110,慢慢过日子啊,0.262381,0,0,0.0,4.8008927852633245e-05,0,1,1,0,1,1,0,1,2848
5643910408,随遇而安的浅浅,0.262381,0,0,0.0,4.8008927852633245e-05,0,1,1,0,1,1,0,1,2848
6571966934,三种无赖,0.262381,0,0,0.0,4.8008927852633245e-05,0,1,1,0,1,1,0,1,2848
6560093474,拉普拉斯和范德蒙德,0.262381,0,0,0.0,4.8008927852633245e-05,0,1,1,0,1,1,0,1,2848
7982287956,雾月寻霖,0.262381,0,0,0.0,4.8008927852633245e-05,0,1,1,0,1,1,0,1,2848
5455438937,yumiyxxx,0.262381,0,0,0.0,4.8008927852633245e-05,0,1,1,0,1,1,0,1,2848
6033945447,晒太阳的猫dd,0.262381,0,0,0.0,4.8008927852633245e-05,0,1,1,0,1,1,0,1,2848
7328924049,没用的麻瓜,0.262381,0,0,0.0,4.8008927852633245e-05,0,1,1,0,1,1,0,1,2848
8213128757,哼辞芒果,0.262381,0,0,0.0,4.8008927852633245e-05,0,1,1,0,1,1,0,1,2848
7776999090,顺顺西xi,0.262381,0,0,0.0,4.8008927852633245e-05,0,1,1,0,1,1,0,1,2848
7771894978,-萌萌優等生,0.262381,0,0,0.0,4.8008927852633245e-05,0,1,1,0,1,1,0,1,2848
7769939434,用户7769939434,0.262381,0,0,0.0,4.8008927852633245e-05,0,1,1,0,1,1,0,1,2848
9169924166,釉色谎,0.262381,0,0,0.0,4.8008927852633245e-05,0,1,1,0,1,1,0,1,2848
7734792730,松饼小丸,0.262381,0,0,0.0,4.8008927852633245e-05,0,1,1,0,1,1,0,1,2848
3226419533,NPC9674464343,0.262381,0,0,0.0,4.8008927852633245e-05,0,1,1,0,1,1,0,1,2848
7798119309,一痕霜冰,0.262381,0,0,0.0,4.8008927852633245e-05,0,1,1,0,1,1,0,1,2848
7605620715,醉狱无存界,0.262381,0,0,0.0,4.8008927852633245e-05,0,1,1,0,1,1,0,1,2848
8494715494,细雨拨谁心弦,0.262381,0,0,0.0,4.8008927852633245e-05,0,1,1,0,1,1,0,1,2848
1837376213,卷头头,0.262381,0,0,0.0,4.8008927852633245e-05,0,1,1,0,1,1,0,1,2848
4093260210,Dou1201,0.262381,0,0,0.0,4.8008927852633245e-05,0,1,1,0,1,1,0,1,2848
7521171196,HURRICANE·CHN,0.262381,0,0,0.0,4.8008927852633245e-05,0,1,1,0,1,1,0,1,2848
7507013549,啥下雨了哦组数据模型五天,0.262381,0,0,0.0,4.8008927852633245e-05,0,1,1,0,1,1,0,1,2848
7485763875,毫升mlml,0.262381,0,0,0.0,4.8008927852633245e-05,0,1,1,0,1,1,0,1,2848
7481185886,猫猫教_主,0.262381,0,0,0.0,4.8008927852633245e-05,0,1,1,0,1,1,0,1,2848
7466319216,Ttitr,0.262381,0,0,0.0,4.8008927852633245e-05,0,1,1,0,1,1,0,1,2848
3159416630,Rrain-_-_-,0.262381,0,0,0.0,4.8008927852633245e-05,0,1,1,0,1,1,0,1,2848
8298591498,持刃划苍穹,0.262381,0,0,0.0,4.8008927852633245e-05,0,1,1,0,1,1,0,1,2848
8280338974,惊蛰Jam,0.262381,0,0,0.0,4.8008927852633245e-05,0,1,1,0,1,1,0,1,2848
5186975499,碑酒配炒饭,0.262381,0,0,0.0,4.8008927852633245e-05,0,1,1,0,1,1,0,1,2848
1871950051,灰灰尘书,0.262381,0,0,0.0,4.8008927852633245e-05,0,1,1,0,1,1,0,1,2848
5231510839,是林美丽呀,0.262381,0,0,0.0,4.8008927852633245e-05,0,1,1,0,1,1,0,1,2848
7413249374,梦归琳琅,0.262381,0,0,0.0,4.8008927852633245e-05,0,1,1,0,1,1,0,1,2848
5254144658,放不开444,0.262381,0,0,0.0,4.8008927852633245e-05,0,1,1,0,1,1,0,1,2848
7365181791,和人类无法交流iy,0.262381,0,0,0.0,4.8008927852633245e-05,0,1,1,0,1,1,0,1,2848
7336651972,暴食de小麦,0.262381,0,0,0.0,4.8008927852633245e-05,0,1,1,0,1,1,0,1,2848
8213815243,梨蚀雨,0.262381,0,0,0.0,4.8008927852633245e-05,0,1,1,0,1,1,0,1,2848
7410128470,梦妍叫我早睡--,0.262381,0,0,0.0,4.8008927852633245e-05,0,1,1,0,1,1,0,1,2848
7229965075,橘子味星球杯,0.262381,0,0,0.0,4.8008927852633245e-05,0,1,1,0,1,1,0,1,2848
5664264860,吓的劳资的小鱼干都掉了,0.262381,0,0,0.0,4.8008927852633245e-05,0,1,1,0,1,1,0,1,2848
7980859588,奕只小比格_哼,0.262381,0,0,0.0,4.8008927852633245e-05,0,1,1,0,1,1,0,1,2848
2674783177,Luckymylife,0.262381,0,0,0.0,4.8008927852633245e-05,0,1,1,0,1,1,0,1,2848
6424107124,鋒轩兒,0.262381,0,0,0.0,4.8008927852633245e-05,0,1,1,0,1,1,0,1,2848
2314909021,大魔99,0.262381,0,0,0.0,4.8008927852633245e-05,0,1,1,0,1,1,0,1,2848
6375215321,刘宋日记43,0.262381,0,0,0.0,4.8008927852633245e-05,0,1,1,0,1,1,0,1,2848
6371440832,青提雨_oue禾菱,0.262381,0,0,0.0,4.8008927852633245e-05,0,1,1,0,1,1,0,1,2848
7976694326,now念,0.262381,0,0,0.0,4.8008927852633245e-05,0,1,1,0,1,1,0,1,2848
5851813335,大帆船员,0.262381,0,0,0.0,4.8008927852633245e-05,0,1,1,0,1,1,0,1,2848
2354330157,逝去了消逝了,0.262381,0,0,0.0,4.8008927852633245e-05,0,1,1,0,1,1,0,1,2848
5887456944,快乐放屁小猫,0.262381,0,0,0.0,4.8008927852633245e-05,0,1,1,0,1,1,0,1,2848
7966149778,蜡笔小新7966149778,0.262381,0,0,0.0,4.8008927852633245e-05,0,1,1,0,1,1,0,1,2848
6219713128,慌慌张张不慌张_,0.262381,0,0,0.0,4.8008927852633245e-05,0,1,1,0,1,1,0,1,2848
5942989497,Daniel_Tan13,0.262381,0,0,0.0,4.8008927852633245e-05,0,1,1,0,1,1,0,1,2848
5955502378,si-o-di-o-di-宝贝亲爱,0.262381,0,0,0.0,4.8008927852633245e-05,0,1,1,0,1,1,0,1,2848
5964106324,莲蓬呱呱LI,0.262381,0,0,0.0,4.8008927852633245e-05,0,1,1,0,1,1,0,1,2848
7944320083,血婊,0.262381,0,0,0.0,4.8008927852633245e-05,0,1,1,0,1,1,0,1,2848
6052110532,三三三想回家,0.262381,0,0,0.0,4.8008927852633245e-05,0,1,1,0,1,1,0,1,2848
6011540541,草莓鼻_,0.262381,0,0,0.0,4.8008927852633245e-05,0,1,1,0,1,1,0,1,2848
6015118020,猫咪monster,0.262381,0,0,0.0,4.8008927852633245e-05,0,1,1,0,1,1,0,1,2848
6015883245,凌晨iiiY,0.262381,0,0,0.0,4.8008927852633245e-05,0,1,1,0,1,1,0,1,2848
7979352492,想起你的唇边痣cc,0.262381,0,0,0.0,4.8008927852633245e-05,0,1,1,0,1,1,0,1,2848
7778268796,Yamiovo_,0.262381,0,0,0.0,4.8008927852633245e-05,0,1,1,0,1,1,0,1,2848
6487786517,命名九年,0.262381,0,0,0.0,4.8008927852633245e-05,0,1,1,0,1,1,0,1,2848
7892259223,你的霸总男友,0.262381,0,0,0.0,4.8008927852633245e-05,0,1,1,0,1,1,0,1,2848
6335110770,里奥梅西爱送父入狱诈捐聊扫退队,0.262131,0,0,0.0,4.8008927852633245e-05,0,1,1,0,2,2,0,2,2848
6973960303,清清清清呀w,0.261452,0,0,0.0,4.8008927852633245e-05,0,1,1,0,2,1,0,2,2848
7545767547,和泥在eee起,0.259586,0,0,0.0,4.8008927852633245e-05,0,1,1,0,2,2,0,2,2848
5529351998,luncenfeifei,0.259303,0,0,0.0,4.8008927852633245e-05,0,1,1,0,2,1,0,2,2848
1671739735,亲亲暖娜,0.257288,0,0,0.0,4.8008927852633245e-05,0,1,1,0,2,1,0,2,2848
2526315502,思钱想厚艺术家,0.257288,0,0,0.0,4.8008927852633245e-05,0,1,1,0,2,1,0,2,2848
7497372973,取个名字好难aaaaayyyy,0.257288,0,0,0.0,4.8008927852633245e-05,0,1,1,0,2,1,0,2,2848
2813454690,ListenForTheEcho,0.255393,0,0,0.0,4.8008927852633245e-05,0,1,1,0,2,1,0,2,2848
7890630936,小葫芦ovo_,0.255393,0,0,0.0,4.8008927852633245e-05,0,1,1,0,2,1,0,2,2848
2618385231,雪山飞猪要减肥,0.253725,0,0,0.0,4.8008927852633245e-05,0,1,1,0,2,2,0,2,2848
5706976507,---蟹黄包---,0.253605,0,0,0.0,4.8008927852633245e-05,0,1,1,0,2,1,0,2,2848
7727796801,敏敏小耳兔,0.251913,0,0,0.0,4.8008927852633245e-05,0,1,1,0,2,1,0,2,2848
5681116057,MagicJoe903,0.251913,0,0,0.0,4.8008927852633245e-05,0,1,1,0,2,1,0,2,2848
1728534704,一小粒儿米,0.250589,0,0,0.0,4.8008927852633245e-05,0,1,1,0,2,2,0,2,2848
7439338902,车间谁值班,0.250309,0,0,0.0,4.8008927852633245e-05,0,1,1,0,2,1,0,2,2848
7509595652,一碗椰鱼粥_,0.250309,0,0,0.0,4.8008927852633245e-05,0,1,1,0,2,1,0,2,2848
7613200721,Bdhdbdodhbd,0.248784,0,0,0.0,4.8008927852633245e-05,0,1,1,0,2,1,0,2,2848
1565221364,淡尛红_最爱芝芝妈咪,0.248784,0,0,0.0,4.8008927852633245e-05,0,1,1,0,2,1,0,2,2848
3543583804,bgxbear,0.247764,0,0,0.0,4.8008927852633245e-05,0,1,1,0,2,2,0,2,2848
7871939741,姬紫月_为祝祝绪光版,0.247332,0,0,0.0,4.8008927852633245e-05,0,1,1,0,2,1,0,2,2848
5617993734,永爱-Dear-热巴,0.246821,0,0,0.0,4.8008927852633245e-05,0,1,1,0,1,1,0,1,2848
7814095387,kikjem_vook,0.246821,0,0,0.0,4.8008927852633245e-05,0,1,1,0,1,1,0,1,2848
9049242664,风的独唱信-,0.246821,0,0,0.0,4.8008927852633245e-05,0,1,1,0,1,1,0,1,2848
6697027127,用户6697027127,0.246821,0,0,0.0,4.8008927852633245e-05,0,1,1,0,1,1,0,1,2848
7931953389,涩骨链,0.246821,0,0,0.0,4.8008927852633245e-05,0,1,1,0,1,1,0,1,2848
6619383698,务肆,0.246821,0,0,0.0,4.8008927852633245e-05,0,1,1,0,1,1,0,1,2848
7925730795,ra_ka威化餅,0.246821,0,0,0.0,4.8008927852633245e-05,0,1,1,0,1,1,0,1,2848
6643207912,_灵活的胖子_,0.246821,0,0,0.0,4.8008927852633245e-05,0,1,1,0,1,1,0,1,2848
7527550817,菩提02026,0.246821,0,0,0.0,4.8008927852633245e-05,0,1,1,0,1,1,0,1,2848
4029903964,爱就要大声说出来_,0.246821,0,0,0.0,4.8008927852633245e-05,0,1,1,0,1,1,0,1,2848
7952618862,万剑归宗x,0.246821,0,0,0.0,4.8008927852633245e-05,0,1,1,0,1,1,0,1,2848
6638891509,sakura284,0.246821,0,0,0.0,4.8008927852633245e-05,0,1,1,0,1,1,0,1,2848
5032960618,小宝醒醒Xi_iNG,0.246821,0,0,0.0,4.8008927852633245e-05,0,1,1,0,1,1,0,1,2848
6184963516,继续做小鱼,0.246821,0,0,0.0,4.8008927852633245e-05,0,1,1,0,1,1,0,1,2848
5017891576,-PHo,0.246821,0,0,0.0,4.8008927852633245e-05,0,1,1,0,1,1,0,1,2848
5026913713,美女校花模特排行榜,0.246821,0,0,0.0,4.8008927852633245e-05,0,1,1,0,1,1,0,1,2848
7777967691,DiliReba_小喻,0.246821,0,0,0.0,4.8008927852633245e-05,0,1,1,0,1,1,0,1,2848
7520995031,幸福老点,0.246821,0,0,0.0,4.8008927852633245e-05,0,1,1,0,1,1,0,1,2848
9127451917,love1998_,0.246821,0,0,0.0,4.8008927852633245e-05,0,1,1,0,1,1,0,1,2848
7605271994,用户我是娜扎是我最爱的老婆,0.246821,0,0,0.0,4.8008927852633245e-05,0,1,1,0,1,1,0,1,2848
9124384123,六日_茉,0.246821,0,0,0.0,4.8008927852633245e-05,0,1,1,0,1,1,0,1,2848
7774793467,傅莳夷,0.246821,0,0,0.0,4.8008927852633245e-05,0,1,1,0,1,1,0,1,2848
7773662743,老马十八岁,0.246821,0,0,0.0,4.8008927852633245e-05,0,1,1,0,1,1,0,1,2848
3564652312,且尽清欢,0.246821,0,0,0.0,4.8008927852633245e-05,0,1,1,0,1,1,0,1,2848
7772993098,danjuan的假设,0.246821,0,0,0.0,4.8008927852633245e-05,0,1,1,0,1,1,0,1,2848
6599454226,绪旧梦祎篇,0.246821,0,0,0.0,4.8008927852633245e-05,0,1,1,0,1,1,0,1,2848
7948080664,除我以外的也是,0.246821,0,0,0.0,4.8008927852633245e-05,0,1,1,0,1,1,0,1,2848
6047331876,杨作逾,0.246821,0,0,0.0,4.8008927852633245e-05,0,1,1,0,1,1,0,1,2848
7764213265,用户7764213265,0.246821,0,0,0.0,4.8008927852633245e-05,0,1,1,0,1,1,0,1,2848
7780632274,想要王俊凯的亲签,0.246821,0,0,0.0,4.8008927852633245e-05,0,1,1,0,1,1,0,1,2848
7743824173,用户7743824173,0.246821,0,0,0.0,4.8008927852633245e-05,0,1,1,0,1,1,0,1,2848
9147107087,玳瑁猫oao,0.246821,0,0,0.0,4.8008927852633245e-05,0,1,1,0,1,1,0,1,2848
7741064621,用户7741064621,0.246821,0,0,0.0,4.8008927852633245e-05,0,1,1,0,1,1,0,1,2848
7737848304,溜走的summer,0.246821,0,0,0.0,4.8008927852633245e-05,0,1,1,0,1,1,0,1,2848
5992414008,喜欢吃蛋炒饭的言川,0.246821,0,0,0.0,4.8008927852633245e-05,0,1,1,0,1,1,0,1,2848
9145502462,我的哦呵呵呵呵,0.246821,0,0,0.0,4.8008927852633245e-05,0,1,1,0,1,1,0,1,2848
3779630665,煦博景千奇现,0.246821,0,0,0.0,4.8008927852633245e-05,0,1,1,0,1,1,0,1,2848
3809525734,巧见彩虹,0.246821,0,0,0.0,4.8008927852633245e-05,0,1,1,0,1,1,0,1,2848
3825739699,清爱林女,0.246821,0,0,0.0,4.8008927852633245e-05,0,1,1,0,1,1,0,1,2848
7719592475,冷茉郁,0.246821,0,0,0.0,4.8008927852633245e-05,0,1,1,0,1,1,0,1,2848
7703060479,桃又_PEACH,0.246821,0,0,0.0,4.8008927852633245e-05,0,1,1,0,1,1,0,1,2848
7637476482,Ylliizzzzz,0.246821,0,0,0.0,4.8008927852633245e-05,0,1,1,0,1,1,0,1,2848
5673222134,坐在院子里吃苹果,0.246821,0,0,0.0,4.8008927852633245e-05,0,1,1,0,1,1,0,1,2848
3838395201,92oy,0.246821,0,0,0.0,4.8008927852633245e-05,0,1,1,0,1,1,0,1,2848
7948853157,哄哄我怎么了呢,0.246821,0,0,0.0,4.8008927852633245e-05,0,1,1,0,1,1,0,1,2848
7461781768,公子霆,0.246821,0,0,0.0,4.8008927852633245e-05,0,1,1,0,1,1,0,1,2848
6071245333,kirakira塵,0.246821,0,0,0.0,4.8008927852633245e-05,0,1,1,0,1,1,0,1,2848
6093705327,Carroll5111590,0.246821,0,0,0.0,4.8008927852633245e-05,0,1,1,0,1,1,0,1,2848
6261492132,西西弗斯wann,0.246821,0,0,0.0,4.8008927852633245e-05,0,1,1,0,1,1,0,1,2848
5873223696,我饿了没办法,0.246821,0,0,0.0,4.8008927852633245e-05,0,1,1,0,1,1,0,1,2848
5093234685,两块芋头,0.246821,0,0,0.0,4.8008927852633245e-05,0,1,1,0,1,1,0,1,2848
6707713335,即墨云晨,0.246821,0,0,0.0,4.8008927852633245e-05,0,1,1,0,1,1,0,1,2848
8016891260,shyyishi-11,0.246821,0,0,0.0,4.8008927852633245e-05,0,1,1,0,1,1,0,1,2848
7909658831,富冈卷卷公主,0.246821,0,0,0.0,4.8008927852633245e-05,0,1,1,0,1,1,0,1,2848
7310483255,一霎那的永恒101,0.246821,0,0,0.0,4.8008927852633245e-05,0,1,1,0,1,1,0,1,2848
7287639239,愿愿愿愿意8,0.246821,0,0,0.0,4.8008927852633245e-05,0,1,1,0,1,1,0,1,2848
7283695912,贰拾肆萬Y,0.246821,0,0,0.0,4.8008927852633245e-05,0,1,1,0,1,1,0,1,2848
7278763128,1楠飘飘讨厌狗,0.246821,0,0,0.0,4.8008927852633245e-05,0,1,1,0,1,1,0,1,2848
5696238186,凤巯凰,0.246821,0,0,0.0,4.8008927852633245e-05,0,1,1,0,1,1,0,1,2848
5700369002,Yvonnae,0.246821,0,0,0.0,4.8008927852633245e-05,0,1,1,0,1,1,0,1,2848
8006665000,景深科一生夏主任,0.246821,0,0,0.0,4.8008927852633245e-05,0,1,1,0,1,1,0,1,2848
7829834110,Asdfghjklqwertyuopzxcvbnm,0.246821,0,0,0.0,4.8008927852633245e-05,0,1,1,0,1,1,0,1,2848
5756946863,容融荣永,0.246821,0,0,0.0,4.8008927852633245e-05,0,1,1,0,1,1,0,1,2848
8003183213,猫吃掉了我的尸体,0.246821,0,0,0.0,4.8008927852633245e-05,0,1,1,0,1,1,0,1,2848
5756664917,嬌娇今天开心吗·,0.246821,0,0,0.0,4.8008927852633245e-05,0,1,1,0,1,1,0,1,2848
5756268828,到处瞎逛碰到一只兔兔,0.246821,0,0,0.0,4.8008927852633245e-05,0,1,1,0,1,1,0,1,2848
5747860842,luckygirltree,0.246821,0,0,0.0,4.8008927852633245e-05,0,1,1,0,1,1,0,1,2848
6037114441,涂鸦多达索契,0.246821,0,0,0.0,4.8008927852633245e-05,0,1,1,0,1,1,0,1,2848
6910754286,林桃雾,0.246821,0,0,0.0,4.8008927852633245e-05,0,1,1,0,1,1,0,1,2848
7998566614,唯有扯淡方可扯淡,0.246821,0,0,0.0,4.8008927852633245e-05,0,1,1,0,1,1,0,1,2848
7126080859,蓎瑜,0.246821,0,0,0.0,4.8008927852633245e-05,0,1,1,0,1,1,0,1,2848
6441513845,阮眠cc,0.246821,0,0,0.0,4.8008927852633245e-05,0,1,1,0,1,1,0,1,2848
6448067294,噜噜噜噜库路,0.246821,0,0,0.0,4.8008927852633245e-05,0,1,1,0,1,1,0,1,2848
6455278087,Michael_Myers_,0.246821,0,0,0.0,4.8008927852633245e-05,0,1,1,0,1,1,0,1,2848
6461156578,乌鸦Crow7_,0.246821,0,0,0.0,4.8008927852633245e-05,0,1,1,0,1,1,0,1,2848
7900317565,熙恩医疗整容医院,0.246821,0,0,0.0,4.8008927852633245e-05,0,1,1,0,1,1,0,1,2848
7847845245,宋颗桂源,0.246821,0,0,0.0,4.8008927852633245e-05,0,1,1,0,1,1,0,1,2848
7007336873,失衡聚点,0.246821,0,0,0.0,4.8008927852633245e-05,0,1,1,0,1,1,0,1,2848
6484635189,我好困08,0.246821,0,0,0.0,4.8008927852633245e-05,0,1,1,0,1,1,0,1,2848
7854421815,Oliver-宅猫,0.246821,0,0,0.0,4.8008927852633245e-05,0,1,1,0,1,1,0,1,2848
6399001588,陈晏不是宴会的宴,0.246821,0,0,0.0,4.8008927852633245e-05,0,1,1,0,1,1,0,1,2848
6387270897,臼辙,0.246821,0,0,0.0,4.8008927852633245e-05,0,1,1,0,1,1,0,1,2848
7412043544,岁岁平安的欢喜,0.246821,0,0,0.0,4.8008927852633245e-05,0,1,1,0,1,1,0,1,2848
5886178167,宽0703,0.246821,0,0,0.0,4.8008927852633245e-05,0,1,1,0,1,1,0,1,2848
7816323362,李志不理智了,0.246821,0,0,0.0,4.8008927852633245e-05,0,1,1,0,1,1,0,1,2848
7988462291,XlA_abcdef,0.246821,0,0,0.0,4.8008927852633245e-05,0,1,1,0,1,1,0,1,2848
5122872077,等了整个世界终于等到你,0.246821,0,0,0.0,4.8008927852633245e-05,0,1,1,0,1,1,0,1,2848
7893248056,無糖豆漿好喝,0.246821,0,0,0.0,4.8008927852633245e-05,0,1,1,0,1,1,0,1,2848
7453025733,chenjiewen325,0.246821,0,0,0.0,4.8008927852633245e-05,0,1,1,0,1,1,0,1,2848
7451072130,蒜了咻,0.246821,0,0,0.0,4.8008927852633245e-05,0,1,1,0,1,1,0,1,2848
6351929548,-当时只道是烤肠,0.246821,0,0,0.0,4.8008927852633245e-05,0,1,1,0,1,1,0,1,2848
7440826688,云天入夏色,0.246821,0,0,0.0,4.8008927852633245e-05,0,1,1,0,1,1,0,1,2848
7437493762,荒野的太阳,0.246821,0,0,0.0,4.8008927852633245e-05,0,1,1,0,1,1,0,1,2848
7820549323,炎夏懒猫_8,0.246821,0,0,0.0,4.8008927852633245e-05,0,1,1,0,1,1,0,1,2848
5848614059,将走,0.246821,0,0,0.0,4.8008927852633245e-05,0,1,1,0,1,1,0,1,2848
8269075140,迟馫,0.246821,0,0,0.0,4.8008927852633245e-05,0,1,1,0,1,1,0,1,2848
5767077088,一只大鸟ABC,0.246821,0,0,0.0,4.8008927852633245e-05,0,1,1,0,1,1,0,1,2848
7910721592,失眠是常态m,0.246821,0,0,0.0,4.8008927852633245e-05,0,1,1,0,1,1,0,1,2848
5692216595,_紅野,0.246821,0,0,0.0,4.8008927852633245e-05,0,1,1,0,1,1,0,1,2848
6372503241,通天塔囚徒,0.246821,0,0,0.0,4.8008927852633245e-05,0,1,1,0,1,1,0,1,2848
7399810156,苦情诗女主,0.246821,0,0,0.0,4.8008927852633245e-05,0,1,1,0,1,1,0,1,2848
5308129958,PhoebeSw2,0.246821,0,0,0.0,4.8008927852633245e-05,0,1,1,0,1,1,0,1,2848
7385538458,1个土豆6个马铃薯,0.246821,0,0,0.0,4.8008927852633245e-05,0,1,1,0,1,1,0,1,2848
5314126799,葡萄甜bing,0.246821,0,0,0.0,4.8008927852633245e-05,0,1,1,0,1,1,0,1,2848
7384844416,奔赴屿你,0.246821,0,0,0.0,4.8008927852633245e-05,0,1,1,0,1,1,0,1,2848
7366523663,龘鑫999,0.246821,0,0,0.0,4.8008927852633245e-05,0,1,1,0,1,1,0,1,2848
8262473487,眠眠冰果茶,0.246821,0,0,0.0,4.8008927852633245e-05,0,1,1,0,1,1,0,1,2848
5336874105,雪色与月光,0.246821,0,0,0.0,4.8008927852633245e-05,0,1,1,0,1,1,0,1,2848
8261099715,糯玉米才是最好吃的,0.246821,0,0,0.0,4.8008927852633245e-05,0,1,1,0,1,1,0,1,2848
7434253395,小片片说电影,0.246821,0,0,0.0,4.8008927852633245e-05,0,1,1,0,1,1,0,1,2848
77016152,芊芊-心雨,0.246821,0,0,0.0,4.8008927852633245e-05,0,1,1,0,1,1,0,1,2848
2402180855,通通都会了,0.246821,0,0,0.0,4.8008927852633245e-05,0,1,1,0,1,1,0,1,2848
2009827717,磊头儿2011,0.246821,0,0,0.0,4.8008927852633245e-05,0,1,1,0,1,1,0,1,2848
2100200230,云淡中的小举八,0.246821,0,0,0.0,4.8008927852633245e-05,0,1,1,0,1,1,0,1,2848
1732592991,Nober6936,0.246821,0,0,0.0,4.8008927852633245e-05,0,1,1,0,1,1,0,1,2848
1862817887,江湖浊酒醉,0.246821,0,0,0.0,4.8008927852633245e-05,0,1,1,0,1,1,0,1,2848
2044005772,Ivan小杰,0.246821,0,0,0.0,4.8008927852633245e-05,0,1,1,0,1,1,0,1,2848
3175151102,看好了河蟹射毁吧,0.246821,0,0,0.0,4.8008927852633245e-05,0,1,1,0,1,1,0,1,2848
3231231974,江湖中游子,0.246821,0,0,0.0,4.8008927852633245e-05,0,1,1,0,1,1,0,1,2848
3237248910,卷心菜123_12903,0.246821,0,0,0.0,4.8008927852633245e-05,0,1,1,0,1,1,0,1,2848
1725876043,虎虎蔷薇,0.246821,0,0,0.0,4.8008927852633245e-05,0,1,1,0,1,1,0,1,2848
2589891047,潇雨尘-,0.246821,0,0,0.0,4.8008927852633245e-05,0,1,1,0,1,1,0,1,2848
3272009764,风云潇潇2015,0.246821,0,0,0.0,4.8008927852633245e-05,0,1,1,0,1,1,0,1,2848
2929543361,是否是在下,0.246821,0,0,0.0,4.8008927852633245e-05,0,1,1,0,1,1,0,1,2848
1696707511,不幺,0.246821,0,0,0.0,4.8008927852633245e-05,0,1,1,0,1,1,0,1,2848
1683529827,紫舞龙McC,0.246821,0,0,0.0,4.8008927852633245e-05,0,1,1,0,1,1,0,1,2848
1970380601,石头太狼,0.246821,0,0,0.0,4.8008927852633245e-05,0,1,1,0,1,1,0,1,2848
3097498647,明天再见099,0.246821,0,0,0.0,4.8008927852633245e-05,0,1,1,0,1,1,0,1,2848
1651909015,jack杰克船长地盘,0.246821,0,0,0.0,4.8008927852633245e-05,0,1,1,0,1,1,0,1,2848
1349210304,幸福韵之美,0.246821,0,0,0.0,4.8008927852633245e-05,0,1,1,0,1,1,0,1,2848
2204864291,LionBear灬,0.246821,0,0,0.0,4.8008927852633245e-05,0,1,1,0,1,1,0,1,2848
1769541493,猪头小队长Melanie,0.246821,0,0,0.0,4.8008927852633245e-05,0,1,1,0,1,1,0,1,2848
1896492524,微笑香山红雨,0.246821,0,0,0.0,4.8008927852633245e-05,0,1,1,0,1,1,0,1,2848
3137503355,游尘之中,0.246821,0,0,0.0,4.8008927852633245e-05,0,1,1,0,1,1,0,1,2848
1866296807,夜曲一直很忙,0.246821,0,0,0.0,4.8008927852633245e-05,0,1,1,0,1,1,0,1,2848
1802067362,不吃辣的万一呢word哥,0.246821,0,0,0.0,4.8008927852633245e-05,0,1,1,0,1,1,0,1,2848
2133575713,桃酱w__,0.246821,0,0,0.0,4.8008927852633245e-05,0,1,1,0,1,1,0,1,2848
1253505270,嘿黑妹,0.246821,0,0,0.0,4.8008927852633245e-05,0,1,1,0,1,1,0,1,2848
1155096084,牛哲伦,0.246821,0,0,0.0,4.8008927852633245e-05,0,1,1,0,1,1,0,1,2848
1204547712,亚投行看大门的,0.246821,0,0,0.0,4.8008927852633245e-05,0,1,1,0,1,1,0,1,2848
1050630677,CordeliaaaLin,0.246821,0,0,0.0,4.8008927852633245e-05,0,1,1,0,1,1,0,1,2848
1823052635,喜欢狗狗的猫1225,0.246821,0,0,0.0,4.8008927852633245e-05,0,1,1,0,1,1,0,1,2848
1897840032,哎哟W艹,0.246821,0,0,0.0,4.8008927852633245e-05,0,1,1,0,1,1,0,1,2848
2756221917,用户y0o5wjxuq3,0.246821,0,0,0.0,4.8008927852633245e-05,0,1,1,0,1,1,0,1,2848
2119657280,料理鼠王天天如意,0.246821,0,0,0.0,4.8008927852633245e-05,0,1,1,0,1,1,0,1,2848
1865348772,lyf_en,0.246821,0,0,0.0,4.8008927852633245e-05,0,1,1,0,1,1,0,1,2848
2105442077,老猪佩奇HL,0.246821,0,0,0.0,4.8008927852633245e-05,0,1,1,0,1,1,0,1,2848
2132853267,Samantha_薰,0.246821,0,0,0.0,4.8008927852633245e-05,0,1,1,0,1,1,0,1,2848
6484901896,一排一座d,0.246709,0,0,0.0,4.8008927852633245e-05,0,1,1,0,2,2,0,2,2848
6471995081,歪梨小椰_,0.245946,0,0,0.0,4.8008927852633245e-05,0,1,1,0,2,1,0,2,2848
5482747519,紫婧风翎,0.245946,0,0,0.0,4.8008927852633245e-05,0,1,1,0,2,1,0,2,2848
7061992515,甘心替代你200204,0.245946,0,0,0.0,4.8008927852633245e-05,0,1,1,0,2,1,0,2,2848
7423296397,爱C罗爱小小罗爱金边罗爱尤文罗,0.245334,0,0,0.0,4.8008927852633245e-05,0,1,1,0,3,1,0,3,2848
1651911632,戈蓝V,0.244622,0,0,0.0,4.8008927852633245e-05,0,1,1,0,2,1,0,2,2848
9027526143,illiiriss,0.243353,0,0,0.0,4.8008927852633245e-05,0,1,1,0,2,1,0,2,2848
5681056381,向日葵呀168,0.243353,0,0,0.0,4.8008927852633245e-05,0,1,1,0,2,1,0,2,2848
7455198589,绯云厘厘,0.242136,0,0,0.0,4.8008927852633245e-05,0,1,1,0,2,1,0,2,2848
5568357239,Evl栀鸢,0.242136,0,0,0.0,4.8008927852633245e-05,0,1,1,0,2,1,0,2,2848
7944308176,Enya0629,0.240967,0,0,0.0,4.8008927852633245e-05,0,1,1,0,2,1,0,2,2848
1685037187,MyCutie珊,0.240967,0,0,0.0,4.8008927852633245e-05,0,1,1,0,2,1,0,2,2848
6455887120,九九leanx,0.240967,0,0,0.0,4.8008927852633245e-05,0,1,1,0,2,1,0,2,2848
7738507510,黄景瑜今天翻我了吗,0.240967,0,0,0.0,4.8008927852633245e-05,0,1,1,0,2,1,0,2,2848
5638020515,熊玮老师,0.239844,0,0,0.0,4.8008927852633245e-05,0,1,1,0,2,2,0,2,2848
1764669723,爱吃鱼的狗Y-Y,0.239044,0,0,0.0,4.8008927852633245e-05,0,1,1,0,2,2,0,2,2848
7860798646,轻鸢辞,0.238762,0,0,0.0,4.8008927852633245e-05,0,1,1,0,2,1,0,2,2848
7388948924,Leslie_的猫,0.237887,0,0,0.0,4.8008927852633245e-05,0,1,1,0,2,2,0,2,2848
3277839405,了不起的刚刚,0.23772,0,0,0.0,4.8008927852633245e-05,0,1,1,0,2,1,0,2,2848
7509095711,梅西健康快乐踢球,0.237141,0,0,0.0,4.8008927852633245e-05,0,1,1,0,2,2,0,2,2848
6813655343,你你你又在偷看我担吗,0.236714,0,0,0.0,4.8008927852633245e-05,0,1,1,0,2,1,0,2,2848
5881608767,小狗会熬夜,0.236714,0,0,0.0,4.8008927852633245e-05,0,1,1,0,2,1,0,2,2848
6579969498,克里斯蒂亚诺如是说,0.235961,0,0,0.0,4.8008927852633245e-05,0,1,1,0,1,1,0,1,2848
7395193174,Caveira_BOPE,0.235961,0,0,0.0,4.8008927852633245e-05,0,1,1,0,1,1,0,1,2848
2141063440,真无语bot,0.235961,0,0,0.0,4.8008927852633245e-05,0,1,1,0,1,1,0,1,2848
2141559172,橙子的小白qwq,0.235961,0,0,0.0,4.8008927852633245e-05,0,1,1,0,1,1,0,1,2848
6603690009,原來我已經是中年大叔了,0.235961,0,0,0.0,4.8008927852633245e-05,0,1,1,0,1,1,0,1,2848
7379715611,糸裙,0.235961,0,0,0.0,4.8008927852633245e-05,0,1,1,0,1,1,0,1,2848
7066212035,头像壁纸背景图bot,0.235961,0,0,0.0,4.8008927852633245e-05,0,1,1,0,1,1,0,1,2848
7361421909,酒醉的飘渺呢,0.235961,0,0,0.0,4.8008927852633245e-05,0,1,1,0,1,1,0,1,2848
7379678099,悲伤的蝴蝶酥,0.235961,0,0,0.0,4.8008927852633245e-05,0,1,1,0,1,1,0,1,2848
7374106655,大神团子向日葵,0.235961,0,0,0.0,4.8008927852633245e-05,0,1,1,0,1,1,0,1,2848
6721667739,e-lwj,0.235961,0,0,0.0,4.8008927852633245e-05,0,1,1,0,1,1,0,1,2848
5583023567,炒团101,0.235961,0,0,0.0,4.8008927852633245e-05,0,1,1,0,1,1,0,1,2848
6795686490,家馒别有欧巴病,0.235961,0,0,0.0,4.8008927852633245e-05,0,1,1,0,1,1,0,1,2848
7342227727,一切唯心造1981,0.235961,0,0,0.0,4.8008927852633245e-05,0,1,1,0,1,1,0,1,2848
2043874157,弗朗明哥的糖果,0.235961,0,0,0.0,4.8008927852633245e-05,0,1,1,0,1,1,0,1,2848
5235990405,狗P小豆沙包,0.235961,0,0,0.0,4.8008927852633245e-05,0,1,1,0,1,1,0,1,2848
7335937620,Svalbard致安,0.235961,0,0,0.0,4.8008927852633245e-05,0,1,1,0,1,1,0,1,2848
7331165589,一只超凶喵喵,0.235961,0,0,0.0,4.8008927852633245e-05,0,1,1,0,1,1,0,1,2848
5229919421,枕雨江南hh,0.235961,0,0,0.0,4.8008927852633245e-05,0,1,1,0,1,1,0,1,2848
1951431212,努力撸羊毛姐姐,0.235961,0,0,0.0,4.8008927852633245e-05,0,1,1,0,1,1,0,1,2848
7207045288,顺颂时七_,0.235961,0,0,0.0,4.8008927852633245e-05,0,1,1,0,1,1,0,1,2848
7188667164,冰淇淋芒果三角猫,0.235961,0,0,0.0,4.8008927852633245e-05,0,1,1,0,1,1,0,1,2848
3457030580,十两酸菜鱼,0.235961,0,0,0.0,4.8008927852633245e-05,0,1,1,0,1,1,0,1,2848
6242882251,行走的大湿兄,0.235961,0,0,0.0,4.8008927852633245e-05,0,1,1,0,1,1,0,1,2848
6488535487,温柔选手-,0.235961,0,0,0.0,4.8008927852633245e-05,0,1,1,0,1,1,0,1,2848
2717184773,得闲饮茶8119,0.235961,0,0,0.0,4.8008927852633245e-05,0,1,1,0,1,1,0,1,2848
5874006003,DINGLING玲,0.235961,0,0,0.0,4.8008927852633245e-05,0,1,1,0,1,1,0,1,2848
5861523912,橙喵_要早起早睡,0.235961,0,0,0.0,4.8008927852633245e-05,0,1,1,0,1,1,0,1,2848
5527042788,用户5527042788,0.235961,0,0,0.0,4.8008927852633245e-05,0,1,1,0,1,1,0,1,2848
5840157400,only-紫希,0.235961,0,0,0.0,4.8008927852633245e-05,0,1,1,0,1,1,0,1,2848
5786722534,初恋诣钎次,0.235961,0,0,0.0,4.8008927852633245e-05,0,1,1,0,1,1,0,1,2848
2695720811,肥仔七七,0.235961,0,0,0.0,4.8008927852633245e-05,0,1,1,0,1,1,0,1,2848
2706865113,憾慟惞賞汝,0.235961,0,0,0.0,4.8008927852633245e-05,0,1,1,0,1,1,0,1,2848
5717189991,贝贝极极星星星,0.235961,0,0,0.0,4.8008927852633245e-05,0,1,1,0,1,1,0,1,2848
2712441052,-HYDante-,0.235961,0,0,0.0,4.8008927852633245e-05,0,1,1,0,1,1,0,1,2848
5688061910,心上瑶0924,0.235961,0,0,0.0,4.8008927852633245e-05,0,1,1,0,1,1,0,1,2848
5885568248,泥椰椰驾到通通闪开不知甜糕底厚,0.235961,0,0,0.0,4.8008927852633245e-05,0,1,1,0,1,1,0,1,2848
5670794147,托托大王就是我,0.235961,0,0,0.0,4.8008927852633245e-05,0,1,1,0,1,1,0,1,2848
5549649402,溢觞,0.235961,0,0,0.0,4.8008927852633245e-05,0,1,1,0,1,1,0,1,2848
5659490809,Smile一米_阳光_18,0.235961,0,0,0.0,4.8008927852633245e-05,0,1,1,0,1,1,0,1,2848
5657796945,用户5657796945,0.235961,0,0,0.0,4.8008927852633245e-05,0,1,1,0,1,1,0,1,2848
5558232063,牧羊少年晨星,0.235961,0,0,0.0,4.8008927852633245e-05,0,1,1,0,1,1,0,1,2848
5620568566,麻烦大姐姐,0.235961,0,0,0.0,4.8008927852633245e-05,0,1,1,0,1,1,0,1,2848
2864921902,海中之海中之海,0.235961,0,0,0.0,4.8008927852633245e-05,0,1,1,0,1,1,0,1,2848
5604215566,槿棠之歆,0.235961,0,0,0.0,4.8008927852633245e-05,0,1,1,0,1,1,0,1,2848
2831164344,小小小强哥_,0.235961,0,0,0.0,4.8008927852633245e-05,0,1,1,0,1,1,0,1,2848
5880821891,迷妹星星眼9,0.235961,0,0,0.0,4.8008927852633245e-05,0,1,1,0,1,1,0,1,2848
5943862253,装甲北极白熊,0.235961,0,0,0.0,4.8008927852633245e-05,0,1,1,0,1,1,0,1,2848
6483309777,围脖啵啵0125,0.235961,0,0,0.0,4.8008927852633245e-05,0,1,1,0,1,1,0,1,2848
6148530103,Wyman_H文,0.235961,0,0,0.0,4.8008927852633245e-05,0,1,1,0,1,1,0,1,2848
6476475475,EPACSEscape,0.235961,0,0,0.0,4.8008927852633245e-05,0,1,1,0,1,1,0,1,2848
5309239540,一只盛夏i,0.235961,0,0,0.0,4.8008927852633245e-05,0,1,1,0,1,1,0,1,2848
6466297414,迟川奈,0.235961,0,0,0.0,4.8008927852633245e-05,0,1,1,0,1,1,0,1,2848
5321920510,_橙子喝橙汁_,0.235961,0,0,0.0,4.8008927852633245e-05,0,1,1,0,1,1,0,1,2848
6429908791,HJS_如颖随行之宝,0.235961,0,0,0.0,4.8008927852633245e-05,0,1,1,0,1,1,0,1,2848
2314708794,Heather_GX,0.235961,0,0,0.0,4.8008927852633245e-05,0,1,1,0,1,1,0,1,2848
6376536223,墩墩的_,0.235961,0,0,0.0,4.8008927852633245e-05,0,1,1,0,1,1,0,1,2848
2321761900,ZenithVIM,0.235961,0,0,0.0,4.8008927852633245e-05,0,1,1,0,1,1,0,1,2848
6245021138,武功隔的宋明珠,0.235961,0,0,0.0,4.8008927852633245e-05,0,1,1,0,1,1,0,1,2848
5394072229,小于取中间,0.235961,0,0,0.0,4.8008927852633245e-05,0,1,1,0,1,1,0,1,2848
5958444744,醉银滩,0.235961,0,0,0.0,4.8008927852633245e-05,0,1,1,0,1,1,0,1,2848
6099762425,郑书颜,0.235961,0,0,0.0,4.8008927852633245e-05,0,1,1,0,1,1,0,1,2848
2485916767,简简单单20171111,0.235961,0,0,0.0,4.8008927852633245e-05,0,1,1,0,1,1,0,1,2848
2516472111,11號半的念想,0.235961,0,0,0.0,4.8008927852633245e-05,0,1,1,0,1,1,0,1,2848
5443508636,我被诅咒辣-,0.235961,0,0,0.0,4.8008927852633245e-05,0,1,1,0,1,1,0,1,2848
6025743401,空白-孤狼,0.235961,0,0,0.0,4.8008927852633245e-05,0,1,1,0,1,1,0,1,2848
2539430660,春日走马素年锦时,0.235961,0,0,0.0,4.8008927852633245e-05,0,1,1,0,1,1,0,1,2848
5454739561,吹自由的风看,0.235961,0,0,0.0,4.8008927852633245e-05,0,1,1,0,1,1,0,1,2848
2559154297,喵喵喵喵喵喵喵崽,0.235961,0,0,0.0,4.8008927852633245e-05,0,1,1,0,1,1,0,1,2848
2587445825,纯玺溪云,0.235961,0,0,0.0,4.8008927852633245e-05,0,1,1,0,1,1,0,1,2848
7401851014,花香随风沉,0.235961,0,0,0.0,4.8008927852633245e-05,0,1,1,0,1,1,0,1,2848
5586832169,情剑天殇,0.235961,0,0,0.0,4.8008927852633245e-05,0,1,1,0,1,1,0,1,2848
7435862870,繆斯女神的吻,0.235961,0,0,0.0,4.8008927852633245e-05,0,1,1,0,1,1,0,1,2848
7889657196,我的爱豆是MD-LYN,0.235961,0,0,0.0,4.8008927852633245e-05,0,1,1,0,1,1,0,1,2848
7941764984,秒岁灯浪_404,0.235961,0,0,0.0,4.8008927852633245e-05,0,1,1,0,1,1,0,1,2848
1847469027,-趣緻的響鈴-,0.235961,0,0,0.0,4.8008927852633245e-05,0,1,1,0,1,1,0,1,2848
7931321650,栀栀栀小黎,0.235961,0,0,0.0,4.8008927852633245e-05,0,1,1,0,1,1,0,1,2848
7507678264,soo8oo,0.235961,0,0,0.0,4.8008927852633245e-05,0,1,1,0,1,1,0,1,2848
7508042824,tinkress,0.235961,0,0,0.0,4.8008927852633245e-05,0,1,1,0,1,1,0,1,2848
7510210574,四季的三行情书-,0.235961,0,0,0.0,4.8008927852633245e-05,0,1,1,0,1,1,0,1,2848
4060874164,HiklyCC,0.235961,0,0,0.0,4.8008927852633245e-05,0,1,1,0,1,1,0,1,2848
1761197200,_____E乃wRing,0.235961,0,0,0.0,4.8008927852633245e-05,0,1,1,0,1,1,0,1,2848
1605293554,Bruce_Lu2012,0.235961,0,0,0.0,4.8008927852633245e-05,0,1,1,0,1,1,0,1,2848
7557534941,林深拾鹿199106,0.235961,0,0,0.0,4.8008927852633245e-05,0,1,1,0,1,1,0,1,2848
1827460937,隐弈軒,0.235961,0,0,0.0,4.8008927852633245e-05,0,1,1,0,1,1,0,1,2848
7586793355,風間宥,0.235961,0,0,0.0,4.8008927852633245e-05,0,1,1,0,1,1,0,1,2848
1804091521,放弃很多_,0.235961,0,0,0.0,4.8008927852633245e-05,0,1,1,0,1,1,0,1,2848
7638735739,人生在归途,0.235961,0,0,0.0,4.8008927852633245e-05,0,1,1,0,1,1,0,1,2848
1854400381,_咖啡柠檬茶_,0.235961,0,0,0.0,4.8008927852633245e-05,0,1,1,0,1,1,0,1,2848
7639183405,关关回来了哈哈,0.235961,0,0,0.0,4.8008927852633245e-05,0,1,1,0,1,1,0,1,2848
7644570410,椰子猫猫肉,0.235961,0,0,0.0,4.8008927852633245e-05,0,1,1,0,1,1,0,1,2848
3967670326,人间嗑颜馆,0.235961,0,0,0.0,4.8008927852633245e-05,0,1,1,0,1,1,0,1,2848
7869773741,绿茶水豚,0.235961,0,0,0.0,4.8008927852633245e-05,0,1,1,0,1,1,0,1,2848
7654625786,Salome悦,0.235961,0,0,0.0,4.8008927852633245e-05,0,1,1,0,1,1,0,1,2848
1789040470,胡说扒道的Nikki,0.235961,0,0,0.0,4.8008927852633245e-05,0,1,1,0,1,1,0,1,2848
1705189843,彬B彬,0.235961,0,0,0.0,4.8008927852633245e-05,0,1,1,0,1,1,0,1,2848
1712344213,丶Jeny丶,0.235961,0,0,0.0,4.8008927852633245e-05,0,1,1,0,1,1,0,1,2848
7819552191,Free----Bird,0.235961,0,0,0.0,4.8008927852633245e-05,0,1,1,0,1,1,0,1,2848
7816693889,chenyynn_,0.235961,0,0,0.0,4.8008927852633245e-05,0,1,1,0,1,1,0,1,2848
3944015214,seven汀_,0.235961,0,0,0.0,4.8008927852633245e-05,0,1,1,0,1,1,0,1,2848
7811526515,DearJessie7,0.235961,0,0,0.0,4.8008927852633245e-05,0,1,1,0,1,1,0,1,2848
1768498042,常馨_常馨,0.235961,0,0,0.0,4.8008927852633245e-05,0,1,1,0,1,1,0,1,2848
7965947517,霜降几页,0.235961,0,0,0.0,4.8008927852633245e-05,0,1,1,0,1,1,0,1,2848
1592906625,马小霓_NeyBo,0.235961,0,0,0.0,4.8008927852633245e-05,0,1,1,0,1,1,0,1,2848
7463794426,幸福的鸡腿小姐,0.235961,0,0,0.0,4.8008927852633245e-05,0,1,1,0,1,1,0,1,2848
3305927904,稚茵茵,0.235961,0,0,0.0,4.8008927852633245e-05,0,1,1,0,1,1,0,1,2848
8017253179,Karlowitz,0.235961,0,0,0.0,4.8008927852633245e-05,0,1,1,0,1,1,0,1,2848
8437483884,粉色調剂-,0.235961,0,0,0.0,4.8008927852633245e-05,0,1,1,0,1,1,0,1,2848
3388330412,裕海棠,0.235961,0,0,0.0,4.8008927852633245e-05,0,1,1,0,1,1,0,1,2848
7463216755,HYBJSS,0.235961,0,0,0.0,4.8008927852633245e-05,0,1,1,0,1,1,0,1,2848
1861032474,四惠东_王老星,0.235961,0,0,0.0,4.8008927852633245e-05,0,1,1,0,1,1,0,1,2848
8010796220,觞脑筋TvT,0.235961,0,0,0.0,4.8008927852633245e-05,0,1,1,0,1,1,0,1,2848
7457068634,Tina很妖孽呀,0.235961,0,0,0.0,4.8008927852633245e-05,0,1,1,0,1,1,0,1,2848
3561643170,文明天天向上,0.235961,0,0,0.0,4.8008927852633245e-05,0,1,1,0,1,1,0,1,2848
7994184733,赖皮小布鲁,0.235961,0,0,0.0,4.8008927852633245e-05,0,1,1,0,1,1,0,1,2848
1865079010,_今年改名字的机会用完了,0.235961,0,0,0.0,4.8008927852633245e-05,0,1,1,0,1,1,0,1,2848
3166454103,椰蓉蛋黄豆沙,0.235961,0,0,0.0,4.8008927852633245e-05,0,1,1,0,1,1,0,1,2848
1158316713,独步江畔C,0.235961,0,0,0.0,4.8008927852633245e-05,0,1,1,0,1,1,0,1,2848
7473662502,用户7473662502,0.235961,0,0,0.0,4.8008927852633245e-05,0,1,1,0,1,1,0,1,2848
6105414873,CPAWITHME,0.235742,0,0,0.0,4.8008927852633245e-05,0,1,1,0,2,1,0,2,2848
5134616573,bibibiFFFw-,0.233012,0,0,0.0,4.8008927852633245e-05,0,1,1,0,2,1,0,2,2848
1866280303,Vega520,0.233012,0,0,0.0,4.8008927852633245e-05,0,1,1,0,2,1,0,2,2848
7387086486,热爱生活热爱你呦,0.229741,0,0,0.0,4.8008927852633245e-05,0,1,1,0,2,1,0,2,2848
6031413700,一只羊仔呼,0.227753,0,0,0.0,4.8008927852633245e-05,0,1,1,0,1,1,0,1,2848
8456897026,枕渝霜,0.227753,0,0,0.0,4.8008927852633245e-05,0,1,1,0,1,1,0,1,2848
6042848812,晓明童鞋在幼儿园,0.227753,0,0,0.0,4.8008927852633245e-05,0,1,1,0,1,1,0,1,2848
7818792239,NicolaCasale,0.227753,0,0,0.0,4.8008927852633245e-05,0,1,1,0,1,1,0,1,2848
6011594103,鱼鱼加油冲冲,0.227753,0,0,0.0,4.8008927852633245e-05,0,1,1,0,1,1,0,1,2848
6008902197,晓镜琴韵,0.227753,0,0,0.0,4.8008927852633245e-05,0,1,1,0,1,1,0,1,2848
1087970883,stuyghj,0.227753,0,0,0.0,4.8008927852633245e-05,0,1,1,0,1,1,0,1,2848
5697943978,一祎壹逸,0.227753,0,0,0.0,4.8008927852633245e-05,0,1,1,0,1,1,0,1,2848
1020217901,我是爱达紧,0.227753,0,0,0.0,4.8008927852633245e-05,0,1,1,0,1,1,0,1,2848
7811505560,听潇圆叙,0.227753,0,0,0.0,4.8008927852633245e-05,0,1,1,0,1,1,0,1,2848
2470834220,今日说球,0.227753,0,0,0.0,4.8008927852633245e-05,0,1,1,0,1,1,0,1,2848
5982010683,我们的花语是永远的朋友,0.227753,0,0,0.0,4.8008927852633245e-05,0,1,1,0,1,1,0,1,2848
7807075716,稻草莲子汤,0.227753,0,0,0.0,4.8008927852633245e-05,0,1,1,0,1,1,0,1,2848
2441897275,大智大勇之阳光大道,0.227753,0,0,0.0,4.8008927852633245e-05,0,1,1,0,1,1,0,1,2848
5590197982,祝福我最爱的能永远飞翔,0.227753,0,0,0.0,4.8008927852633245e-05,0,1,1,0,1,1,0,1,2848
7791062454,L黎明破晓前-,0.227753,0,0,0.0,4.8008927852633245e-05,0,1,1,0,1,1,0,1,2848
6137058313,TENET-NA,0.227753,0,0,0.0,4.8008927852633245e-05,0,1,1,0,1,1,0,1,2848
7789121166,让我看看202209,0.227753,0,0,0.0,4.8008927852633245e-05,0,1,1,0,1,1,0,1,2848
6157025174,脱脂牛马plus,0.227753,0,0,0.0,4.8008927852633245e-05,0,1,1,0,1,1,0,1,2848
7788136287,獨家鯊,0.227753,0,0,0.0,4.8008927852633245e-05,0,1,1,0,1,1,0,1,2848
6199523389,Meidong625,0.227753,0,0,0.0,4.8008927852633245e-05,0,1,1,0,1,1,0,1,2848
2400178611,师師醬Official,0.227753,0,0,0.0,4.8008927852633245e-05,0,1,1,0,1,1,0,1,2848
6227273439,许倾文_,0.227753,0,0,0.0,4.8008927852633245e-05,0,1,1,0,1,1,0,1,2848
2814874944,诗酒趁如年,0.227753,0,0,0.0,4.8008927852633245e-05,0,1,1,0,1,1,0,1,2848
1144020075,鱼亻杰,0.227753,0,0,0.0,4.8008927852633245e-05,0,1,1,0,1,1,0,1,2848
5618901084,没事就爱吃点芭乐,0.227753,0,0,0.0,4.8008927852633245e-05,0,1,1,0,1,1,0,1,2848
5970338864,苦山压梧桐,0.227753,0,0,0.0,4.8008927852633245e-05,0,1,1,0,1,1,0,1,2848
7989280493,舌尖上的何尔蒙,0.227753,0,0,0.0,4.8008927852633245e-05,0,1,1,0,1,1,0,1,2848
7953611459,cli_17,0.227753,0,0,0.0,4.8008927852633245e-05,0,1,1,0,1,1,0,1,2848
7953002575,春日信笺98,0.227753,0,0,0.0,4.8008927852633245e-05,0,1,1,0,1,1,0,1,2848
1421178721,大头陀,0.227753,0,0,0.0,4.8008927852633245e-05,0,1,1,0,1,1,0,1,2848
5830980402,走过面儿,0.227753,0,0,0.0,4.8008927852633245e-05,0,1,1,0,1,1,0,1,2848
8006203602,你说我们去看海_,0.227753,0,0,0.0,4.8008927852633245e-05,0,1,1,0,1,1,0,1,2848
5843677208,浪漫麻痹腐烂尸体-,0.227753,0,0,0.0,4.8008927852633245e-05,0,1,1,0,1,1,0,1,2848
5848136487,啵啵罗罗啵啵粒啵啵粒啵,0.227753,0,0,0.0,4.8008927852633245e-05,0,1,1,0,1,1,0,1,2848
5848966182,飞向地球的小六,0.227753,0,0,0.0,4.8008927852633245e-05,0,1,1,0,1,1,0,1,2848
5853495851,云朵白-,0.227753,0,0,0.0,4.8008927852633245e-05,0,1,1,0,1,1,0,1,2848
1571217812,drfunk15,0.227753,0,0,0.0,4.8008927852633245e-05,0,1,1,0,1,1,0,1,2848
7908645686,大爱啵老嬷TV,0.227753,0,0,0.0,4.8008927852633245e-05,0,1,1,0,1,1,0,1,2848
8252443551,卡皮菠萝大王,0.227753,0,0,0.0,4.8008927852633245e-05,0,1,1,0,1,1,0,1,2848
7898522948,Ciel--1,0.227753,0,0,0.0,4.8008927852633245e-05,0,1,1,0,1,1,0,1,2848
5934581695,娇布蕾,0.227753,0,0,0.0,4.8008927852633245e-05,0,1,1,0,1,1,0,1,2848
5654934057,三度_69,0.227753,0,0,0.0,4.8008927852633245e-05,0,1,1,0,1,1,0,1,2848
5936068499,柠茶泡面,0.227753,0,0,0.0,4.8008927852633245e-05,0,1,1,0,1,1,0,1,2848
1638579377,夢中lz星空眼淚,0.227753,0,0,0.0,4.8008927852633245e-05,0,1,1,0,1,1,0,1,2848
7977429821,妹喜欢你的,0.227753,0,0,0.0,4.8008927852633245e-05,0,1,1,0,1,1,0,1,2848
5958118164,饭圈阿婆主瑞纳,0.227753,0,0,0.0,4.8008927852633245e-05,0,1,1,0,1,1,0,1,2848
7868242827,我只是个爱你的笨蛋-,0.227753,0,0,0.0,4.8008927852633245e-05,0,1,1,0,1,1,0,1,2848
7847350654,梅里西西西,0.227753,0,0,0.0,4.8008927852633245e-05,0,1,1,0,1,1,0,1,2848
7844852461,就是喜欢明天,0.227753,0,0,0.0,4.8008927852633245e-05,0,1,1,0,1,1,0,1,2848
1758670473,略显潦草潦潦,0.227753,0,0,0.0,4.8008927852633245e-05,0,1,1,0,1,1,0,1,2848
2268551240,Bomi爱吃糯米,0.227753,0,0,0.0,4.8008927852633245e-05,0,1,1,0,1,1,0,1,2848
2375746444,霸霸霸道徐公子__,0.227753,0,0,0.0,4.8008927852633245e-05,0,1,1,0,1,1,0,1,2848
6839427905,云南阿瑾拾古艺,0.227753,0,0,0.0,4.8008927852633245e-05,0,1,1,0,1,1,0,1,2848
1945421111,捡到一束光很耀眼,0.227753,0,0,0.0,4.8008927852633245e-05,0,1,1,0,1,1,0,1,2848
7246153446,相见恨晚定于情,0.227753,0,0,0.0,4.8008927852633245e-05,0,1,1,0,1,1,0,1,2848
7505826350,饭盒精kxx,0.227753,0,0,0.0,4.8008927852633245e-05,0,1,1,0,1,1,0,1,2848
7194773256,想和女拳练练拳,0.227753,0,0,0.0,4.8008927852633245e-05,0,1,1,0,1,1,0,1,2848
7192800349,周五很好,0.227753,0,0,0.0,4.8008927852633245e-05,0,1,1,0,1,1,0,1,2848
1964926535,胶囊骆驼Zz,0.227753,0,0,0.0,4.8008927852633245e-05,0,1,1,0,1,1,0,1,2848
7506493699,小狮子和小海怪,0.227753,0,0,0.0,4.8008927852633245e-05,0,1,1,0,1,1,0,1,2848
7185998502,半空中的雨和鱼,0.227753,0,0,0.0,4.8008927852633245e-05,0,1,1,0,1,1,0,1,2848
7180839735,小狗騎士戰敗,0.227753,0,0,0.0,4.8008927852633245e-05,0,1,1,0,1,1,0,1,2848
7083698859,加油47782,0.227753,0,0,0.0,4.8008927852633245e-05,0,1,1,0,1,1,0,1,2848
7525305347,以秒为单位增长_,0.227753,0,0,0.0,4.8008927852633245e-05,0,1,1,0,1,1,0,1,2848
7032391915,Imessiforever10,0.227753,0,0,0.0,4.8008927852633245e-05,0,1,1,0,1,1,0,1,2848
7527969867,Violetta_Ophelia_Alisha,0.227753,0,0,0.0,4.8008927852633245e-05,0,1,1,0,1,1,0,1,2848
7540152187,这个杀手脸很冷,0.227753,0,0,0.0,4.8008927852633245e-05,0,1,1,0,1,1,0,1,2848
2038562752,松香小虫cri,0.227753,0,0,0.0,4.8008927852633245e-05,0,1,1,0,1,1,0,1,2848
7279945706,谁想喝一杯,0.227753,0,0,0.0,4.8008927852633245e-05,0,1,1,0,1,1,0,1,2848
7287352403,無量塔姬子愛吃小黃兔,0.227753,0,0,0.0,4.8008927852633245e-05,0,1,1,0,1,1,0,1,2848
7305011159,黑化肥发挥会嘿嘿嘿,0.227753,0,0,0.0,4.8008927852633245e-05,0,1,1,0,1,1,0,1,2848
7455120452,我挺好16,0.227753,0,0,0.0,4.8008927852633245e-05,0,1,1,0,1,1,0,1,2848
1888550095,龙庭青君,0.227753,0,0,0.0,4.8008927852633245e-05,0,1,1,0,1,1,0,1,2848
7443408734,会去几号花店,0.227753,0,0,0.0,4.8008927852633245e-05,0,1,1,0,1,1,0,1,2848
7443635987,捞的么就不谈了,0.227753,0,0,0.0,4.8008927852633245e-05,0,1,1,0,1,1,0,1,2848
7390903919,锄禾啊_啊_啊_当午,0.227753,0,0,0.0,4.8008927852633245e-05,0,1,1,0,1,1,0,1,2848
7387937257,听不了个听,0.227753,0,0,0.0,4.8008927852633245e-05,0,1,1,0,1,1,0,1,2848
7452967629,恰逢其时kxjh,0.227753,0,0,0.0,4.8008927852633245e-05,0,1,1,0,1,1,0,1,2848
7384474329,世界第一赛博恋狗癖,0.227753,0,0,0.0,4.8008927852633245e-05,0,1,1,0,1,1,0,1,2848
7317669901,倾心一笑博导众生,0.227753,0,0,0.0,4.8008927852633245e-05,0,1,1,0,1,1,0,1,2848
7381541267,社恐巨人9801,0.227753,0,0,0.0,4.8008927852633245e-05,0,1,1,0,1,1,0,1,2848
7371534895,乾青_Qian,0.227753,0,0,0.0,4.8008927852633245e-05,0,1,1,0,1,1,0,1,2848
7368356271,ujeong最好别摆烂,0.227753,0,0,0.0,4.8008927852633245e-05,0,1,1,0,1,1,0,1,2848
1916779177,是他的小酒窝呀,0.227753,0,0,0.0,4.8008927852633245e-05,0,1,1,0,1,1,0,1,2848
1862750590,薛静书,0.227753,0,0,0.0,4.8008927852633245e-05,0,1,1,0,1,1,0,1,2848
1858291127,稚爱云雷,0.227753,0,0,0.0,4.8008927852633245e-05,0,1,1,0,1,1,0,1,2848
7540290957,汐叶洱茶,0.227753,0,0,0.0,4.8008927852633245e-05,0,1,1,0,1,1,0,1,2848
1835577815,哒哒七,0.227753,0,0,0.0,4.8008927852633245e-05,0,1,1,0,1,1,0,1,2848
2375312690,在世人物,0.227753,0,0,0.0,4.8008927852633245e-05,0,1,1,0,1,1,0,1,2848
7559591031,听_禹说,0.227753,0,0,0.0,4.8008927852633245e-05,0,1,1,0,1,1,0,1,2848
6468142897,咕噜小嘻,0.227753,0,0,0.0,4.8008927852633245e-05,0,1,1,0,1,1,0,1,2848
7729145237,mtnbmtyd,0.227753,0,0,0.0,4.8008927852633245e-05,0,1,1,0,1,1,0,1,2848
6461986372,吾本杀虫剂,0.227753,0,0,0.0,4.8008927852633245e-05,0,1,1,0,1,1,0,1,2848
7738727481,黄金椰椰乌龙激推,0.227753,0,0,0.0,4.8008927852633245e-05,0,1,1,0,1,1,0,1,2848
7412130835,阿炜今天有没有摸鱼,0.227753,0,0,0.0,4.8008927852633245e-05,0,1,1,0,1,1,0,1,2848
1770019182,summertree8,0.227753,0,0,0.0,4.8008927852633245e-05,0,1,1,0,1,1,0,1,2848
7758197878,猪猪女侠201402,0.227753,0,0,0.0,4.8008927852633245e-05,0,1,1,0,1,1,0,1,2848
7769809125,黑糖珍珠麻鼠,0.227753,0,0,0.0,4.8008927852633245e-05,0,1,1,0,1,1,0,1,2848
6371421716,我们的MING天,0.227753,0,0,0.0,4.8008927852633245e-05,0,1,1,0,1,1,0,1,2848
6356018956,桥豆麻袋mo,0.227753,0,0,0.0,4.8008927852633245e-05,0,1,1,0,1,1,0,1,2848
6353318165,-兔斯以-,0.227753,0,0,0.0,4.8008927852633245e-05,0,1,1,0,1,1,0,1,2848
2346206157,Soy_Jessica,0.227753,0,0,0.0,4.8008927852633245e-05,0,1,1,0,1,1,0,1,2848
6311814559,檸檬樹candy,0.227753,0,0,0.0,4.8008927852633245e-05,0,1,1,0,1,1,0,1,2848
6302877294,猫的肥皂泡,0.227753,0,0,0.0,4.8008927852633245e-05,0,1,1,0,1,1,0,1,2848
2374597625,Chen光映竹,0.227753,0,0,0.0,4.8008927852633245e-05,0,1,1,0,1,1,0,1,2848
6470849523,宇宙无敌大漂亮happy,0.227753,0,0,0.0,4.8008927852633245e-05,0,1,1,0,1,1,0,1,2848
7726449004,summerWine7cr,0.227753,0,0,0.0,4.8008927852633245e-05,0,1,1,0,1,1,0,1,2848
1777805561,就是特别爱吃海鲜,0.227753,0,0,0.0,4.8008927852633245e-05,0,1,1,0,1,1,0,1,2848
1793117301,扬_Nana,0.227753,0,0,0.0,4.8008927852633245e-05,0,1,1,0,1,1,0,1,2848
7565448191,小陈就是小笨鸟,0.227753,0,0,0.0,4.8008927852633245e-05,0,1,1,0,1,1,0,1,2848
6615605106,時思出,0.227753,0,0,0.0,4.8008927852633245e-05,0,1,1,0,1,1,0,1,2848
6585653692,希望的小比,0.227753,0,0,0.0,4.8008927852633245e-05,0,1,1,0,1,1,0,1,2848
7627945273,阳光下LYN宁,0.227753,0,0,0.0,4.8008927852633245e-05,0,1,1,0,1,1,0,1,2848
2172994680,黄花菜_HHC,0.227753,0,0,0.0,4.8008927852633245e-05,0,1,1,0,1,1,0,1,2848
6534526224,兄弟我不行了姊妹我不行了,0.227753,0,0,0.0,4.8008927852633245e-05,0,1,1,0,1,1,0,1,2848
6506872161,三年二三事,0.227753,0,0,0.0,4.8008927852633245e-05,0,1,1,0,1,1,0,1,2848
6474567854,得想个办法嫁给灵幻新隆,0.227753,0,0,0.0,4.8008927852633245e-05,0,1,1,0,1,1,0,1,2848
2233131052,李东元_Matthew,0.227753,0,0,0.0,4.8008927852633245e-05,0,1,1,0,1,1,0,1,2848
7671843793,叁个降落伞cici,0.227753,0,0,0.0,4.8008927852633245e-05,0,1,1,0,1,1,0,1,2848
2247525322,王霏霏_FEICNFC,0.227753,0,0,0.0,4.8008927852633245e-05,0,1,1,0,1,1,0,1,2848
6482346104,坏坏换,0.227753,0,0,0.0,4.8008927852633245e-05,0,1,1,0,1,1,0,1,2848
7719094299,HAO千万,0.227753,0,0,0.0,4.8008927852633245e-05,0,1,1,0,1,1,0,1,2848
6476287452,一生无痴梦,0.227753,0,0,0.0,4.8008927852633245e-05,0,1,1,0,1,1,0,1,2848
7349213577,Fo0o0oX,0.227753,0,0,0.0,4.8008927852633245e-05,0,1,1,0,1,1,0,1,2848
6832365345,超热的风扇,0.227753,0,0,0.0,4.8008927852633245e-05,0,1,1,0,1,1,0,1,2848
5215457600,三笠我们私奔吧,0.227753,0,0,0.0,4.8008927852633245e-05,0,1,1,0,1,1,0,1,2848
5281371309,超级幸运加倍的我,0.227753,0,0,0.0,4.8008927852633245e-05,0,1,1,0,1,1,0,1,2848
3136761354,一路向前婧,0.227753,0,0,0.0,4.8008927852633245e-05,0,1,1,0,1,1,0,1,2848
3858538566,萱萱小宝贝在江湖,0.227753,0,0,0.0,4.8008927852633245e-05,0,1,1,0,1,1,0,1,2848
5474591958,雨夜之微澜,0.227753,0,0,0.0,4.8008927852633245e-05,0,1,1,0,1,1,0,1,2848
5484361748,今天ci森莫,0.227753,0,0,0.0,4.8008927852633245e-05,0,1,1,0,1,1,0,1,2848
3281026411,夏日不念,0.227753,0,0,0.0,4.8008927852633245e-05,0,1,1,0,1,1,0,1,2848
5081396513,63zPro,0.227753,0,0,0.0,4.8008927852633245e-05,0,1,1,0,1,1,0,1,2848
5515196472,孺子牛er,0.227753,0,0,0.0,4.8008927852633245e-05,0,1,1,0,1,1,0,1,2848
5517797135,不成像Polaroid,0.227753,0,0,0.0,4.8008927852633245e-05,0,1,1,0,1,1,0,1,2848
4093848783,橡树与玫瑰花瓣,0.227753,0,0,0.0,4.8008927852633245e-05,0,1,1,0,1,1,0,1,2848
5341323511,Air夜枫,0.227753,0,0,0.0,4.8008927852633245e-05,0,1,1,0,1,1,0,1,2848
3297536633,Savalen1,0.227753,0,0,0.0,4.8008927852633245e-05,0,1,1,0,1,1,0,1,2848
2894051637,玲娜贝儿的野生网友,0.227753,0,0,0.0,4.8008927852633245e-05,0,1,1,0,1,1,0,1,2848
5538814532,雷布冰布赛高,0.227753,0,0,0.0,4.8008927852633245e-05,0,1,1,0,1,1,0,1,2848
5184863933,祎山海观秋月,0.227753,0,0,0.0,4.8008927852633245e-05,0,1,1,0,1,1,0,1,2848
5538376860,童话镇里阿婆说弦上有春秋,0.227753,0,0,0.0,4.8008927852633245e-05,0,1,1,0,1,1,0,1,2848
3202047570,江湖浪子乐逍遥,0.227753,0,0,0.0,4.8008927852633245e-05,0,1,1,0,1,1,0,1,2848
5571987278,Alexanders,0.227753,0,0,0.0,4.8008927852633245e-05,0,1,1,0,1,1,0,1,2848
5351856519,故人莫相离_,0.227753,0,0,0.0,4.8008927852633245e-05,0,1,1,0,1,1,0,1,2848
5324742748,·桃跑·,0.227753,0,0,0.0,4.8008927852633245e-05,0,1,1,0,1,1,0,1,2848
5263805472,狗就是狗snsn,0.227753,0,0,0.0,4.8008927852633245e-05,0,1,1,0,1,1,0,1,2848
5428610345,咸鱼颗粒,0.227753,0,0,0.0,4.8008927852633245e-05,0,1,1,0,1,1,0,1,2848
5974277810,芝士流星蛋,0.227517,0,0,0.0,4.8008927852633245e-05,0,1,1,0,2,1,0,2,2848
7918696385,用户7918696385,0.221274,0,0,0.0,4.8008927852633245e-05,0,1,1,0,1,1,0,1,2848
5246164621,melo_92715,0.221274,0,0,0.0,4.8008927852633245e-05,0,1,1,0,1,1,0,1,2848
1729573205,退休青年K,0.221274,0,0,0.0,4.8008927852633245e-05,0,1,1,0,1,1,0,1,2848
2097214345,白河朋也·浅葉小奈美·新海天,0.221274,0,0,0.0,4.8008927852633245e-05,0,1,1,0,1,1,0,1,2848
6114861094,可又赴远方,0.221274,0,0,0.0,4.8008927852633245e-05,0,1,1,0,1,1,0,1,2848
2326202931,凛鸢,0.221274,0,0,0.0,4.8008927852633245e-05,0,1,1,0,1,1,0,1,2848
6371480339,欧皇zeh,0.221274,0,0,0.0,4.8008927852633245e-05,0,1,1,0,1,1,0,1,2848
2436824465,张Robert,0.221274,0,0,0.0,4.8008927852633245e-05,0,1,1,0,1,1,0,1,2848
6383834626,我上网只是为了冲浪,0.221274,0,0,0.0,4.8008927852633245e-05,0,1,1,0,1,1,0,1,2848
7419986030,恆蝶雨季,0.221274,0,0,0.0,4.8008927852633245e-05,0,1,1,0,1,1,0,1,2848
2640096287,小奶龙爱冲浪,0.221274,0,0,0.0,4.8008927852633245e-05,0,1,1,0,1,1,0,1,2848
6095768801,高满满的戴迪,0.221274,0,0,0.0,4.8008927852633245e-05,0,1,1,0,1,1,0,1,2848
7722624276,嗯恩蒽摁恩,0.221274,0,0,0.0,4.8008927852633245e-05,0,1,1,0,1,1,0,1,2848
6124288905,Xuxi的小团子进行曲509,0.221274,0,0,0.0,4.8008927852633245e-05,0,1,1,0,1,1,0,1,2848
5221254250,小朋友抗不住可以哭,0.221274,0,0,0.0,4.8008927852633245e-05,0,1,1,0,1,1,0,1,2848
5834693552,战队红全肯定bot,0.221274,0,0,0.0,4.8008927852633245e-05,0,1,1,0,1,1,0,1,2848
6710581900,不甜的甜甜圈h,0.221274,0,0,0.0,4.8008927852633245e-05,0,1,1,0,1,1,0,1,2848
7729943977,一口土豆泥泥_,0.221274,0,0,0.0,4.8008927852633245e-05,0,1,1,0,1,1,0,1,2848
6443411459,秋以为期5257,0.221274,0,0,0.0,4.8008927852633245e-05,0,1,1,0,1,1,0,1,2848
6094352102,游鱼入雨,0.221274,0,0,0.0,4.8008927852633245e-05,0,1,1,0,1,1,0,1,2848
6457644489,QJY171,0.221274,0,0,0.0,4.8008927852633245e-05,0,1,1,0,1,1,0,1,2848
1411404647,莫名傻力量,0.221274,0,0,0.0,4.8008927852633245e-05,0,1,1,0,1,1,0,1,2848
5759299465,云藏山径雪晴初,0.221274,0,0,0.0,4.8008927852633245e-05,0,1,1,0,1,1,0,1,2848
2662817813,紫曼珠沙华lily,0.221274,0,0,0.0,4.8008927852633245e-05,0,1,1,0,1,1,0,1,2848
2277936631,我是一皮xi,0.221274,0,0,0.0,4.8008927852633245e-05,0,1,1,0,1,1,0,1,2848
6445546177,是九宸阿,0.221274,0,0,0.0,4.8008927852633245e-05,0,1,1,0,1,1,0,1,2848
6934375549,栀子花不冬眠,0.221274,0,0,0.0,4.8008927852633245e-05,0,1,1,0,1,1,0,1,2848
6679192530,凌璃尽致ory,0.221274,0,0,0.0,4.8008927852633245e-05,0,1,1,0,1,1,0,1,2848
6089135424,一盒荔枝酱,0.221274,0,0,0.0,4.8008927852633245e-05,0,1,1,0,1,1,0,1,2848
7647290948,Alwayswithme3300,0.221274,0,0,0.0,4.8008927852633245e-05,0,1,1,0,1,1,0,1,2848
1729435613,Penny珮妮,0.221274,0,0,0.0,4.8008927852633245e-05,0,1,1,0,1,1,0,1,2848
7940856753,糯米糕享受者,0.221274,0,0,0.0,4.8008927852633245e-05,0,1,1,0,1,1,0,1,2848
5796917481,Eccentric735,0.221274,0,0,0.0,4.8008927852633245e-05,0,1,1,0,1,1,0,1,2848
7648305690,坏薯仔不恋爱,0.221274,0,0,0.0,4.8008927852633245e-05,0,1,1,0,1,1,0,1,2848
6422789400,你想活出怎样的人生111,0.221274,0,0,0.0,4.8008927852633245e-05,0,1,1,0,1,1,0,1,2848
2352384124,心外无物此心光明亦复何言亦复何,0.221274,0,0,0.0,4.8008927852633245e-05,0,1,1,0,1,1,0,1,2848
6130797500,冰火鸟er在路上,0.221274,0,0,0.0,4.8008927852633245e-05,0,1,1,0,1,1,0,1,2848
3814256704,版本错误正在升级,0.221274,0,0,0.0,4.8008927852633245e-05,0,1,1,0,1,1,0,1,2848
6012976332,Andrew_秋,0.221274,0,0,0.0,4.8008927852633245e-05,0,1,1,0,1,1,0,1,2848
7863746497,是青桔哎,0.221274,0,0,0.0,4.8008927852633245e-05,0,1,1,0,1,1,0,1,2848
2393499455,IMRYING,0.221274,0,0,0.0,4.8008927852633245e-05,0,1,1,0,1,1,0,1,2848
6850291428,呜啦啦啦卡3,0.221274,0,0,0.0,4.8008927852633245e-05,0,1,1,0,1,1,0,1,2848
7857884216,写给尤迪特的诗_,0.221274,0,0,0.0,4.8008927852633245e-05,0,1,1,0,1,1,0,1,2848
7436845343,献祭泪的悼歌,0.221274,0,0,0.0,4.8008927852633245e-05,0,1,1,0,1,1,0,1,2848
6055396394,imaaaroou,0.221274,0,0,0.0,4.8008927852633245e-05,0,1,1,0,1,1,0,1,2848
7835900478,臻心宥存,0.221274,0,0,0.0,4.8008927852633245e-05,0,1,1,0,1,1,0,1,2848
6868700467,清栀牙牙乐,0.221274,0,0,0.0,4.8008927852633245e-05,0,1,1,0,1,1,0,1,2848
5876200083,XLLL白云苍狗,0.221274,0,0,0.0,4.8008927852633245e-05,0,1,1,0,1,1,0,1,2848
6880373971,涅槃重生cium,0.221274,0,0,0.0,4.8008927852633245e-05,0,1,1,0,1,1,0,1,2848
7798744320,赫青22,0.221274,0,0,0.0,4.8008927852633245e-05,0,1,1,0,1,1,0,1,2848
7847294508,Ahornblatt___,0.221274,0,0,0.0,4.8008927852633245e-05,0,1,1,0,1,1,0,1,2848
6035810285,-别管我啦-,0.221274,0,0,0.0,4.8008927852633245e-05,0,1,1,0,1,1,0,1,2848
6137694124,Autumn秋1103,0.221274,0,0,0.0,4.8008927852633245e-05,0,1,1,0,1,1,0,1,2848
7433046049,颜奏,0.221274,0,0,0.0,4.8008927852633245e-05,0,1,1,0,1,1,0,1,2848
6042593842,小吴很哇,0.221274,0,0,0.0,4.8008927852633245e-05,0,1,1,0,1,1,0,1,2848
3887866395,我今天可以不去幼儿园吗,0.221274,0,0,0.0,4.8008927852633245e-05,0,1,1,0,1,1,0,1,2848
3478656500,ouo今日趴趴猫Neo,0.221274,0,0,0.0,4.8008927852633245e-05,0,1,1,0,1,1,0,1,2848
7834506888,广西小土狗,0.221274,0,0,0.0,4.8008927852633245e-05,0,1,1,0,1,1,0,1,2848
6260928891,YunieKittenPaw_096,0.221274,0,0,0.0,4.8008927852633245e-05,0,1,1,0,1,1,0,1,2848
7360302064,Damocles1229,0.221274,0,0,0.0,4.8008927852633245e-05,0,1,1,0,1,1,0,1,2848
1966425923,Night1002,0.221274,0,0,0.0,4.8008927852633245e-05,0,1,1,0,1,1,0,1,2848
5221779743,原生态品质店,0.221274,0,0,0.0,4.8008927852633245e-05,0,1,1,0,1,1,0,1,2848
7895827986,整合198303,0.221274,0,0,0.0,4.8008927852633245e-05,0,1,1,0,1,1,0,1,2848
7360379039,喝杯茉莉柠檬茶,0.221274,0,0,0.0,4.8008927852633245e-05,0,1,1,0,1,1,0,1,2848
7895072695,世一diva预备役,0.221274,0,0,0.0,4.8008927852633245e-05,0,1,1,0,1,1,0,1,2848
1627128191,无相的AI,0.221274,0,0,0.0,4.8008927852633245e-05,0,1,1,0,1,1,0,1,2848
7364365909,杯酒起涟漪,0.221274,0,0,0.0,4.8008927852633245e-05,0,1,1,0,1,1,0,1,2848
1731065970,sa_choi,0.221274,0,0,0.0,4.8008927852633245e-05,0,1,1,0,1,1,0,1,2848
5243006556,小猫咪困告了,0.221274,0,0,0.0,4.8008927852633245e-05,0,1,1,0,1,1,0,1,2848
7443225825,章鱼Van,0.221274,0,0,0.0,4.8008927852633245e-05,0,1,1,0,1,1,0,1,2848
2376201243,小白熊爸爸,0.221274,0,0,0.0,4.8008927852633245e-05,0,1,1,0,1,1,0,1,2848
1731086097,卤果木有你,0.221274,0,0,0.0,4.8008927852633245e-05,0,1,1,0,1,1,0,1,2848
6272498050,呦只加菲,0.221274,0,0,0.0,4.8008927852633245e-05,0,1,1,0,1,1,0,1,2848
7763320155,山崎怜Rei,0.221274,0,0,0.0,4.8008927852633245e-05,0,1,1,0,1,1,0,1,2848
2359735447,答案说的都是对的,0.221274,0,0,0.0,4.8008927852633245e-05,0,1,1,0,1,1,0,1,2848
6610426151,黑白之下丶,0.221274,0,0,0.0,4.8008927852633245e-05,0,1,1,0,1,1,0,1,2848
1216009185,玉石猫,0.221274,0,0,0.0,4.8008927852633245e-05,0,1,1,0,1,1,0,1,2848
3173322884,啵鹅_,0.221274,0,0,0.0,4.8008927852633245e-05,0,1,1,0,1,1,0,1,2848
5283734007,井伊法师直虎,0.221274,0,0,0.0,4.8008927852633245e-05,0,1,1,0,1,1,0,1,2848
7306027105,蟹哩蟹7,0.221274,0,0,0.0,4.8008927852633245e-05,0,1,1,0,1,1,0,1,2848
1342162192,我樂意-,0.221274,0,0,0.0,4.8008927852633245e-05,0,1,1,0,1,1,0,1,2848
1275821037,瑜530,0.221274,0,0,0.0,4.8008927852633245e-05,0,1,1,0,1,1,0,1,2848
7297286775,繁星点点永光芒,0.221274,0,0,0.0,4.8008927852633245e-05,0,1,1,0,1,1,0,1,2848
6633813429,玫瑰月光与红旗,0.221274,0,0,0.0,4.8008927852633245e-05,0,1,1,0,1,1,0,1,2848
8017407131,許知微ww,0.221274,0,0,0.0,4.8008927852633245e-05,0,1,1,0,1,1,0,1,2848
1223507343,克苏鲁炸鱿鱼,0.221274,0,0,0.0,4.8008927852633245e-05,0,1,1,0,1,1,0,1,2848
2759057317,1987明禧,0.221274,0,0,0.0,4.8008927852633245e-05,0,1,1,0,1,1,0,1,2848
7547749467,不許再倒霉了喂,0.221274,0,0,0.0,4.8008927852633245e-05,0,1,1,0,1,1,0,1,2848
6517929707,北地玫瑰原,0.221274,0,0,0.0,4.8008927852633245e-05,0,1,1,0,1,1,0,1,2848
7528567592,野生凹凸曼001,0.221274,0,0,0.0,4.8008927852633245e-05,0,1,1,0,1,1,0,1,2848
7272747082,芋见真心,0.221274,0,0,0.0,4.8008927852633245e-05,0,1,1,0,1,1,0,1,2848
6481122076,开心果胖胖_,0.221274,0,0,0.0,4.8008927852633245e-05,0,1,1,0,1,1,0,1,2848
5638489358,用户5638489358,0.221274,0,0,0.0,4.8008927852633245e-05,0,1,1,0,1,1,0,1,2848
5638142057,香菜清补凉,0.221274,0,0,0.0,4.8008927852633245e-05,0,1,1,0,1,1,0,1,2848
6620340779,布吨__,0.221274,0,0,0.0,4.8008927852633245e-05,0,1,1,0,1,1,0,1,2848
5634683808,小土豆妮公主,0.221274,0,0,0.0,4.8008927852633245e-05,0,1,1,0,1,1,0,1,2848
7483362757,要吃八碗饭_,0.221274,0,0,0.0,4.8008927852633245e-05,0,1,1,0,1,1,0,1,2848
5612753236,青衫羽-土豆教主版,0.221274,0,0,0.0,4.8008927852633245e-05,0,1,1,0,1,1,0,1,2848
5610062909,冇心心,0.221274,0,0,0.0,4.8008927852633245e-05,0,1,1,0,1,1,0,1,2848
4099476624,当我需要夏天,0.221274,0,0,0.0,4.8008927852633245e-05,0,1,1,0,1,1,0,1,2848
5599656883,W雾天风很大,0.221274,0,0,0.0,4.8008927852633245e-05,0,1,1,0,1,1,0,1,2848
3178522032,依然如花007,0.221274,0,0,0.0,4.8008927852633245e-05,0,1,1,0,1,1,0,1,2848
2130578203,中年阿晖爱喝下午茶,0.221274,0,0,0.0,4.8008927852633245e-05,0,1,1,0,1,1,0,1,2848
6590518425,百鬼e,0.221274,0,0,0.0,4.8008927852633245e-05,0,1,1,0,1,1,0,1,2848
7602167592,Xxxxtototo,0.221274,0,0,0.0,4.8008927852633245e-05,0,1,1,0,1,1,0,1,2848
6098865380,BuLuBu777,0.221274,0,0,0.0,4.8008927852633245e-05,0,1,1,0,1,1,0,1,2848
7965764873,谁还不是大可爱们呢,0.221274,0,0,0.0,4.8008927852633245e-05,0,1,1,0,1,1,0,1,2848
7613018742,系菟璃,0.221274,0,0,0.0,4.8008927852633245e-05,0,1,1,0,1,1,0,1,2848
6476663717,皱纹他没空,0.221274,0,0,0.0,4.8008927852633245e-05,0,1,1,0,1,1,0,1,2848
6461774513,飞天小飞饼,0.221274,0,0,0.0,4.8008927852633245e-05,0,1,1,0,1,1,0,1,2848
5697079868,CHTYA_,0.221274,0,0,0.0,4.8008927852633245e-05,0,1,1,0,1,1,0,1,2848
7957866698,用户7957866698,0.221274,0,0,0.0,4.8008927852633245e-05,0,1,1,0,1,1,0,1,2848
7800835571,pnrmaaaa,0.217014,0,0,0.0,4.8008927852633245e-05,0,1,1,0,2,2,0,2,2848
6243550649,怀亭望月,0.216023,0,0,0.0,4.8008927852633245e-05,0,1,1,0,1,1,0,1,2848
7395128408,凌汛tosin,0.216023,0,0,0.0,4.8008927852633245e-05,0,1,1,0,1,1,0,1,2848
6248745007,盛夏和冰咖啡,0.216023,0,0,0.0,4.8008927852633245e-05,0,1,1,0,1,1,0,1,2848
7880047681,小猫声,0.216023,0,0,0.0,4.8008927852633245e-05,0,1,1,0,1,1,0,1,2848
1698194380,wffice,0.216023,0,0,0.0,4.8008927852633245e-05,0,1,1,0,1,1,0,1,2848
2803837540,Jessica心雨520,0.216023,0,0,0.0,4.8008927852633245e-05,0,1,1,0,1,1,0,1,2848
1767567135,酒酿小郡肝,0.216023,0,0,0.0,4.8008927852633245e-05,0,1,1,0,1,1,0,1,2848
5967538216,我一生气我暴走两小时,0.216023,0,0,0.0,4.8008927852633245e-05,0,1,1,0,1,1,0,1,2848
7311519122,要来一杯马黛茶吗,0.216023,0,0,0.0,4.8008927852633245e-05,0,1,1,0,1,1,0,1,2848
2578956847,爱丽啾Ovo,0.216023,0,0,0.0,4.8008927852633245e-05,0,1,1,0,1,1,0,1,2848
2526229041,一一一一一一一一一田一,0.216023,0,0,0.0,4.8008927852633245e-05,0,1,1,0,1,1,0,1,2848
7842790795,婲餹餹_,0.216023,0,0,0.0,4.8008927852633245e-05,0,1,1,0,1,1,0,1,2848
5613148622,h23010,0.216023,0,0,0.0,4.8008927852633245e-05,0,1,1,0,1,1,0,1,2848
2925062583,慕容恪慕容玄恭,0.216023,0,0,0.0,4.8008927852633245e-05,0,1,1,0,1,1,0,1,2848
7863209794,fittobenamed_,0.216023,0,0,0.0,4.8008927852633245e-05,0,1,1,0,1,1,0,1,2848
2261355190,_风度不过你宁哥,0.216023,0,0,0.0,4.8008927852633245e-05,0,1,1,0,1,1,0,1,2848
2692899291,小刘不想修图啦,0.216023,0,0,0.0,4.8008927852633245e-05,0,1,1,0,1,1,0,1,2848
7882699175,ReydelPancho,0.216023,0,0,0.0,4.8008927852633245e-05,0,1,1,0,1,1,0,1,2848
1978279332,霍格沃茨魔法汐芸,0.216023,0,0,0.0,4.8008927852633245e-05,0,1,1,0,1,1,0,1,2848
2506551673,小羊尔尔er,0.216023,0,0,0.0,4.8008927852633245e-05,0,1,1,0,1,1,0,1,2848
6569925002,达达de_马蹄,0.216023,0,0,0.0,4.8008927852633245e-05,0,1,1,0,1,1,0,1,2848
2712312611,锦鲤叶一生,0.216023,0,0,0.0,4.8008927852633245e-05,0,1,1,0,1,1,0,1,2848
7833386318,攻攻攻ui,0.216023,0,0,0.0,4.8008927852633245e-05,0,1,1,0,1,1,0,1,2848
6299576043,F班的香芹同学,0.216023,0,0,0.0,4.8008927852633245e-05,0,1,1,0,1,1,0,1,2848
5917996083,rebeccaprincess113,0.216023,0,0,0.0,4.8008927852633245e-05,0,1,1,0,1,1,0,1,2848
5917324084,我真的爱冲浪呀,0.216023,0,0,0.0,4.8008927852633245e-05,0,1,1,0,1,1,0,1,2848
6895289962,杏任小饼干是我呀,0.216023,0,0,0.0,4.8008927852633245e-05,0,1,1,0,1,1,0,1,2848
7328576645,immmcecilia,0.216023,0,0,0.0,4.8008927852633245e-05,0,1,1,0,1,1,0,1,2848
5474943846,一加依_,0.216023,0,0,0.0,4.8008927852633245e-05,0,1,1,0,1,1,0,1,2848
7862827084,Azoraaa,0.216023,0,0,0.0,4.8008927852633245e-05,0,1,1,0,1,1,0,1,2848
7516819909,老树小鸭,0.216023,0,0,0.0,4.8008927852633245e-05,0,1,1,0,1,1,0,1,2848
7798324571,TimorPotee,0.216023,0,0,0.0,4.8008927852633245e-05,0,1,1,0,1,1,0,1,2848
3808195430,跺脚鱼刺,0.216023,0,0,0.0,4.8008927852633245e-05,0,1,1,0,1,1,0,1,2848
6619800953,偷走一只小喵_喵,0.216023,0,0,0.0,4.8008927852633245e-05,0,1,1,0,1,1,0,1,2848
5136133801,夕阳每天都好困,0.216023,0,0,0.0,4.8008927852633245e-05,0,1,1,0,1,1,0,1,2848
6033656950,超级无敌幸运的大可爱,0.216023,0,0,0.0,4.8008927852633245e-05,0,1,1,0,1,1,0,1,2848
7849878366,码客土瘟,0.216023,0,0,0.0,4.8008927852633245e-05,0,1,1,0,1,1,0,1,2848
7615393551,HHJ0567,0.216023,0,0,0.0,4.8008927852633245e-05,0,1,1,0,1,1,0,1,2848
3229253833,紫焰燃烬,0.216023,0,0,0.0,4.8008927852633245e-05,0,1,1,0,1,1,0,1,2848
9053155446,用户9053155446,0.216023,0,0,0.0,4.8008927852633245e-05,0,1,1,0,1,1,0,1,2848
6159907383,我就靠你老舅,0.216023,0,0,0.0,4.8008927852633245e-05,0,1,1,0,1,1,0,1,2848
7515862282,你人真好a,0.216023,0,0,0.0,4.8008927852633245e-05,0,1,1,0,1,1,0,1,2848
7853203670,小惟吃早餐了吗-,0.216023,0,0,0.0,4.8008927852633245e-05,0,1,1,0,1,1,0,1,2848
6169768484,用户6169768484,0.216023,0,0,0.0,4.8008927852633245e-05,0,1,1,0,1,1,0,1,2848
6179753889,弥上西乔,0.216023,0,0,0.0,4.8008927852633245e-05,0,1,1,0,1,1,0,1,2848
1220094840,尼科不是妮可是Nikooo,0.216023,0,0,0.0,4.8008927852633245e-05,0,1,1,0,1,1,0,1,2848
7785117806,我是橘粒,0.216023,0,0,0.0,4.8008927852633245e-05,0,1,1,0,1,1,0,1,2848
1793839097,一杯Whiskey不加冰,0.216023,0,0,0.0,4.8008927852633245e-05,0,1,1,0,1,1,0,1,2848
5993578282,goat是山羊,0.216023,0,0,0.0,4.8008927852633245e-05,0,1,1,0,1,1,0,1,2848
5984474054,papilio·,0.216023,0,0,0.0,4.8008927852633245e-05,0,1,1,0,1,1,0,1,2848
5568150720,纸鲤gra,0.216023,0,0,0.0,4.8008927852633245e-05,0,1,1,0,1,1,0,1,2848
7774085998,点亮一束光_,0.216023,0,0,0.0,4.8008927852633245e-05,0,1,1,0,1,1,0,1,2848
7468833273,我一点不困_7,0.216023,0,0,0.0,4.8008927852633245e-05,0,1,1,0,1,1,0,1,2848
7771791323,忘忧草2022年,0.216023,0,0,0.0,4.8008927852633245e-05,0,1,1,0,1,1,0,1,2848
1762289434,肥宗Abble是妖都摄影喔,0.216023,0,0,0.0,4.8008927852633245e-05,0,1,1,0,1,1,0,1,2848
7802915944,绘冰柠檬茶,0.216023,0,0,0.0,4.8008927852633245e-05,0,1,1,0,1,1,0,1,2848
7438237581,qin大良造,0.216023,0,0,0.0,4.8008927852633245e-05,0,1,1,0,1,1,0,1,2848
7520742218,littleleobigdream,0.216023,0,0,0.0,4.8008927852633245e-05,0,1,1,0,1,1,0,1,2848
1899730963,Las_Va,0.216023,0,0,0.0,4.8008927852633245e-05,0,1,1,0,1,1,0,1,2848
5356107528,欲书相思墨未浓,0.216023,0,0,0.0,4.8008927852633245e-05,0,1,1,0,1,1,0,1,2848
7742613057,重生之躺平没商量,0.216023,0,0,0.0,4.8008927852633245e-05,0,1,1,0,1,1,0,1,2848
3823374460,阿拉斯啾阿啾,0.216023,0,0,0.0,4.8008927852633245e-05,0,1,1,0,1,1,0,1,2848
7906518013,吾乃天之饺子007,0.216023,0,0,0.0,4.8008927852633245e-05,0,1,1,0,1,1,0,1,2848
6585990740,库洛米泡泡糖,0.216023,0,0,0.0,4.8008927852633245e-05,0,1,1,0,1,1,0,1,2848
3102885807,雨熙小主儿-4f7889,0.216023,0,0,0.0,4.8008927852633245e-05,0,1,1,0,1,1,0,1,2848
6351430957,喜梵-,0.216023,0,0,0.0,4.8008927852633245e-05,0,1,1,0,1,1,0,1,2848
1848809100,-小陈-故事-,0.216023,0,0,0.0,4.8008927852633245e-05,0,1,1,0,1,1,0,1,2848
1824532011,還是會微笑,0.216023,0,0,0.0,4.8008927852633245e-05,0,1,1,0,1,1,0,1,2848
6611870876,正版豆果,0.216023,0,0,0.0,4.8008927852633245e-05,0,1,1,0,1,1,0,1,2848
2341530235,咚咚咚冬冬111,0.216023,0,0,0.0,4.8008927852633245e-05,0,1,1,0,1,1,0,1,2848
6362494295,静梓默默y,0.216023,0,0,0.0,4.8008927852633245e-05,0,1,1,0,1,1,0,1,2848
7914689550,霹雳鱼头_,0.216023,0,0,0.0,4.8008927852633245e-05,0,1,1,0,1,1,0,1,2848
1823960932,鱼丸粗面面面面_,0.216023,0,0,0.0,4.8008927852633245e-05,0,1,1,0,1,1,0,1,2848
7597566311,冻00000茶,0.216023,0,0,0.0,4.8008927852633245e-05,0,1,1,0,1,1,0,1,2848
7817544742,叛逆烤红薯-,0.216023,0,0,0.0,4.8008927852633245e-05,0,1,1,0,1,1,0,1,2848
7915359173,喜欢喝美咖的君弟,0.216023,0,0,0.0,4.8008927852633245e-05,0,1,1,0,1,1,0,1,2848
6485135074,迷人的黑白分明,0.216023,0,0,0.0,4.8008927852633245e-05,0,1,1,0,1,1,0,1,2848
5845218568,todalin,0.216023,0,0,0.0,4.8008927852633245e-05,0,1,1,0,1,1,0,1,2848
3625870344,爱榴莲不爱榴莲酥,0.216023,0,0,0.0,4.8008927852633245e-05,0,1,1,0,1,1,0,1,2848
7939105995,小蜗牛爬山巅,0.216023,0,0,0.0,4.8008927852633245e-05,0,1,1,0,1,1,0,1,2848
7472840470,石榴爱吃虞_,0.216023,0,0,0.0,4.8008927852633245e-05,0,1,1,0,1,1,0,1,2848
1951605917,若云朵儿,0.216023,0,0,0.0,4.8008927852633245e-05,0,1,1,0,1,1,0,1,2848
7342222902,jy-suger,0.216023,0,0,0.0,4.8008927852633245e-05,0,1,1,0,1,1,0,1,2848
1812830637,MHZ_美惠,0.216023,0,0,0.0,4.8008927852633245e-05,0,1,1,0,1,1,0,1,2848
5055884981,呼呼奶茶珍珠,0.216023,0,0,0.0,4.8008927852633245e-05,0,1,1,0,1,1,0,1,2848
3049445697,imadamioo,0.216023,0,0,0.0,4.8008927852633245e-05,0,1,1,0,1,1,0,1,2848
7931539308,juessies吴鹯,0.216023,0,0,0.0,4.8008927852633245e-05,0,1,1,0,1,1,0,1,2848
7605665127,小九的幸运饼干,0.216023,0,0,0.0,4.8008927852633245e-05,0,1,1,0,1,1,0,1,2848
7310045671,善解小白菜攀登,0.216023,0,0,0.0,4.8008927852633245e-05,0,1,1,0,1,1,0,1,2848
2991074313,L善良有度,0.216023,0,0,0.0,4.8008927852633245e-05,0,1,1,0,1,1,0,1,2848
1783797177,絵理_Allie,0.216023,0,0,0.0,4.8008927852633245e-05,0,1,1,0,1,1,0,1,2848
6602595794,方方方鹤鸣,0.216023,0,0,0.0,4.8008927852633245e-05,0,1,1,0,1,1,0,1,2848
1035487817,是剪刀手不是小胖手,0.216023,0,0,0.0,4.8008927852633245e-05,0,1,1,0,1,1,0,1,2848
1593148562,上官榔头-啊谦过儿,0.216023,0,0,0.0,4.8008927852633245e-05,0,1,1,0,1,1,0,1,2848
7728744773,Qsiiir_u,0.216023,0,0,0.0,4.8008927852633245e-05,0,1,1,0,1,1,0,1,2848
7734202393,diamondsINmyeyes_,0.216023,0,0,0.0,4.8008927852633245e-05,0,1,1,0,1,1,0,1,2848
5774262932,仙气飘飘__,0.216023,0,0,0.0,4.8008927852633245e-05,0,1,1,0,1,1,0,1,2848
6306243419,一起吃茄子迈_,0.216023,0,0,0.0,4.8008927852633245e-05,0,1,1,0,1,1,0,1,2848
7738856131,清寓鸿_YUJUN-精炁神北京逢君版,0.216023,0,0,0.0,4.8008927852633245e-05,0,1,1,0,1,1,0,1,2848
7643156363,曹瞒的小福福,0.216023,0,0,0.0,4.8008927852633245e-05,0,1,1,0,1,1,0,1,2848
3968934524,久念Angel,0.216023,0,0,0.0,4.8008927852633245e-05,0,1,1,0,1,1,0,1,2848
6780580379,咕咕鸡希望世界和平,0.216023,0,0,0.0,4.8008927852633245e-05,0,1,1,0,1,1,0,1,2848
7735029500,五柄剑,0.216023,0,0,0.0,4.8008927852633245e-05,0,1,1,0,1,1,0,1,2848
1774894487,Mustard96,0.216023,0,0,0.0,4.8008927852633245e-05,0,1,1,0,1,1,0,1,2848
5556422441,卡卡西风秋刀鱼,0.216023,0,0,0.0,4.8008927852633245e-05,0,1,1,0,1,1,0,1,2848
7807133999,结晶版专业要饭一体机,0.216023,0,0,0.0,4.8008927852633245e-05,0,1,1,0,1,1,0,1,2848
4051670507,小鱼宝啵橙,0.216023,0,0,0.0,4.8008927852633245e-05,0,1,1,0,1,1,0,1,2848
7812225072,-ZREO-,0.216023,0,0,0.0,4.8008927852633245e-05,0,1,1,0,1,1,0,1,2848
7896681550,不太美丽的普泰头,0.216023,0,0,0.0,4.8008927852633245e-05,0,1,1,0,1,1,0,1,2848
9013172400,SLLunaaa,0.216023,0,0,0.0,4.8008927852633245e-05,0,1,1,0,1,1,0,1,2848
6336727393,AXTing言坤,0.216023,0,0,0.0,4.8008927852633245e-05,0,1,1,0,1,1,0,1,2848
3059123933,无非黑白BlackandWhite,0.216023,0,0,0.0,4.8008927852633245e-05,0,1,1,0,1,1,0,1,2848
7564299435,柠檬果冰棠,0.216023,0,0,0.0,4.8008927852633245e-05,0,1,1,0,1,1,0,1,2848
6660781013,一杯厚芋泥奶绿,0.216023,0,0,0.0,4.8008927852633245e-05,0,1,1,0,1,1,0,1,2848
3610441363,大雪满弓刀III,0.216023,0,0,0.0,4.8008927852633245e-05,0,1,1,0,1,1,0,1,2848
3942516362,uui不是vvi,0.216023,0,0,0.0,4.8008927852633245e-05,0,1,1,0,1,1,0,1,2848
6642282537,要中彩票一等奖啦,0.216023,0,0,0.0,4.8008927852633245e-05,0,1,1,0,1,1,0,1,2848
7905479162,理性的鑫鑫,0.216023,0,0,0.0,4.8008927852633245e-05,0,1,1,0,1,1,0,1,2848
6137109045,哈灵曦酱,0.211667,0,0,0.0,4.8008927852633245e-05,0,1,1,0,1,1,0,1,2848
2428371695,InterMiamiMessi,0.211667,0,0,0.0,4.8008927852633245e-05,0,1,1,0,1,1,0,1,2848
2257323550,不规则刘海的美智,0.211667,0,0,0.0,4.8008927852633245e-05,0,1,1,0,1,1,0,1,2848
7513228947,今天也是想你的一天_,0.211667,0,0,0.0,4.8008927852633245e-05,0,1,1,0,1,1,0,1,2848
6124440234,零页序Oo,0.211667,0,0,0.0,4.8008927852633245e-05,0,1,1,0,1,1,0,1,2848
7799217119,bokaku,0.211667,0,0,0.0,4.8008927852633245e-05,0,1,1,0,1,1,0,1,2848
6661341602,Seven_DTab,0.211667,0,0,0.0,4.8008927852633245e-05,0,1,1,0,1,1,0,1,2848
5012172822,佛系青年_见过张凌赫版,0.211667,0,0,0.0,4.8008927852633245e-05,0,1,1,0,1,1,0,1,2848
1732235607,凤五-精神稳定,0.211667,0,0,0.0,4.8008927852633245e-05,0,1,1,0,1,1,0,1,2848
6930156962,忘渽牛奶_1018,0.211667,0,0,0.0,4.8008927852633245e-05,0,1,1,0,1,1,0,1,2848
5015554345,笑里藏猫呀,0.211667,0,0,0.0,4.8008927852633245e-05,0,1,1,0,1,1,0,1,2848
7505329309,QiQi家的佩奇o,0.211667,0,0,0.0,4.8008927852633245e-05,0,1,1,0,1,1,0,1,2848
7485466518,萨摩椰_耶酱,0.211667,0,0,0.0,4.8008927852633245e-05,0,1,1,0,1,1,0,1,2848
7482893833,Q7smat,0.211667,0,0,0.0,4.8008927852633245e-05,0,1,1,0,1,1,0,1,2848
3155226064,KikiPolaris,0.211667,0,0,0.0,4.8008927852633245e-05,0,1,1,0,1,1,0,1,2848
2109787250,龙晓炫,0.211667,0,0,0.0,4.8008927852633245e-05,0,1,1,0,1,1,0,1,2848
3023825623,Sakuya夜姬,0.211667,0,0,0.0,4.8008927852633245e-05,0,1,1,0,1,1,0,1,2848
6338426400,-我有重度恋哥癖,0.211667,0,0,0.0,4.8008927852633245e-05,0,1,1,0,1,1,0,1,2848
6298547794,修橙正果0218,0.211667,0,0,0.0,4.8008927852633245e-05,0,1,1,0,1,1,0,1,2848
7741602423,月亮是俺的馍vv一,0.211667,0,0,0.0,4.8008927852633245e-05,0,1,1,0,1,1,0,1,2848
7741538065,天道悟空_,0.211667,0,0,0.0,4.8008927852633245e-05,0,1,1,0,1,1,0,1,2848
7736104044,凯文-程,0.211667,0,0,0.0,4.8008927852633245e-05,0,1,1,0,1,1,0,1,2848
7610027482,无人驾驶轮椅,0.211667,0,0,0.0,4.8008927852633245e-05,0,1,1,0,1,1,0,1,2848
3199193745,有一个智障正在,0.211667,0,0,0.0,4.8008927852633245e-05,0,1,1,0,1,1,0,1,2848
7453967180,散装螺蛳粉,0.211667,0,0,0.0,4.8008927852633245e-05,0,1,1,0,1,1,0,1,2848
6499417936,幻光de橙子,0.211667,0,0,0.0,4.8008927852633245e-05,0,1,1,0,1,1,0,1,2848
6332254638,lavenderHaze__,0.211667,0,0,0.0,4.8008927852633245e-05,0,1,1,0,1,1,0,1,2848
1776147867,zhang滚滚,0.211667,0,0,0.0,4.8008927852633245e-05,0,1,1,0,1,1,0,1,2848
6152283206,刺猬没有刺000,0.211667,0,0,0.0,4.8008927852633245e-05,0,1,1,0,1,1,0,1,2848
6345424036,梨梨草莓奶昔,0.211667,0,0,0.0,4.8008927852633245e-05,0,1,1,0,1,1,0,1,2848
7568910607,FF0768,0.211667,0,0,0.0,4.8008927852633245e-05,0,1,1,0,1,1,0,1,2848
7594899876,杰尼杰尼亚78,0.211667,0,0,0.0,4.8008927852633245e-05,0,1,1,0,1,1,0,1,2848
7718744326,大霖之重生上班版,0.211667,0,0,0.0,4.8008927852633245e-05,0,1,1,0,1,1,0,1,2848
6364508255,米奥是只小丑猫呀,0.211667,0,0,0.0,4.8008927852633245e-05,0,1,1,0,1,1,0,1,2848
2282792660,Asssa-1,0.211667,0,0,0.0,4.8008927852633245e-05,0,1,1,0,1,1,0,1,2848
2317965392,平平无奇的耗子呀,0.211667,0,0,0.0,4.8008927852633245e-05,0,1,1,0,1,1,0,1,2848
5057711027,孟孟Mengx,0.211667,0,0,0.0,4.8008927852633245e-05,0,1,1,0,1,1,0,1,2848
6686137325,LaxusDreyar,0.211667,0,0,0.0,4.8008927852633245e-05,0,1,1,0,1,1,0,1,2848
6296676967,知谊,0.211667,0,0,0.0,4.8008927852633245e-05,0,1,1,0,1,1,0,1,2848
7450544828,凯凯鑫鑫K,0.211667,0,0,0.0,4.8008927852633245e-05,0,1,1,0,1,1,0,1,2848
7750822619,荔枝味的猫-ding,0.211667,0,0,0.0,4.8008927852633245e-05,0,1,1,0,1,1,0,1,2848
7544830534,岛上来春,0.211667,0,0,0.0,4.8008927852633245e-05,0,1,1,0,1,1,0,1,2848
2411988607,澄澄的金蔷薇,0.211667,0,0,0.0,4.8008927852633245e-05,0,1,1,0,1,1,0,1,2848
7793474523,诺坎普挖矿少年1980,0.211667,0,0,0.0,4.8008927852633245e-05,0,1,1,0,1,1,0,1,2848
7514961616,然而我也不是鹧鸪天,0.211667,0,0,0.0,4.8008927852633245e-05,0,1,1,0,1,1,0,1,2848
6158871758,我难以抗拒你的容颜123,0.211667,0,0,0.0,4.8008927852633245e-05,0,1,1,0,1,1,0,1,2848
7784727920,王鹤棣是我的男神,0.211667,0,0,0.0,4.8008927852633245e-05,0,1,1,0,1,1,0,1,2848
7777370516,zzzyo7,0.211667,0,0,0.0,4.8008927852633245e-05,0,1,1,0,1,1,0,1,2848
3885235904,路过就给你两杵子-开心小猫狗版,0.211667,0,0,0.0,4.8008927852633245e-05,0,1,1,0,1,1,0,1,2848
6230692465,Sereinna-,0.211667,0,0,0.0,4.8008927852633245e-05,0,1,1,0,1,1,0,1,2848
1864594974,丸子吃樱桃yy,0.211667,0,0,0.0,4.8008927852633245e-05,0,1,1,0,1,1,0,1,2848
6632866084,我爱紫色__,0.211667,0,0,0.0,4.8008927852633245e-05,0,1,1,0,1,1,0,1,2848
4089469796,灵林宋,0.211667,0,0,0.0,4.8008927852633245e-05,0,1,1,0,1,1,0,1,2848
6478740616,霜序之夏,0.211667,0,0,0.0,4.8008927852633245e-05,0,1,1,0,1,1,0,1,2848
1768437524,芝士青桔桃,0.211667,0,0,0.0,4.8008927852633245e-05,0,1,1,0,1,1,0,1,2848
6520148350,沈-晴sunny,0.211667,0,0,0.0,4.8008927852633245e-05,0,1,1,0,1,1,0,1,2848
1768661321,小鸟可以吃布丁蛋挞,0.211667,0,0,0.0,4.8008927852633245e-05,0,1,1,0,1,1,0,1,2848
6518136011,命运跟我猜火车,0.211667,0,0,0.0,4.8008927852633245e-05,0,1,1,0,1,1,0,1,2848
7472155604,哦3696,0.211667,0,0,0.0,4.8008927852633245e-05,0,1,1,0,1,1,0,1,2848
1840245473,巴塔哥尼亚小刺蛇,0.211667,0,0,0.0,4.8008927852633245e-05,0,1,1,0,1,1,0,1,2848
3220654543,Drieamu,0.211667,0,0,0.0,4.8008927852633245e-05,0,1,1,0,1,1,0,1,2848
1863700093,闪电孩儿LW,0.211667,0,0,0.0,4.8008927852633245e-05,0,1,1,0,1,1,0,1,2848
7291888801,钮钴禄·噜咕噜噜·,0.211667,0,0,0.0,4.8008927852633245e-05,0,1,1,0,1,1,0,1,2848
250831971,MegapteraULP,0.211667,0,0,0.0,4.8008927852633245e-05,0,1,1,0,1,1,0,1,2848
5674814998,即倾偈,0.211667,0,0,0.0,4.8008927852633245e-05,0,1,1,0,1,1,0,1,2848
5828777107,HahahahhhhhhhhM,0.211667,0,0,0.0,4.8008927852633245e-05,0,1,1,0,1,1,0,1,2848
2540410685,老胡的隔壁邻居,0.211667,0,0,0.0,4.8008927852633245e-05,0,1,1,0,1,1,0,1,2848
5491488173,奶绿脑袋_,0.211667,0,0,0.0,4.8008927852633245e-05,0,1,1,0,1,1,0,1,2848
1276901957,英嘤嘤嘤嘤嘤嘤嘤嘤嘤嘤嘤嘤嘤嘤,0.211667,0,0,0.0,4.8008927852633245e-05,0,1,1,0,1,1,0,1,2848
5671691042,坦白真理,0.211667,0,0,0.0,4.8008927852633245e-05,0,1,1,0,1,1,0,1,2848
5667886200,Vivu_,0.211667,0,0,0.0,4.8008927852633245e-05,0,1,1,0,1,1,0,1,2848
2979443400,岁月如歌久别自然,0.211667,0,0,0.0,4.8008927852633245e-05,0,1,1,0,1,1,0,1,2848
1249909345,池霖美,0.211667,0,0,0.0,4.8008927852633245e-05,0,1,1,0,1,1,0,1,2848
3305357841,后至衡HZH,0.211667,0,0,0.0,4.8008927852633245e-05,0,1,1,0,1,1,0,1,2848
7849295202,冰皮兔兔饼,0.211667,0,0,0.0,4.8008927852633245e-05,0,1,1,0,1,1,0,1,2848
5655765052,-我真芙了-,0.211667,0,0,0.0,4.8008927852633245e-05,0,1,1,0,1,1,0,1,2848
2771986467,Bella本la,0.211667,0,0,0.0,4.8008927852633245e-05,0,1,1,0,1,1,0,1,2848
2778106523,mikaerlson,0.211667,0,0,0.0,4.8008927852633245e-05,0,1,1,0,1,1,0,1,2848
7848507298,人类第一导师,0.211667,0,0,0.0,4.8008927852633245e-05,0,1,1,0,1,1,0,1,2848
1215693853,小贼女哈妮_honey,0.211667,0,0,0.0,4.8008927852633245e-05,0,1,1,0,1,1,0,1,2848
5825877163,Windalyner,0.211667,0,0,0.0,4.8008927852633245e-05,0,1,1,0,1,1,0,1,2848
2735304482,廊心如铁,0.211667,0,0,0.0,4.8008927852633245e-05,0,1,1,0,1,1,0,1,2848
1195589664,lydia-LM09,0.211667,0,0,0.0,4.8008927852633245e-05,0,1,1,0,1,1,0,1,2848
7936259415,只会工作的猫,0.211667,0,0,0.0,4.8008927852633245e-05,0,1,1,0,1,1,0,1,2848
3127429293,嘉屿楠,0.211667,0,0,0.0,4.8008927852633245e-05,0,1,1,0,1,1,0,1,2848
5737978475,ninianana,0.211667,0,0,0.0,4.8008927852633245e-05,0,1,1,0,1,1,0,1,2848
1398212520,dglgjq200801,0.211667,0,0,0.0,4.8008927852633245e-05,0,1,1,0,1,1,0,1,2848
5716163017,武侯区的面积,0.211667,0,0,0.0,4.8008927852633245e-05,0,1,1,0,1,1,0,1,2848
1680847394,呆村帅锅锅,0.211667,0,0,0.0,4.8008927852633245e-05,0,1,1,0,1,1,0,1,2848
7385438127,济南奇闻趣事,0.211667,0,0,0.0,4.8008927852633245e-05,0,1,1,0,1,1,0,1,2848
5223391922,莉小公举,0.211667,0,0,0.0,4.8008927852633245e-05,0,1,1,0,1,1,0,1,2848
3264353815,吓乌鸦,0.211667,0,0,0.0,4.8008927852633245e-05,0,1,1,0,1,1,0,1,2848
5711147638,Cr喜欢栀子花,0.211667,0,0,0.0,4.8008927852633245e-05,0,1,1,0,1,1,0,1,2848
7313582111,清邈二点零版,0.211667,0,0,0.0,4.8008927852633245e-05,0,1,1,0,1,1,0,1,2848
2588427110,xwzczdntf,0.211667,0,0,0.0,4.8008927852633245e-05,0,1,1,0,1,1,0,1,2848
7965573505,G2VSTARS,0.211667,0,0,0.0,4.8008927852633245e-05,0,1,1,0,1,1,0,1,2848
7938153385,我不粥嘞,0.211667,0,0,0.0,4.8008927852633245e-05,0,1,1,0,1,1,0,1,2848
5872134282,菩提雪6,0.211667,0,0,0.0,4.8008927852633245e-05,0,1,1,0,1,1,0,1,2848
5824562987,冰堂雪利,0.211667,0,0,0.0,4.8008927852633245e-05,0,1,1,0,1,1,0,1,2848
7291187334,RonnieLucky,0.211667,0,0,0.0,4.8008927852633245e-05,0,1,1,0,1,1,0,1,2848
7112011079,芋泥啵啵不营业,0.211667,0,0,0.0,4.8008927852633245e-05,0,1,1,0,1,1,0,1,2848
7327194133,圣马力诺球王,0.211667,0,0,0.0,4.8008927852633245e-05,0,1,1,0,1,1,0,1,2848
7895244027,将身寄泥土,0.211667,0,0,0.0,4.8008927852633245e-05,0,1,1,0,1,1,0,1,2848
6067942677,从未如此美妙的啵啵,0.211667,0,0,0.0,4.8008927852633245e-05,0,1,1,0,1,1,0,1,2848
2804576007,RadioCher,0.211667,0,0,0.0,4.8008927852633245e-05,0,1,1,0,1,1,0,1,2848
2486710787,ChouWhyDid乡毋宁,0.211667,0,0,0.0,4.8008927852633245e-05,0,1,1,0,1,1,0,1,2848
7343651861,两吨烧烤解决问题,0.211667,0,0,0.0,4.8008927852633245e-05,0,1,1,0,1,1,0,1,2848
2808086442,XiltwIttch-ee,0.211667,0,0,0.0,4.8008927852633245e-05,0,1,1,0,1,1,0,1,2848
3541678724,什么时候放假啊AoA,0.211667,0,0,0.0,4.8008927852633245e-05,0,1,1,0,1,1,0,1,2848
7827777701,好运幸福十七,0.211667,0,0,0.0,4.8008927852633245e-05,0,1,1,0,1,1,0,1,2848
2502468967,航航妈2014,0.211667,0,0,0.0,4.8008927852633245e-05,0,1,1,0,1,1,0,1,2848
1705968887,春植乔木,0.211667,0,0,0.0,4.8008927852633245e-05,0,1,1,0,1,1,0,1,2848
1644167225,Chomba-littlefatty,0.211667,0,0,0.0,4.8008927852633245e-05,0,1,1,0,1,1,0,1,2848
9056913384,forget-me-not勿忘,0.211667,0,0,0.0,4.8008927852633245e-05,0,1,1,0,1,1,0,1,2848
1076663271,23Thinking,0.211667,0,0,0.0,4.8008927852633245e-05,0,1,1,0,1,1,0,1,2848
5646261392,我要鸿运滚滚,0.211667,0,0,0.0,4.8008927852633245e-05,0,1,1,0,1,1,0,1,2848
5117130279,你是大千世界1汪清泉,0.211667,0,0,0.0,4.8008927852633245e-05,0,1,1,0,1,1,0,1,2848
6040619624,电量耗尽待机中,0.211667,0,0,0.0,4.8008927852633245e-05,0,1,1,0,1,1,0,1,2848
7350442295,for3stouo,0.211667,0,0,0.0,4.8008927852633245e-05,0,1,1,0,1,1,0,1,2848
7006537516,七月月不月月,0.211667,0,0,0.0,4.8008927852633245e-05,0,1,1,0,1,1,0,1,2848
7394358296,小意食堂,0.211667,0,0,0.0,4.8008927852633245e-05,0,1,1,0,1,1,0,1,2848
7900188404,Mmerrakii,0.211667,0,0,0.0,4.8008927852633245e-05,0,1,1,0,1,1,0,1,2848
1697747120,呆狗没烦恼_zy,0.211667,0,0,0.0,4.8008927852633245e-05,0,1,1,0,1,1,0,1,2848
1636097451,猪小猪2004,0.211667,0,0,0.0,4.8008927852633245e-05,0,1,1,0,1,1,0,1,2848
7393354303,阡陌稚凡_,0.211383,0,0,0.0,4.8008927852633245e-05,0,1,1,0,2,1,0,2,2848
6688981686,Rabbit·7,0.207977,0,0,0.0,4.8008927852633245e-05,0,1,1,0,1,1,0,1,2848
6357461165,大大大起飛的_pig,0.207977,0,0,0.0,4.8008927852633245e-05,0,1,1,0,1,1,0,1,2848
3647369394,爱沐乐悠茶,0.207977,0,0,0.0,4.8008927852633245e-05,0,1,1,0,1,1,0,1,2848
7350835134,金粉世家风吹来窗探一帘哭梦,0.207977,0,0,0.0,4.8008927852633245e-05,0,1,1,0,1,1,0,1,2848
2332234185,陰陽怪氣藝術家喵,0.207977,0,0,0.0,4.8008927852633245e-05,0,1,1,0,1,1,0,1,2848
7906293672,有点爱喝果粒橙,0.207977,0,0,0.0,4.8008927852633245e-05,0,1,1,0,1,1,0,1,2848
2656621952,EsSosiCa,0.207977,0,0,0.0,4.8008927852633245e-05,0,1,1,0,1,1,0,1,2848
2288985290,Saen先生,0.207977,0,0,0.0,4.8008927852633245e-05,0,1,1,0,1,1,0,1,2848
6338374206,命很好的招财喵,0.207977,0,0,0.0,4.8008927852633245e-05,0,1,1,0,1,1,0,1,2848
7718451038,Lioraling,0.207977,0,0,0.0,4.8008927852633245e-05,0,1,1,0,1,1,0,1,2848
5767498904,幸顾之,0.207977,0,0,0.0,4.8008927852633245e-05,0,1,1,0,1,1,0,1,2848
1567038160,依然wave,0.207977,0,0,0.0,4.8008927852633245e-05,0,1,1,0,1,1,0,1,2848
6382465960,看不惯就雹井吧,0.207977,0,0,0.0,4.8008927852633245e-05,0,1,1,0,1,1,0,1,2848
6435458408,我说我好想吃麦麦,0.207977,0,0,0.0,4.8008927852633245e-05,0,1,1,0,1,1,0,1,2848
5863689144,Yana_Bambi,0.207977,0,0,0.0,4.8008927852633245e-05,0,1,1,0,1,1,0,1,2848
6764352067,吃定小羊yy,0.207977,0,0,0.0,4.8008927852633245e-05,0,1,1,0,1,1,0,1,2848
6431363980,幸运小福星1314,0.207977,0,0,0.0,4.8008927852633245e-05,0,1,1,0,1,1,0,1,2848
6352030937,凶残大猫,0.207977,0,0,0.0,4.8008927852633245e-05,0,1,1,0,1,1,0,1,2848
5850773620,-阿阆-988,0.207977,0,0,0.0,4.8008927852633245e-05,0,1,1,0,1,1,0,1,2848
6352947134,wwwer-Cecilia,0.207977,0,0,0.0,4.8008927852633245e-05,0,1,1,0,1,1,0,1,2848
2290102181,黑暗的另一端,0.207977,0,0,0.0,4.8008927852633245e-05,0,1,1,0,1,1,0,1,2848
7656239787,Wisdom_summer,0.207977,0,0,0.0,4.8008927852633245e-05,0,1,1,0,1,1,0,1,2848
7331489423,妞妞无能的丈夫,0.207977,0,0,0.0,4.8008927852633245e-05,0,1,1,0,1,1,0,1,2848
6355773988,oceanrepublic,0.207977,0,0,0.0,4.8008927852633245e-05,0,1,1,0,1,1,0,1,2848
2298212813,FlyingDenki,0.207977,0,0,0.0,4.8008927852633245e-05,0,1,1,0,1,1,0,1,2848
7658407000,小诺不打烊_,0.207977,0,0,0.0,4.8008927852633245e-05,0,1,1,0,1,1,0,1,2848
2890173387,flying-099,0.207977,0,0,0.0,4.8008927852633245e-05,0,1,1,0,1,1,0,1,2848
5843646637,SszJack,0.207977,0,0,0.0,4.8008927852633245e-05,0,1,1,0,1,1,0,1,2848
6409662397,阿木木加油鸭,0.207977,0,0,0.0,4.8008927852633245e-05,0,1,1,0,1,1,0,1,2848
2085916463,微微Viki001,0.207977,0,0,0.0,4.8008927852633245e-05,0,1,1,0,1,1,0,1,2848
2110445790,季易融,0.207977,0,0,0.0,4.8008927852633245e-05,0,1,1,0,1,1,0,1,2848
6451523958,大熊家的小汤圆,0.207977,0,0,0.0,4.8008927852633245e-05,0,1,1,0,1,1,0,1,2848
1835003467,不管用什么昵称反正都会改备注,0.207977,0,0,0.0,4.8008927852633245e-05,0,1,1,0,1,1,0,1,2848
6521767558,惹我就是一权-,0.207977,0,0,0.0,4.8008927852633245e-05,0,1,1,0,1,1,0,1,2848
5646320933,或许是土豆泥,0.207977,0,0,0.0,4.8008927852633245e-05,0,1,1,0,1,1,0,1,2848
7522509796,葡萄柚咖啡,0.207977,0,0,0.0,4.8008927852633245e-05,0,1,1,0,1,1,0,1,2848
3541825070,笳榆,0.207977,0,0,0.0,4.8008927852633245e-05,0,1,1,0,1,1,0,1,2848
7513236449,郭宇婵的微博,0.207977,0,0,0.0,4.8008927852633245e-05,0,1,1,0,1,1,0,1,2848
9056202508,兔兔红运,0.207977,0,0,0.0,4.8008927852633245e-05,0,1,1,0,1,1,0,1,2848
5266847638,占线还没解决方案,0.207977,0,0,0.0,4.8008927852633245e-05,0,1,1,0,1,1,0,1,2848
7483630211,七月天四月雪多兰绒布,0.207977,0,0,0.0,4.8008927852633245e-05,0,1,1,0,1,1,0,1,2848
6614541969,魚包困困佳,0.207977,0,0,0.0,4.8008927852633245e-05,0,1,1,0,1,1,0,1,2848
7508159247,古城暖阳2020,0.207977,0,0,0.0,4.8008927852633245e-05,0,1,1,0,1,1,0,1,2848
9099989043,一杯都不能吃,0.207977,0,0,0.0,4.8008927852633245e-05,0,1,1,0,1,1,0,1,2848
5601871705,Amelie_hurry_up,0.207977,0,0,0.0,4.8008927852633245e-05,0,1,1,0,1,1,0,1,2848
6577239964,向上快乐娇羞神经栗子-,0.207977,0,0,0.0,4.8008927852633245e-05,0,1,1,0,1,1,0,1,2848
1847912024,凤梨星空,0.207977,0,0,0.0,4.8008927852633245e-05,0,1,1,0,1,1,0,1,2848
9174272116,tc旗鱼,0.207977,0,0,0.0,4.8008927852633245e-05,0,1,1,0,1,1,0,1,2848
3479606787,钢铁肥球,0.207977,0,0,0.0,4.8008927852633245e-05,0,1,1,0,1,1,0,1,2848
1009728383,无心_fty,0.207977,0,0,0.0,4.8008927852633245e-05,0,1,1,0,1,1,0,1,2848
1854511882,环球美食吃透透,0.207977,0,0,0.0,4.8008927852633245e-05,0,1,1,0,1,1,0,1,2848
7488601104,七日寻迹,0.207977,0,0,0.0,4.8008927852633245e-05,0,1,1,0,1,1,0,1,2848
4073024132,Frankey_zyf,0.207977,0,0,0.0,4.8008927852633245e-05,0,1,1,0,1,1,0,1,2848
1827497444,喵喵桑爱妙鲜包,0.207977,0,0,0.0,4.8008927852633245e-05,0,1,1,0,1,1,0,1,2848
5532924326,这是个好听不会重复的名字,0.207977,0,0,0.0,4.8008927852633245e-05,0,1,1,0,1,1,0,1,2848
7560146358,命中注定养猫人,0.207977,0,0,0.0,4.8008927852633245e-05,0,1,1,0,1,1,0,1,2848
7316931551,84701酒泉,0.207977,0,0,0.0,4.8008927852633245e-05,0,1,1,0,1,1,0,1,2848
7957029968,用户7957029968,0.207977,0,0,0.0,4.8008927852633245e-05,0,1,1,0,1,1,0,1,2848
5714825533,双门洞成德善-,0.207977,0,0,0.0,4.8008927852633245e-05,0,1,1,0,1,1,0,1,2848
6474091695,Lovesong4mejust,0.207977,0,0,0.0,4.8008927852633245e-05,0,1,1,0,1,1,0,1,2848
7964554298,坚韧枣子品尝美食,0.207977,0,0,0.0,4.8008927852633245e-05,0,1,1,0,1,1,0,1,2848
7967677478,繁星_凡鑫,0.207977,0,0,0.0,4.8008927852633245e-05,0,1,1,0,1,1,0,1,2848
7240124041,失眠可憐夜,0.207977,0,0,0.0,4.8008927852633245e-05,0,1,1,0,1,1,0,1,2848
1932667390,锰果,0.207977,0,0,0.0,4.8008927852633245e-05,0,1,1,0,1,1,0,1,2848
6480425540,喜欢唱歌的圆圆,0.207977,0,0,0.0,4.8008927852633245e-05,0,1,1,0,1,1,0,1,2848
5290869302,许靖韵的冻柠茶,0.207977,0,0,0.0,4.8008927852633245e-05,0,1,1,0,1,1,0,1,2848
7604764119,橙的默_Sunlight,0.207977,0,0,0.0,4.8008927852633245e-05,0,1,1,0,1,1,0,1,2848
7604170498,芋泥薄巧脆,0.207977,0,0,0.0,4.8008927852633245e-05,0,1,1,0,1,1,0,1,2848
2115941062,袁媛_纠结,0.207977,0,0,0.0,4.8008927852633245e-05,0,1,1,0,1,1,0,1,2848
5681660621,清椒w,0.207977,0,0,0.0,4.8008927852633245e-05,0,1,1,0,1,1,0,1,2848
2236753315,棒棒糖酸溜溜,0.207977,0,0,0.0,4.8008927852633245e-05,0,1,1,0,1,1,0,1,2848
7257223953,用户7257223953,0.207977,0,0,0.0,4.8008927852633245e-05,0,1,1,0,1,1,0,1,2848
1301677522,姜抹茶,0.207977,0,0,0.0,4.8008927852633245e-05,0,1,1,0,1,1,0,1,2848
7574285927,sixplusseven67,0.207977,0,0,0.0,4.8008927852633245e-05,0,1,1,0,1,1,0,1,2848
5672420076,Xuuuuxu_07,0.207977,0,0,0.0,4.8008927852633245e-05,0,1,1,0,1,1,0,1,2848
7904157810,一辈子和財布一起,0.207977,0,0,0.0,4.8008927852633245e-05,0,1,1,0,1,1,0,1,2848
6095398627,经济开发将1,0.207977,0,0,0.0,4.8008927852633245e-05,0,1,1,0,1,1,0,1,2848
7916253928,C7_vl,0.207977,0,0,0.0,4.8008927852633245e-05,0,1,1,0,1,1,0,1,2848
1731008637,疼疼决定明天要早睡,0.207977,0,0,0.0,4.8008927852633245e-05,0,1,1,0,1,1,0,1,2848
5932606090,丨Rita_,0.207977,0,0,0.0,4.8008927852633245e-05,0,1,1,0,1,1,0,1,2848
2430736564,_NikiLee,0.207977,0,0,0.0,4.8008927852633245e-05,0,1,1,0,1,1,0,1,2848
7751145529,奈莓199103,0.207977,0,0,0.0,4.8008927852633245e-05,0,1,1,0,1,1,0,1,2848
7752084441,COCO南之,0.207977,0,0,0.0,4.8008927852633245e-05,0,1,1,0,1,1,0,1,2848
6992181225,Lu_狐狸的玉米粒,0.207977,0,0,0.0,4.8008927852633245e-05,0,1,1,0,1,1,0,1,2848
5936734760,Weiimoon,0.207977,0,0,0.0,4.8008927852633245e-05,0,1,1,0,1,1,0,1,2848
6898558046,lostinmiami,0.207977,0,0,0.0,4.8008927852633245e-05,0,1,1,0,1,1,0,1,2848
6142450995,裘庄租客,0.207977,0,0,0.0,4.8008927852633245e-05,0,1,1,0,1,1,0,1,2848
5445918929,99_ing,0.207977,0,0,0.0,4.8008927852633245e-05,0,1,1,0,1,1,0,1,2848
1737070641,景年知几时--,0.207977,0,0,0.0,4.8008927852633245e-05,0,1,1,0,1,1,0,1,2848
1884345014,渚清辞Elegy,0.207977,0,0,0.0,4.8008927852633245e-05,0,1,1,0,1,1,0,1,2848
7867843977,我真真真真盖了,0.207977,0,0,0.0,4.8008927852633245e-05,0,1,1,0,1,1,0,1,2848
6015771820,Lin酱Comeback,0.207977,0,0,0.0,4.8008927852633245e-05,0,1,1,0,1,1,0,1,2848
5241103283,嚼不烂的肉,0.207977,0,0,0.0,4.8008927852633245e-05,0,1,1,0,1,1,0,1,2848
1767029373,抱大腿变细腿,0.207977,0,0,0.0,4.8008927852633245e-05,0,1,1,0,1,1,0,1,2848
6825590951,逸唱颇难俦,0.207977,0,0,0.0,4.8008927852633245e-05,0,1,1,0,1,1,0,1,2848
1674590241,阿喬只追随梅西这感觉很好,0.207977,0,0,0.0,4.8008927852633245e-05,0,1,1,0,1,1,0,1,2848
3891927452,FZU290900607,0.207977,0,0,0.0,4.8008927852633245e-05,0,1,1,0,1,1,0,1,2848
1744256094,dbehejdbb,0.207977,0,0,0.0,4.8008927852633245e-05,0,1,1,0,1,1,0,1,2848
6175635733,神奇的世界236,0.207977,0,0,0.0,4.8008927852633245e-05,0,1,1,0,1,1,0,1,2848
7785950738,拒絕了日落與無聊透頂的邀請,0.207977,0,0,0.0,4.8008927852633245e-05,0,1,1,0,1,1,0,1,2848
5974573041,ywh681226,0.207977,0,0,0.0,4.8008927852633245e-05,0,1,1,0,1,1,0,1,2848
6240623705,-小_核_桃-,0.207977,0,0,0.0,4.8008927852633245e-05,0,1,1,0,1,1,0,1,2848
5370816636,1rChen,0.207977,0,0,0.0,4.8008927852633245e-05,0,1,1,0,1,1,0,1,2848
7853379217,傻瓜小小姐JJD,0.207977,0,0,0.0,4.8008927852633245e-05,0,1,1,0,1,1,0,1,2848
5995908234,鱼头月亮杀死比赛,0.207977,0,0,0.0,4.8008927852633245e-05,0,1,1,0,1,1,0,1,2848
6857122027,大吃特吃一锅乱炖,0.207977,0,0,0.0,4.8008927852633245e-05,0,1,1,0,1,1,0,1,2848
6120258046,请四十岁的苞米自重,0.207977,0,0,0.0,4.8008927852633245e-05,0,1,1,0,1,1,0,1,2848
6802378376,起兴20999,0.207977,0,0,0.0,4.8008927852633245e-05,0,1,1,0,1,1,0,1,2848
3263075754,猫姐2013在江湖,0.207977,0,0,0.0,4.8008927852633245e-05,0,1,1,0,1,1,0,1,2848
7733292301,素笺印,0.207977,0,0,0.0,4.8008927852633245e-05,0,1,1,0,1,1,0,1,2848
7895183286,糖给我吃一口哟,0.207977,0,0,0.0,4.8008927852633245e-05,0,1,1,0,1,1,0,1,2848
7824908005,云农小蜜蜂,0.207977,0,0,0.0,4.8008927852633245e-05,0,1,1,0,1,1,0,1,2848
7824884720,喜歡兔兒,0.207977,0,0,0.0,4.8008927852633245e-05,0,1,1,0,1,1,0,1,2848
7406006054,璇祁x,0.207977,0,0,0.0,4.8008927852633245e-05,0,1,1,0,1,1,0,1,2848
1628704454,去宇宙摘星辰,0.207977,0,0,0.0,4.8008927852633245e-05,0,1,1,0,1,1,0,1,2848
7897451713,未必我讨厌你,0.207977,0,0,0.0,4.8008927852633245e-05,0,1,1,0,1,1,0,1,2848
7119567247,HZ展翅高飞,0.207977,0,0,0.0,4.8008927852633245e-05,0,1,1,0,1,1,0,1,2848
3258958961,aqsq1218,0.207977,0,0,0.0,4.8008927852633245e-05,0,1,1,0,1,1,0,1,2848
7113226758,Yee17X,0.207977,0,0,0.0,4.8008927852633245e-05,0,1,1,0,1,1,0,1,2848
7125675440,土黄大毛巾,0.207977,0,0,0.0,4.8008927852633245e-05,0,1,1,0,1,1,0,1,2848
6603247892,诶呦喂额的天,0.204796,0,0,0.0,4.8008927852633245e-05,0,1,1,0,1,1,0,1,2848
7387510720,-小熊汉堡屋-,0.204796,0,0,0.0,4.8008927852633245e-05,0,1,1,0,1,1,0,1,2848
7789254073,三点三_碎碎念,0.204796,0,0,0.0,4.8008927852633245e-05,0,1,1,0,1,1,0,1,2848
1851782205,暮暮满_Satisfied,0.204796,0,0,0.0,4.8008927852633245e-05,0,1,1,0,1,1,0,1,2848
2129487577,连滚带爬的-蜗牛,0.204796,0,0,0.0,4.8008927852633245e-05,0,1,1,0,1,1,0,1,2848
7851087423,藕片记忆名录记录员,0.204796,0,0,0.0,4.8008927852633245e-05,0,1,1,0,1,1,0,1,2848
1744032673,潘潘st,0.204796,0,0,0.0,4.8008927852633245e-05,0,1,1,0,1,1,0,1,2848
6494101136,嗨皮儿2003,0.204796,0,0,0.0,4.8008927852633245e-05,0,1,1,0,1,1,0,1,2848
7305013645,急速侏侏侠,0.204796,0,0,0.0,4.8008927852633245e-05,0,1,1,0,1,1,0,1,2848
3142510534,嘻嘻不_xixi_,0.204796,0,0,0.0,4.8008927852633245e-05,0,1,1,0,1,1,0,1,2848
7819234629,玉米红薯香肠大米饭,0.204796,0,0,0.0,4.8008927852633245e-05,0,1,1,0,1,1,0,1,2848
6614069511,感觉这个世界欠我钱,0.204796,0,0,0.0,4.8008927852633245e-05,0,1,1,0,1,1,0,1,2848
7490354099,Auld-张,0.204796,0,0,0.0,4.8008927852633245e-05,0,1,1,0,1,1,0,1,2848
7250334348,是一朵粉色的云呀,0.204796,0,0,0.0,4.8008927852633245e-05,0,1,1,0,1,1,0,1,2848
5026581055,怜庸,0.204796,0,0,0.0,4.8008927852633245e-05,0,1,1,0,1,1,0,1,2848
7488445934,眼镜胡子叔叔,0.204796,0,0,0.0,4.8008927852633245e-05,0,1,1,0,1,1,0,1,2848
2731081377,第柒秒·,0.204796,0,0,0.0,4.8008927852633245e-05,0,1,1,0,1,1,0,1,2848
2009183185,小么小Zzzz,0.204796,0,0,0.0,4.8008927852633245e-05,0,1,1,0,1,1,0,1,2848
7247843906,iyaxi,0.204796,0,0,0.0,4.8008927852633245e-05,0,1,1,0,1,1,0,1,2848
6193913198,你有八个金球么,0.204796,0,0,0.0,4.8008927852633245e-05,0,1,1,0,1,1,0,1,2848
7778128762,快乐小狗6-,0.204796,0,0,0.0,4.8008927852633245e-05,0,1,1,0,1,1,0,1,2848
5683845236,I_A酱,0.204796,0,0,0.0,4.8008927852633245e-05,0,1,1,0,1,1,0,1,2848
6201206132,南皓月冷,0.204796,0,0,0.0,4.8008927852633245e-05,0,1,1,0,1,1,0,1,2848
2250428050,秋樱冬青,0.204796,0,0,0.0,4.8008927852633245e-05,0,1,1,0,1,1,0,1,2848
9181376714,用户9181376714,0.204796,0,0,0.0,4.8008927852633245e-05,0,1,1,0,1,1,0,1,2848
7510057068,早早秋,0.204796,0,0,0.0,4.8008927852633245e-05,0,1,1,0,1,1,0,1,2848
5665274371,草莓葡萄冰冰,0.204796,0,0,0.0,4.8008927852633245e-05,0,1,1,0,1,1,0,1,2848
3092158951,一月一次社交太多了,0.204796,0,0,0.0,4.8008927852633245e-05,0,1,1,0,1,1,0,1,2848
5609347535,西瓜兔子饼,0.204796,0,0,0.0,4.8008927852633245e-05,0,1,1,0,1,1,0,1,2848
6075899843,娃儿娃儿菜1018,0.204796,0,0,0.0,4.8008927852633245e-05,0,1,1,0,1,1,0,1,2848
6069779399,温柔可爱美丽的芳,0.204796,0,0,0.0,4.8008927852633245e-05,0,1,1,0,1,1,0,1,2848
6078420970,糟辣酱,0.204796,0,0,0.0,4.8008927852633245e-05,0,1,1,0,1,1,0,1,2848
7424016178,-梨子大王-,0.204796,0,0,0.0,4.8008927852633245e-05,0,1,1,0,1,1,0,1,2848
7806205931,双份珍珠奶茶茶茶,0.204796,0,0,0.0,4.8008927852633245e-05,0,1,1,0,1,1,0,1,2848
9009667598,浅剂,0.204796,0,0,0.0,4.8008927852633245e-05,0,1,1,0,1,1,0,1,2848
1895091803,CaoYingChun,0.204796,0,0,0.0,4.8008927852633245e-05,0,1,1,0,1,1,0,1,2848
7516940253,我提议上1休29,0.204796,0,0,0.0,4.8008927852633245e-05,0,1,1,0,1,1,0,1,2848
1893176165,夏阵雨135,0.204796,0,0,0.0,4.8008927852633245e-05,0,1,1,0,1,1,0,1,2848
7395836176,curtin廷,0.204796,0,0,0.0,4.8008927852633245e-05,0,1,1,0,1,1,0,1,2848
5643873947,摄影-本来就是自然,0.204796,0,0,0.0,4.8008927852633245e-05,0,1,1,0,1,1,0,1,2848
6576984362,加辣铜锣烧,0.204796,0,0,0.0,4.8008927852633245e-05,0,1,1,0,1,1,0,1,2848
1805824585,麻子老婆趁麻子没被污染,0.204796,0,0,0.0,4.8008927852633245e-05,0,1,1,0,1,1,0,1,2848
7285844927,狐仙是只小熊猫,0.204796,0,0,0.0,4.8008927852633245e-05,0,1,1,0,1,1,0,1,2848
7526771651,造梦氧气,0.204796,0,0,0.0,4.8008927852633245e-05,0,1,1,0,1,1,0,1,2848
1861287570,_歡伯_,0.204796,0,0,0.0,4.8008927852633245e-05,0,1,1,0,1,1,0,1,2848
7847830043,高端品质面料123,0.204796,0,0,0.0,4.8008927852633245e-05,0,1,1,0,1,1,0,1,2848
3338118440,江糖妞,0.204796,0,0,0.0,4.8008927852633245e-05,0,1,1,0,1,1,0,1,2848
2456708675,十一橙噢,0.204796,0,0,0.0,4.8008927852633245e-05,0,1,1,0,1,1,0,1,2848
7502834388,明天见ooooto,0.204796,0,0,0.0,4.8008927852633245e-05,0,1,1,0,1,1,0,1,2848
2528319882,灬無錼灬,0.204796,0,0,0.0,4.8008927852633245e-05,0,1,1,0,1,1,0,1,2848
6103990879,第七只小猪-,0.204796,0,0,0.0,4.8008927852633245e-05,0,1,1,0,1,1,0,1,2848
6020067335,56eooor,0.204796,0,0,0.0,4.8008927852633245e-05,0,1,1,0,1,1,0,1,2848
7556282888,pueyy,0.204796,0,0,0.0,4.8008927852633245e-05,0,1,1,0,1,1,0,1,2848
2530417711,啊哒哒啊哒哒Zzzz,0.204796,0,0,0.0,4.8008927852633245e-05,0,1,1,0,1,1,0,1,2848
9099134840,真假性相同,0.204796,0,0,0.0,4.8008927852633245e-05,0,1,1,0,1,1,0,1,2848
7279464528,-月游阴晴圆缺-,0.204796,0,0,0.0,4.8008927852633245e-05,0,1,1,0,1,1,0,1,2848
7903070195,时光轮回2004,0.204796,0,0,0.0,4.8008927852633245e-05,0,1,1,0,1,1,0,1,2848
6330827582,_StrawberryRabbit,0.204796,0,0,0.0,4.8008927852633245e-05,0,1,1,0,1,1,0,1,2848
7874178336,柿小王,0.204796,0,0,0.0,4.8008927852633245e-05,0,1,1,0,1,1,0,1,2848
7744110829,秀嫂麻将,0.204796,0,0,0.0,4.8008927852633245e-05,0,1,1,0,1,1,0,1,2848
1919656940,巧言小强兮,0.204796,0,0,0.0,4.8008927852633245e-05,0,1,1,0,1,1,0,1,2848
7716052904,甜雾祎姌y,0.204796,0,0,0.0,4.8008927852633245e-05,0,1,1,0,1,1,0,1,2848
1557175617,创想家袁悦,0.204796,0,0,0.0,4.8008927852633245e-05,0,1,1,0,1,1,0,1,2848
1781054361,侯明昊莓烦恼,0.204796,0,0,0.0,4.8008927852633245e-05,0,1,1,0,1,1,0,1,2848
7933746790,雪眠兔恋,0.204796,0,0,0.0,4.8008927852633245e-05,0,1,1,0,1,1,0,1,2848
7462673836,ijasminee_,0.204796,0,0,0.0,4.8008927852633245e-05,0,1,1,0,1,1,0,1,2848
7282938712,Miya_yy67,0.204796,0,0,0.0,4.8008927852633245e-05,0,1,1,0,1,1,0,1,2848
1977422053,诗狂小子,0.204796,0,0,0.0,4.8008927852633245e-05,0,1,1,0,1,1,0,1,2848
7669791808,垂一只兔耳_,0.204796,0,0,0.0,4.8008927852633245e-05,0,1,1,0,1,1,0,1,2848
7669400970,7669400970_169,0.204796,0,0,0.0,4.8008927852633245e-05,0,1,1,0,1,1,0,1,2848
5151848656,十九_九一,0.204796,0,0,0.0,4.8008927852633245e-05,0,1,1,0,1,1,0,1,2848
1868790194,黄耶楼YY,0.204796,0,0,0.0,4.8008927852633245e-05,0,1,1,0,1,1,0,1,2848
6274959982,岁月永恒_97815,0.204796,0,0,0.0,4.8008927852633245e-05,0,1,1,0,1,1,0,1,2848
2595952642,考拉kaola2012,0.204796,0,0,0.0,4.8008927852633245e-05,0,1,1,0,1,1,0,1,2848
6744311747,好想吃一口蟹肉丸子,0.204796,0,0,0.0,4.8008927852633245e-05,0,1,1,0,1,1,0,1,2848
3698281894,GONGQINGQlNG,0.204796,0,0,0.0,4.8008927852633245e-05,0,1,1,0,1,1,0,1,2848
5929941760,月潋洛洛酱,0.204796,0,0,0.0,4.8008927852633245e-05,0,1,1,0,1,1,0,1,2848
7723418861,怪我太沛慈主义,0.204796,0,0,0.0,4.8008927852633245e-05,0,1,1,0,1,1,0,1,2848
5872852983,油盐不进四季豆嗯,0.204796,0,0,0.0,4.8008927852633245e-05,0,1,1,0,1,1,0,1,2848
2914587615,有点不想理你Xx,0.204796,0,0,0.0,4.8008927852633245e-05,0,1,1,0,1,1,0,1,2848
2608175473,淼淼-0715,0.204796,0,0,0.0,4.8008927852633245e-05,0,1,1,0,1,1,0,1,2848
1601978401,听竹闻雪,0.204796,0,0,0.0,4.8008927852633245e-05,0,1,1,0,1,1,0,1,2848
5860541137,十七點都熬夜,0.204796,0,0,0.0,4.8008927852633245e-05,0,1,1,0,1,1,0,1,2848
5858579111,有村架纯的花,0.204796,0,0,0.0,4.8008927852633245e-05,0,1,1,0,1,1,0,1,2848
7737098108,喂公子吃鱼,0.204796,0,0,0.0,4.8008927852633245e-05,0,1,1,0,1,1,0,1,2848
1579318190,奋斗中的小十,0.204796,0,0,0.0,4.8008927852633245e-05,0,1,1,0,1,1,0,1,2848
5890465662,邪恶小猫喵喵_,0.204796,0,0,0.0,4.8008927852633245e-05,0,1,1,0,1,1,0,1,2848
6354405994,可敬蚂蚁在教学,0.204796,0,0,0.0,4.8008927852633245e-05,0,1,1,0,1,1,0,1,2848
2630802785,ladyUgCxxxZw__tH,0.204796,0,0,0.0,4.8008927852633245e-05,0,1,1,0,1,1,0,1,2848
3167944545,DANIEL---Z,0.204796,0,0,0.0,4.8008927852633245e-05,0,1,1,0,1,1,0,1,2848
1866086621,薄荷冰片,0.204796,0,0,0.0,4.8008927852633245e-05,0,1,1,0,1,1,0,1,2848
6746169331,辉了下蚊子,0.204796,0,0,0.0,4.8008927852633245e-05,0,1,1,0,1,1,0,1,2848
7093682308,玉米好甜好想吃,0.204796,0,0,0.0,4.8008927852633245e-05,0,1,1,0,1,1,0,1,2848
3054456051,不知道要甚麼,0.204796,0,0,0.0,4.8008927852633245e-05,0,1,1,0,1,1,0,1,2848
1902835532,Tang小开,0.204796,0,0,0.0,4.8008927852633245e-05,0,1,1,0,1,1,0,1,2848
1419770800,a_g113,0.204796,0,0,0.0,4.8008927852633245e-05,0,1,1,0,1,1,0,1,2848
7963523625,圣诞结猪包k,0.204796,0,0,0.0,4.8008927852633245e-05,0,1,1,0,1,1,0,1,2848
3061366341,杨小胖儿123,0.204796,0,0,0.0,4.8008927852633245e-05,0,1,1,0,1,1,0,1,2848
5980090631,McL1aren,0.204796,0,0,0.0,4.8008927852633245e-05,0,1,1,0,1,1,0,1,2848
1762198133,妍妍吃不吃可颂,0.204796,0,0,0.0,4.8008927852633245e-05,0,1,1,0,1,1,0,1,2848
1805507904,寒商星回罗浮梦,0.204796,0,0,0.0,4.8008927852633245e-05,0,1,1,0,1,1,0,1,2848
1881939460,春天在哪油膘里,0.204796,0,0,0.0,4.8008927852633245e-05,0,1,1,0,1,1,0,1,2848
7231141839,居头鹰,0.204796,0,0,0.0,4.8008927852633245e-05,0,1,1,0,1,1,0,1,2848
5315842867,财多福旺离家近的嘉昭硕,0.204796,0,0,0.0,4.8008927852633245e-05,0,1,1,0,1,1,0,1,2848
7042081233,runa_s_pocket,0.204796,0,0,0.0,4.8008927852633245e-05,0,1,1,0,1,1,0,1,2848
5163204267,AlboryMarea,0.204796,0,0,0.0,4.8008927852633245e-05,0,1,1,0,1,1,0,1,2848
7464936677,就不吃蘑菇-,0.204796,0,0,0.0,4.8008927852633245e-05,0,1,1,0,1,1,0,1,2848
7439647593,-岭间苑-,0.204796,0,0,0.0,4.8008927852633245e-05,0,1,1,0,1,1,0,1,2848
7651901176,我出一对kkkkk,0.204796,0,0,0.0,4.8008927852633245e-05,0,1,1,0,1,1,0,1,2848
2686415604,要去上迪抱宝贝们的晁晁,0.204796,0,0,0.0,4.8008927852633245e-05,0,1,1,0,1,1,0,1,2848
5746142680,ZZQ99不88,0.204796,0,0,0.0,4.8008927852633245e-05,0,1,1,0,1,1,0,1,2848
1759355281,夏天里的三叶草,0.204796,0,0,0.0,4.8008927852633245e-05,0,1,1,0,1,1,0,1,2848
2643992491,查无此江,0.204796,0,0,0.0,4.8008927852633245e-05,0,1,1,0,1,1,0,1,2848
5807359631,烦不烦的都滚蛋,0.204796,0,0,0.0,4.8008927852633245e-05,0,1,1,0,1,1,0,1,2848
2288039104,冻虾仁lancelot-cj,0.204796,0,0,0.0,4.8008927852633245e-05,0,1,1,0,1,1,0,1,2848
7650789195,张南南南啊,0.204796,0,0,0.0,4.8008927852633245e-05,0,1,1,0,1,1,0,1,2848
7209915377,仙乐2333,0.204796,0,0,0.0,4.8008927852633245e-05,0,1,1,0,1,1,0,1,2848
7820971236,Yanyuuuuuu_,0.202547,0,0,0.0,4.8008927852633245e-05,0,1,1,0,2,1,0,2,2848
5237235070,代号深海KX,0.202013,0,0,0.0,4.8008927852633245e-05,0,1,1,0,1,1,0,1,2848
6996037293,白芥芥芥,0.202013,0,0,0.0,4.8008927852633245e-05,0,1,1,0,1,1,0,1,2848
6754456403,我的手圆滚滚,0.202013,0,0,0.0,4.8008927852633245e-05,0,1,1,0,1,1,0,1,2848
7002091839,lemondesalsoda,0.202013,0,0,0.0,4.8008927852633245e-05,0,1,1,0,1,1,0,1,2848
6863572591,Yi_zzi,0.202013,0,0,0.0,4.8008927852633245e-05,0,1,1,0,1,1,0,1,2848
1964420741,我的笑点好奇怪鸭,0.202013,0,0,0.0,4.8008927852633245e-05,0,1,1,0,1,1,0,1,2848
1946998331,Rachel__Red,0.202013,0,0,0.0,4.8008927852633245e-05,0,1,1,0,1,1,0,1,2848
1919125503,驯致其道高山景行,0.202013,0,0,0.0,4.8008927852633245e-05,0,1,1,0,1,1,0,1,2848
7416653698,泡泡甜薇,0.202013,0,0,0.0,4.8008927852633245e-05,0,1,1,0,1,1,0,1,2848
7272093353,响暴富,0.202013,0,0,0.0,4.8008927852633245e-05,0,1,1,0,1,1,0,1,2848
7433532580,T-田菜果园_为小月亮随时待命,0.202013,0,0,0.0,4.8008927852633245e-05,0,1,1,0,1,1,0,1,2848
2840610715,愚蠢的大狗,0.202013,0,0,0.0,4.8008927852633245e-05,0,1,1,0,1,1,0,1,2848
7034875411,Madit慕去曦来,0.202013,0,0,0.0,4.8008927852633245e-05,0,1,1,0,1,1,0,1,2848
2001870045,Echo_miao瑾,0.202013,0,0,0.0,4.8008927852633245e-05,0,1,1,0,1,1,0,1,2848
6784934739,江英一,0.202013,0,0,0.0,4.8008927852633245e-05,0,1,1,0,1,1,0,1,2848
1948136135,魔灬鬼灬鱼,0.202013,0,0,0.0,4.8008927852633245e-05,0,1,1,0,1,1,0,1,2848
5173634609,鹿溪河边有点田,0.202013,0,0,0.0,4.8008927852633245e-05,0,1,1,0,1,1,0,1,2848
7385644052,暇暇分享,0.202013,0,0,0.0,4.8008927852633245e-05,0,1,1,0,1,1,0,1,2848
7210847546,KXKLHHXF,0.202013,0,0,0.0,4.8008927852633245e-05,0,1,1,0,1,1,0,1,2848
6670777250,马黛茶a,0.202013,0,0,0.0,4.8008927852633245e-05,0,1,1,0,1,1,0,1,2848
7277231700,鸭鸭鸭压头,0.202013,0,0,0.0,4.8008927852633245e-05,0,1,1,0,1,1,0,1,2848
5102017098,中了个大奖呀,0.202013,0,0,0.0,4.8008927852633245e-05,0,1,1,0,1,1,0,1,2848
7382160940,·秋意渐浓_,0.202013,0,0,0.0,4.8008927852633245e-05,0,1,1,0,1,1,0,1,2848
6663009101,重霞光,0.202013,0,0,0.0,4.8008927852633245e-05,0,1,1,0,1,1,0,1,2848
3143975085,窗外麻雀_,0.202013,0,0,0.0,4.8008927852633245e-05,0,1,1,0,1,1,0,1,2848
2126460312,泰是泰山的山,0.202013,0,0,0.0,4.8008927852633245e-05,0,1,1,0,1,1,0,1,2848
7474056299,順味小瑞,0.202013,0,0,0.0,4.8008927852633245e-05,0,1,1,0,1,1,0,1,2848
7317376718,Alina-0103,0.202013,0,0,0.0,4.8008927852633245e-05,0,1,1,0,1,1,0,1,2848
7027738944,我担天生萌命,0.202013,0,0,0.0,4.8008927852633245e-05,0,1,1,0,1,1,0,1,2848
1880440934,粉豆号,0.202013,0,0,0.0,4.8008927852633245e-05,0,1,1,0,1,1,0,1,2848
1885397274,Loki是短腿的英国佬,0.202013,0,0,0.0,4.8008927852633245e-05,0,1,1,0,1,1,0,1,2848
7198019672,微波啥子是真的多,0.202013,0,0,0.0,4.8008927852633245e-05,0,1,1,0,1,1,0,1,2848
7288739472,CRTHFXH,0.202013,0,0,0.0,4.8008927852633245e-05,0,1,1,0,1,1,0,1,2848
7370601356,宇宙无敌旺仔-永远有票版,0.202013,0,0,0.0,4.8008927852633245e-05,0,1,1,0,1,1,0,1,2848
7284590309,最近要出门,0.202013,0,0,0.0,4.8008927852633245e-05,0,1,1,0,1,1,0,1,2848
3217878361,好运绑定花花,0.202013,0,0,0.0,4.8008927852633245e-05,0,1,1,0,1,1,0,1,2848
6303741708,赵雅芝粉丝团官方微博,0.202013,0,0,0.0,4.8008927852633245e-05,0,1,1,0,1,1,0,1,2848
5507021158,smilecwyan,0.202013,0,0,0.0,4.8008927852633245e-05,0,1,1,0,1,1,0,1,2848
5866147532,5866147532_970,0.202013,0,0,0.0,4.8008927852633245e-05,0,1,1,0,1,1,0,1,2848
5864533868,北方槟榔西施,0.202013,0,0,0.0,4.8008927852633245e-05,0,1,1,0,1,1,0,1,2848
6246400104,明常得,0.202013,0,0,0.0,4.8008927852633245e-05,0,1,1,0,1,1,0,1,2848
6247338562,霸dao总柴,0.202013,0,0,0.0,4.8008927852633245e-05,0,1,1,0,1,1,0,1,2848
7909945586,一心一意只对你好的,0.202013,0,0,0.0,4.8008927852633245e-05,0,1,1,0,1,1,0,1,2848
5846584088,Xiu_2727,0.202013,0,0,0.0,4.8008927852633245e-05,0,1,1,0,1,1,0,1,2848
6296409557,马到成功0609,0.202013,0,0,0.0,4.8008927852633245e-05,0,1,1,0,1,1,0,1,2848
6304852312,_愁红独自垂,0.202013,0,0,0.0,4.8008927852633245e-05,0,1,1,0,1,1,0,1,2848
1641587561,旺福袜小叽,0.202013,0,0,0.0,4.8008927852633245e-05,0,1,1,0,1,1,0,1,2848
7732586853,我却爱着一个鬼子zzz,0.202013,0,0,0.0,4.8008927852633245e-05,0,1,1,0,1,1,0,1,2848
3259919771,阿樵耶,0.202013,0,0,0.0,4.8008927852633245e-05,0,1,1,0,1,1,0,1,2848
7723670421,土豆大瑶瑶,0.202013,0,0,0.0,4.8008927852633245e-05,0,1,1,0,1,1,0,1,2848
7938031410,一个煎饼摊的犹豫的人,0.202013,0,0,0.0,4.8008927852633245e-05,0,1,1,0,1,1,0,1,2848
6360182812,阿摸啊,0.202013,0,0,0.0,4.8008927852633245e-05,0,1,1,0,1,1,0,1,2848
6367253711,小荷才露妙脆蕉,0.202013,0,0,0.0,4.8008927852633245e-05,0,1,1,0,1,1,0,1,2848
5339691190,请让我站在你眼中,0.202013,0,0,0.0,4.8008927852633245e-05,0,1,1,0,1,1,0,1,2848
1413781974,糖糖糯小米,0.202013,0,0,0.0,4.8008927852633245e-05,0,1,1,0,1,1,0,1,2848
2398050341,raiden_quake,0.202013,0,0,0.0,4.8008927852633245e-05,0,1,1,0,1,1,0,1,2848
5941190242,侃侃与啦啦,0.202013,0,0,0.0,4.8008927852633245e-05,0,1,1,0,1,1,0,1,2848
1778337977,蓝色的小风,0.202013,0,0,0.0,4.8008927852633245e-05,0,1,1,0,1,1,0,1,2848
7853226804,瑞士卷米糕,0.202013,0,0,0.0,4.8008927852633245e-05,0,1,1,0,1,1,0,1,2848
6015911202,yeyzhi,0.202013,0,0,0.0,4.8008927852633245e-05,0,1,1,0,1,1,0,1,2848
1713066740,初心宝儿,0.202013,0,0,0.0,4.8008927852633245e-05,0,1,1,0,1,1,0,1,2848
6012868747,Hello奇迹,0.202013,0,0,0.0,4.8008927852633245e-05,0,1,1,0,1,1,0,1,2848
2989627804,小灏daraku,0.202013,0,0,0.0,4.8008927852633245e-05,0,1,1,0,1,1,0,1,2848
6081160242,蓝_020,0.202013,0,0,0.0,4.8008927852633245e-05,0,1,1,0,1,1,0,1,2848
7825199999,北松__,0.202013,0,0,0.0,4.8008927852633245e-05,0,1,1,0,1,1,0,1,2848
6000741093,火山lridescent,0.202013,0,0,0.0,4.8008927852633245e-05,0,1,1,0,1,1,0,1,2848
5999392924,Coconpuff,0.202013,0,0,0.0,4.8008927852633245e-05,0,1,1,0,1,1,0,1,2848
6087061776,小超爱香菜,0.202013,0,0,0.0,4.8008927852633245e-05,0,1,1,0,1,1,0,1,2848
7881969035,真我澪,0.202013,0,0,0.0,4.8008927852633245e-05,0,1,1,0,1,1,0,1,2848
3794471363,米米卷卷好开心,0.202013,0,0,0.0,4.8008927852633245e-05,0,1,1,0,1,1,0,1,2848
7859581415,幸运桃桃上岸版,0.202013,0,0,0.0,4.8008927852633245e-05,0,1,1,0,1,1,0,1,2848
2441873181,火炉的炉是炉子的炉,0.202013,0,0,0.0,4.8008927852633245e-05,0,1,1,0,1,1,0,1,2848
5978653037,损不可言94,0.202013,0,0,0.0,4.8008927852633245e-05,0,1,1,0,1,1,0,1,2848
5973497632,小小cris7_旭文在左klimklim在右,0.202013,0,0,0.0,4.8008927852633245e-05,0,1,1,0,1,1,0,1,2848
7810696266,马黛Diez,0.202013,0,0,0.0,4.8008927852633245e-05,0,1,1,0,1,1,0,1,2848
3844241937,左手大黄,0.202013,0,0,0.0,4.8008927852633245e-05,0,1,1,0,1,1,0,1,2848
6140728494,瓦塔西什么来着,0.202013,0,0,0.0,4.8008927852633245e-05,0,1,1,0,1,1,0,1,2848
2668507541,就是小美美美美呀,0.202013,0,0,0.0,4.8008927852633245e-05,0,1,1,0,1,1,0,1,2848
7846001086,沉默的夜鹰,0.202013,0,0,0.0,4.8008927852633245e-05,0,1,1,0,1,1,0,1,2848
7949859251,明天你会下雪吗,0.202013,0,0,0.0,4.8008927852633245e-05,0,1,1,0,1,1,0,1,2848
5265115236,幽冥魔帝凡凡凡,0.202013,0,0,0.0,4.8008927852633245e-05,0,1,1,0,1,1,0,1,2848
6458845374,Aeilk,0.202013,0,0,0.0,4.8008927852633245e-05,0,1,1,0,1,1,0,1,2848
7562766057,Rrrryyll,0.202013,0,0,0.0,4.8008927852633245e-05,0,1,1,0,1,1,0,1,2848
5686014770,小陈小陈咔咔咔,0.202013,0,0,0.0,4.8008927852633245e-05,0,1,1,0,1,1,0,1,2848
6563650638,我是无敌牛逼之女,0.202013,0,0,0.0,4.8008927852633245e-05,0,1,1,0,1,1,0,1,2848
7980287799,7980287799_146,0.202013,0,0,0.0,4.8008927852633245e-05,0,1,1,0,1,1,0,1,2848
5674280373,亲爱的橙纸小姐,0.202013,0,0,0.0,4.8008927852633245e-05,0,1,1,0,1,1,0,1,2848
2149524777,像火象的土象,0.202013,0,0,0.0,4.8008927852633245e-05,0,1,1,0,1,1,0,1,2848
6569810465,大呀么大丁丁,0.202013,0,0,0.0,4.8008927852633245e-05,0,1,1,0,1,1,0,1,2848
6478270106,是愿也是圓,0.202013,0,0,0.0,4.8008927852633245e-05,0,1,1,0,1,1,0,1,2848
6556657694,虐攻区,0.202013,0,0,0.0,4.8008927852633245e-05,0,1,1,0,1,1,0,1,2848
6481714157,奥利奥不吃奥利奥4597,0.202013,0,0,0.0,4.8008927852633245e-05,0,1,1,0,1,1,0,1,2848
7518090397,柠沫-Lcsz,0.202013,0,0,0.0,4.8008927852633245e-05,0,1,1,0,1,1,0,1,2848
7527218608,老子就爱当茜罗的忠犬备胎,0.202013,0,0,0.0,4.8008927852633245e-05,0,1,1,0,1,1,0,1,2848
2194271024,漠漠littleQueen,0.202013,0,0,0.0,4.8008927852633245e-05,0,1,1,0,1,1,0,1,2848
6458386250,原耽的路人,0.202013,0,0,0.0,4.8008927852633245e-05,0,1,1,0,1,1,0,1,2848
6568878143,茜茜你真萌0521,0.202013,0,0,0.0,4.8008927852633245e-05,0,1,1,0,1,1,0,1,2848
2138083365,归去来兮667788,0.202013,0,0,0.0,4.8008927852633245e-05,0,1,1,0,1,1,0,1,2848
3965332335,-AmyLeeeee,0.202013,0,0,0.0,4.8008927852633245e-05,0,1,1,0,1,1,0,1,2848
6389972929,冬屿屿大人,0.202013,0,0,0.0,4.8008927852633245e-05,0,1,1,0,1,1,0,1,2848
3961271757,热爱你热爱你,0.202013,0,0,0.0,4.8008927852633245e-05,0,1,1,0,1,1,0,1,2848
5710759196,呼噜噜山大王,0.202013,0,0,0.0,4.8008927852633245e-05,0,1,1,0,1,1,0,1,2848
6414754851,起个名字替换,0.202013,0,0,0.0,4.8008927852633245e-05,0,1,1,0,1,1,0,1,2848
1396285351,DFSHANE,0.202013,0,0,0.0,4.8008927852633245e-05,0,1,1,0,1,1,0,1,2848
2712486872,布布不,0.202013,0,0,0.0,4.8008927852633245e-05,0,1,1,0,1,1,0,1,2848
1393613294,蓝蓝的兔兔,0.202013,0,0,0.0,4.8008927852633245e-05,0,1,1,0,1,1,0,1,2848
7638839607,静听风与月,0.202013,0,0,0.0,4.8008927852633245e-05,0,1,1,0,1,1,0,1,2848
5649546460,紫祥与野兽,0.202013,0,0,0.0,4.8008927852633245e-05,0,1,1,0,1,1,0,1,2848
9027724651,QQlucky20,0.199545,0,0,0.0,4.8008927852633245e-05,0,1,1,0,1,1,0,1,2848
7285472863,萌展的丞,0.199545,0,0,0.0,4.8008927852633245e-05,0,1,1,0,1,1,0,1,2848
9122966976,逸心向瑞,0.199545,0,0,0.0,4.8008927852633245e-05,0,1,1,0,1,1,0,1,2848
7025983407,Empire_Rose,0.199545,0,0,0.0,4.8008927852633245e-05,0,1,1,0,1,1,0,1,2848
2854009963,fate0111,0.199545,0,0,0.0,4.8008927852633245e-05,0,1,1,0,1,1,0,1,2848
5979319077,台湾卤肉,0.199545,0,0,0.0,4.8008927852633245e-05,0,1,1,0,1,1,0,1,2848
2527660032,Chou-壳儿,0.199545,0,0,0.0,4.8008927852633245e-05,0,1,1,0,1,1,0,1,2848
7852370214,pray瑶,0.199545,0,0,0.0,4.8008927852633245e-05,0,1,1,0,1,1,0,1,2848
3516613563,小印章呀嘿,0.199545,0,0,0.0,4.8008927852633245e-05,0,1,1,0,1,1,0,1,2848
8438330290,小切天才人设,0.199545,0,0,0.0,4.8008927852633245e-05,0,1,1,0,1,1,0,1,2848
5227463804,心情美叽叽,0.199545,0,0,0.0,4.8008927852633245e-05,0,1,1,0,1,1,0,1,2848
7288874073,是香菜呀lal,0.199545,0,0,0.0,4.8008927852633245e-05,0,1,1,0,1,1,0,1,2848
5957658596,爆炒葵花,0.199545,0,0,0.0,4.8008927852633245e-05,0,1,1,0,1,1,0,1,2848
5899644376,宁宁酱很可口_去过武汉演唱会版,0.199545,0,0,0.0,4.8008927852633245e-05,0,1,1,0,1,1,0,1,2848
8008306259,力给君,0.199545,0,0,0.0,4.8008927852633245e-05,0,1,1,0,1,1,0,1,2848
5165621981,luminous-elf,0.199545,0,0,0.0,4.8008927852633245e-05,0,1,1,0,1,1,0,1,2848
7313779991,用户7313779991,0.199545,0,0,0.0,4.8008927852633245e-05,0,1,1,0,1,1,0,1,2848
7212356144,锅包肉aa_,0.199545,0,0,0.0,4.8008927852633245e-05,0,1,1,0,1,1,0,1,2848
3674224027,卡帧少女,0.199545,0,0,0.0,4.8008927852633245e-05,0,1,1,0,1,1,0,1,2848
7927179538,永远不会选择自己想要的人生,0.199545,0,0,0.0,4.8008927852633245e-05,0,1,1,0,1,1,0,1,2848
7973075649,用户7973075649,0.199545,0,0,0.0,4.8008927852633245e-05,0,1,1,0,1,1,0,1,2848
7975541622,super格林_,0.199545,0,0,0.0,4.8008927852633245e-05,0,1,1,0,1,1,0,1,2848
7925195204,小羊宝比重生之_,0.199545,0,0,0.0,4.8008927852633245e-05,0,1,1,0,1,1,0,1,2848
7913322273,思念散在雨季,0.199545,0,0,0.0,4.8008927852633245e-05,0,1,1,0,1,1,0,1,2848
7350088951,小雏菊发夹,0.199545,0,0,0.0,4.8008927852633245e-05,0,1,1,0,1,1,0,1,2848
5679148742,朔风吹客衣wm,0.199545,0,0,0.0,4.8008927852633245e-05,0,1,1,0,1,1,0,1,2848
5860270463,J瑜牙牙,0.199545,0,0,0.0,4.8008927852633245e-05,0,1,1,0,1,1,0,1,2848
7357211247,能鸽善鹉-,0.199545,0,0,0.0,4.8008927852633245e-05,0,1,1,0,1,1,0,1,2848
7896259199,Starlit_Cjy,0.199545,0,0,0.0,4.8008927852633245e-05,0,1,1,0,1,1,0,1,2848
7892731622,用户狮子飞,0.199545,0,0,0.0,4.8008927852633245e-05,0,1,1,0,1,1,0,1,2848
1973795483,Kayano_Alice,0.199545,0,0,0.0,4.8008927852633245e-05,0,1,1,0,1,1,0,1,2848
7321548432,嘬嘬素颜小狗,0.199545,0,0,0.0,4.8008927852633245e-05,0,1,1,0,1,1,0,1,2848
3298555275,是大金链子啊,0.199545,0,0,0.0,4.8008927852633245e-05,0,1,1,0,1,1,0,1,2848
7890587550,好多狗朝我叫,0.199545,0,0,0.0,4.8008927852633245e-05,0,1,1,0,1,1,0,1,2848
5931356128,绿蛙绿蛙顶呱呱,0.199545,0,0,0.0,4.8008927852633245e-05,0,1,1,0,1,1,0,1,2848
5484672307,W4-01,0.199545,0,0,0.0,4.8008927852633245e-05,0,1,1,0,1,1,0,1,2848
7882856101,一心想当皇子妈,0.199545,0,0,0.0,4.8008927852633245e-05,0,1,1,0,1,1,0,1,2848
6609148922,麦麦脆貂鱼o_O,0.199545,0,0,0.0,4.8008927852633245e-05,0,1,1,0,1,1,0,1,2848
7403786690,南塘纸鸢,0.199545,0,0,0.0,4.8008927852633245e-05,0,1,1,0,1,1,0,1,2848
6275659691,少玩手机多看会儿书,0.199545,0,0,0.0,4.8008927852633245e-05,0,1,1,0,1,1,0,1,2848
2424757174,渰湉,0.199545,0,0,0.0,4.8008927852633245e-05,0,1,1,0,1,1,0,1,2848
6152327584,小离_Li,0.199545,0,0,0.0,4.8008927852633245e-05,0,1,1,0,1,1,0,1,2848
7794629486,JM暮时,0.199545,0,0,0.0,4.8008927852633245e-05,0,1,1,0,1,1,0,1,2848
7792559500,天野神丨空子,0.199545,0,0,0.0,4.8008927852633245e-05,0,1,1,0,1,1,0,1,2848
7717611466,涩批一个,0.199545,0,0,0.0,4.8008927852633245e-05,0,1,1,0,1,1,0,1,2848
7782265347,心心禾子,0.199545,0,0,0.0,4.8008927852633245e-05,0,1,1,0,1,1,0,1,2848
1756555421,chilaweng,0.199545,0,0,0.0,4.8008927852633245e-05,0,1,1,0,1,1,0,1,2848
2390412714,路一直都很远,0.199545,0,0,0.0,4.8008927852633245e-05,0,1,1,0,1,1,0,1,2848
1805595342,Elena_wn,0.199545,0,0,0.0,4.8008927852633245e-05,0,1,1,0,1,1,0,1,2848
2255667324,Leone_18,0.199545,0,0,0.0,4.8008927852633245e-05,0,1,1,0,1,1,0,1,2848
1766006870,芬达小黑妞,0.199545,0,0,0.0,4.8008927852633245e-05,0,1,1,0,1,1,0,1,2848
1874698957,寒劍默聽君子意_732,0.199545,0,0,0.0,4.8008927852633245e-05,0,1,1,0,1,1,0,1,2848
6834351860,申心愉悦,0.199545,0,0,0.0,4.8008927852633245e-05,0,1,1,0,1,1,0,1,2848
5370247480,墨拉的丑娘,0.199545,0,0,0.0,4.8008927852633245e-05,0,1,1,0,1,1,0,1,2848
7837603894,可以吃青草,0.199545,0,0,0.0,4.8008927852633245e-05,0,1,1,0,1,1,0,1,2848
3908770978,铬七,0.199545,0,0,0.0,4.8008927852633245e-05,0,1,1,0,1,1,0,1,2848
7659276816,橙子味添添圈,0.199545,0,0,0.0,4.8008927852633245e-05,0,1,1,0,1,1,0,1,2848
7749692802,想养只Rui猫,0.199545,0,0,0.0,4.8008927852633245e-05,0,1,1,0,1,1,0,1,2848
3960771019,又傻又坏的丫头,0.199545,0,0,0.0,4.8008927852633245e-05,0,1,1,0,1,1,0,1,2848
6703271307,雨殇轻歌1687,0.199545,0,0,0.0,4.8008927852633245e-05,0,1,1,0,1,1,0,1,2848
6356088287,用户6356088287,0.199545,0,0,0.0,4.8008927852633245e-05,0,1,1,0,1,1,0,1,2848
7717714493,快乐没烦恼2,0.199545,0,0,0.0,4.8008927852633245e-05,0,1,1,0,1,1,0,1,2848
7797097314,迪迪Der璇,0.199545,0,0,0.0,4.8008927852633245e-05,0,1,1,0,1,1,0,1,2848
2241131631,鲸墨蓝,0.199545,0,0,0.0,4.8008927852633245e-05,0,1,1,0,1,1,0,1,2848
2125020211,咩喜的珍宝珠_,0.199545,0,0,0.0,4.8008927852633245e-05,0,1,1,0,1,1,0,1,2848
7815054139,_syich,0.199545,0,0,0.0,4.8008927852633245e-05,0,1,1,0,1,1,0,1,2848
5123348096,可可古果,0.199545,0,0,0.0,4.8008927852633245e-05,0,1,1,0,1,1,0,1,2848
2128976602,时不遇,0.199545,0,0,0.0,4.8008927852633245e-05,0,1,1,0,1,1,0,1,2848
7836775805,未来可期0809111,0.199545,0,0,0.0,4.8008927852633245e-05,0,1,1,0,1,1,0,1,2848
7831835147,心里是你的名字_yrkb,0.199545,0,0,0.0,4.8008927852633245e-05,0,1,1,0,1,1,0,1,2848
6607304247,世界对我而言是木头,0.199545,0,0,0.0,4.8008927852633245e-05,0,1,1,0,1,1,0,1,2848
6987335786,盏灯绪意_盼月版,0.199545,0,0,0.0,4.8008927852633245e-05,0,1,1,0,1,1,0,1,2848
7491200785,妹妹宝·,0.199545,0,0,0.0,4.8008927852633245e-05,0,1,1,0,1,1,0,1,2848
1891371892,努力健身的小蕉,0.199545,0,0,0.0,4.8008927852633245e-05,0,1,1,0,1,1,0,1,2848
2017571924,不是放屁的噗噗,0.199545,0,0,0.0,4.8008927852633245e-05,0,1,1,0,1,1,0,1,2848
1722034007,randy_49,0.199545,0,0,0.0,4.8008927852633245e-05,0,1,1,0,1,1,0,1,2848
6523198152,住在森林里的谷莠子,0.199545,0,0,0.0,4.8008927852633245e-05,0,1,1,0,1,1,0,1,2848
1865927432,牙套狗狗,0.199545,0,0,0.0,4.8008927852633245e-05,0,1,1,0,1,1,0,1,2848
6120886333,雾山余烬,0.199545,0,0,0.0,4.8008927852633245e-05,0,1,1,0,1,1,0,1,2848
7433459781,海胆小猫_,0.199545,0,0,0.0,4.8008927852633245e-05,0,1,1,0,1,1,0,1,2848
6121945370,StAmbroseSjr,0.199545,0,0,0.0,4.8008927852633245e-05,0,1,1,0,1,1,0,1,2848
6128660215,五心插柳柳橙汁,0.199545,0,0,0.0,4.8008927852633245e-05,0,1,1,0,1,1,0,1,2848
7547921982,落水汤圆小狗,0.199545,0,0,0.0,4.8008927852633245e-05,0,1,1,0,1,1,0,1,2848
7978072415,青卿www,0.197328,0,0,0.0,4.8008927852633245e-05,0,1,1,0,1,1,0,1,2848
9123384953,闻人zzz,0.197328,0,0,0.0,4.8008927852633245e-05,0,1,1,0,1,1,0,1,2848
7948624675,信号超级超级,0.197328,0,0,0.0,4.8008927852633245e-05,0,1,1,0,1,1,0,1,2848
3171353494,熱yyyy,0.197328,0,0,0.0,4.8008927852633245e-05,0,1,1,0,1,1,0,1,2848
3630211215,DelightSJK,0.197328,0,0,0.0,4.8008927852633245e-05,0,1,1,0,1,1,0,1,2848
8345920168,世一美强惨roro,0.197328,0,0,0.0,4.8008927852633245e-05,0,1,1,0,1,1,0,1,2848
7601735866,铜镜印无邪丶,0.197328,0,0,0.0,4.8008927852633245e-05,0,1,1,0,1,1,0,1,2848
5057645881,天青色笑烟雨,0.197328,0,0,0.0,4.8008927852633245e-05,0,1,1,0,1,1,0,1,2848
8358913160,一箱草莓喵ovo,0.197328,0,0,0.0,4.8008927852633245e-05,0,1,1,0,1,1,0,1,2848
7669799374,金错刀_逆家滚,0.197328,0,0,0.0,4.8008927852633245e-05,0,1,1,0,1,1,0,1,2848
7470006720,xiaohulu123,0.197328,0,0,0.0,4.8008927852633245e-05,0,1,1,0,1,1,0,1,2848
7641509132,十一月柏林有雪,0.197328,0,0,0.0,4.8008927852633245e-05,0,1,1,0,1,1,0,1,2848
3206133660,雅韵典范-芝貌盛颜,0.197328,0,0,0.0,4.8008927852633245e-05,0,1,1,0,1,1,0,1,2848
7988884369,赘上少寨主,0.197328,0,0,0.0,4.8008927852633245e-05,0,1,1,0,1,1,0,1,2848
7611371717,爱着一只主唱猫猫,0.197328,0,0,0.0,4.8008927852633245e-05,0,1,1,0,1,1,0,1,2848
7474258566,MagicRubikYang,0.197328,0,0,0.0,4.8008927852633245e-05,0,1,1,0,1,1,0,1,2848
7614645925,拥有小酒窝的星辰,0.197328,0,0,0.0,4.8008927852633245e-05,0,1,1,0,1,1,0,1,2848
7564369284,Lv100鲤鱼王,0.197328,0,0,0.0,4.8008927852633245e-05,0,1,1,0,1,1,0,1,2848
7844620575,JoyYING1010,0.197328,0,0,0.0,4.8008927852633245e-05,0,1,1,0,1,1,0,1,2848
7459004270,775岁的H亚修,0.197328,0,0,0.0,4.8008927852633245e-05,0,1,1,0,1,1,0,1,2848
1924667901,DARLING利利猫,0.197328,0,0,0.0,4.8008927852633245e-05,0,1,1,0,1,1,0,1,2848
7846557262,三小姐_1230,0.197328,0,0,0.0,4.8008927852633245e-05,0,1,1,0,1,1,0,1,2848
7401506975,你好我是饼,0.197328,0,0,0.0,4.8008927852633245e-05,0,1,1,0,1,1,0,1,2848
1691573063,马猪猪,0.197328,0,0,0.0,4.8008927852633245e-05,0,1,1,0,1,1,0,1,2848
7489533440,水木目木木夕,0.197328,0,0,0.0,4.8008927852633245e-05,0,1,1,0,1,1,0,1,2848
3152920474,莱比锡的薄荷,0.197328,0,0,0.0,4.8008927852633245e-05,0,1,1,0,1,1,0,1,2848
7817988795,浸润引信,0.197328,0,0,0.0,4.8008927852633245e-05,0,1,1,0,1,1,0,1,2848
7863840147,第13人在这里,0.197328,0,0,0.0,4.8008927852633245e-05,0,1,1,0,1,1,0,1,2848
7382758581,不悲伤的悲伤荷包蛋,0.197328,0,0,0.0,4.8008927852633245e-05,0,1,1,0,1,1,0,1,2848
1677256504,好好笑与Mi,0.197328,0,0,0.0,4.8008927852633245e-05,0,1,1,0,1,1,0,1,2848
7869507227,毛豆生奶油味的喜久福w,0.197328,0,0,0.0,4.8008927852633245e-05,0,1,1,0,1,1,0,1,2848
7878331509,事已至此就先睡吧,0.197328,0,0,0.0,4.8008927852633245e-05,0,1,1,0,1,1,0,1,2848
7792389854,漫步在城市人,0.197328,0,0,0.0,4.8008927852633245e-05,0,1,1,0,1,1,0,1,2848
3735646922,面条的远亲,0.197328,0,0,0.0,4.8008927852633245e-05,0,1,1,0,1,1,0,1,2848
1750189645,皇城根儿下的依,0.197328,0,0,0.0,4.8008927852633245e-05,0,1,1,0,1,1,0,1,2848
1760328720,Chasing_M,0.197328,0,0,0.0,4.8008927852633245e-05,0,1,1,0,1,1,0,1,2848
7895548935,大山KaK,0.197328,0,0,0.0,4.8008927852633245e-05,0,1,1,0,1,1,0,1,2848
7438906544,鱼饼orz,0.197328,0,0,0.0,4.8008927852633245e-05,0,1,1,0,1,1,0,1,2848
7770085370,小宇rosie,0.197328,0,0,0.0,4.8008927852633245e-05,0,1,1,0,1,1,0,1,2848
7896572942,手心緊握伴雨忤,0.197328,0,0,0.0,4.8008927852633245e-05,0,1,1,0,1,1,0,1,2848
7906100183,飞鼠梦女,0.197328,0,0,0.0,4.8008927852633245e-05,0,1,1,0,1,1,0,1,2848
7755686582,这夏天的一片云,0.197328,0,0,0.0,4.8008927852633245e-05,0,1,1,0,1,1,0,1,2848
7913037429,用户7913037429,0.197328,0,0,0.0,4.8008927852633245e-05,0,1,1,0,1,1,0,1,2848
7913575151,兮吃椰浆鱼_,0.197328,0,0,0.0,4.8008927852633245e-05,0,1,1,0,1,1,0,1,2848
1769881767,BoBo-1022,0.197328,0,0,0.0,4.8008927852633245e-05,0,1,1,0,1,1,0,1,2848
7736450307,莎士比亚·菲,0.197328,0,0,0.0,4.8008927852633245e-05,0,1,1,0,1,1,0,1,2848
7939026041,璨-乌梅绵绵冰,0.197328,0,0,0.0,4.8008927852633245e-05,0,1,1,0,1,1,0,1,2848
7943175380,遥远的蓝色雨,0.197328,0,0,0.0,4.8008927852633245e-05,0,1,1,0,1,1,0,1,2848
3909285343,我只是发表一下我的观点,0.197328,0,0,0.0,4.8008927852633245e-05,0,1,1,0,1,1,0,1,2848
6108275308,水兔子饲养员_,0.197328,0,0,0.0,4.8008927852633245e-05,0,1,1,0,1,1,0,1,2848
5845619215,lovelangyuge,0.197328,0,0,0.0,4.8008927852633245e-05,0,1,1,0,1,1,0,1,2848
5626835993,螃蟹眼熊猫,0.197328,0,0,0.0,4.8008927852633245e-05,0,1,1,0,1,1,0,1,2848
2486947565,鋮_____,0.197328,0,0,0.0,4.8008927852633245e-05,0,1,1,0,1,1,0,1,2848
6057493119,範特西第七章,0.197328,0,0,0.0,4.8008927852633245e-05,0,1,1,0,1,1,0,1,2848
6048249860,亦如黎明中的花朵0301,0.197328,0,0,0.0,4.8008927852633245e-05,0,1,1,0,1,1,0,1,2848
6046864637,刺梨奶茶,0.197328,0,0,0.0,4.8008927852633245e-05,0,1,1,0,1,1,0,1,2848
6148461329,纯情栗子火辣辣,0.197328,0,0,0.0,4.8008927852633245e-05,0,1,1,0,1,1,0,1,2848
6156597813,小熊不爱吃软糖呀,0.197328,0,0,0.0,4.8008927852633245e-05,0,1,1,0,1,1,0,1,2848
2790801702,瓜西子柚,0.197328,0,0,0.0,4.8008927852633245e-05,0,1,1,0,1,1,0,1,2848
7025551829,A吾本独孤,0.197328,0,0,0.0,4.8008927852633245e-05,0,1,1,0,1,1,0,1,2848
2783957877,珞汐的Jean,0.197328,0,0,0.0,4.8008927852633245e-05,0,1,1,0,1,1,0,1,2848
7015724069,一个咪糖,0.197328,0,0,0.0,4.8008927852633245e-05,0,1,1,0,1,1,0,1,2848
5567653864,地无惊烟海千里,0.197328,0,0,0.0,4.8008927852633245e-05,0,1,1,0,1,1,0,1,2848
6210221613,Yuko咩,0.197328,0,0,0.0,4.8008927852633245e-05,0,1,1,0,1,1,0,1,2848
6243491180,湘雨yu,0.197328,0,0,0.0,4.8008927852633245e-05,0,1,1,0,1,1,0,1,2848
2267814934,comyhf,0.197328,0,0,0.0,4.8008927852633245e-05,0,1,1,0,1,1,0,1,2848
6265177214,田里麻瓜乱开花,0.197328,0,0,0.0,4.8008927852633245e-05,0,1,1,0,1,1,0,1,2848
5868525822,湛栎,0.197328,0,0,0.0,4.8008927852633245e-05,0,1,1,0,1,1,0,1,2848
5266877938,-sukior,0.197328,0,0,0.0,4.8008927852633245e-05,0,1,1,0,1,1,0,1,2848
6443251295,紫晶阁之歌521,0.197328,0,0,0.0,4.8008927852633245e-05,0,1,1,0,1,1,0,1,2848
6659388600,热水来几杯,0.197328,0,0,0.0,4.8008927852633245e-05,0,1,1,0,1,1,0,1,2848
6656550305,不知起何名了,0.197328,0,0,0.0,4.8008927852633245e-05,0,1,1,0,1,1,0,1,2848
6336142326,喂自己袋盐0815,0.197328,0,0,0.0,4.8008927852633245e-05,0,1,1,0,1,1,0,1,2848
2599563620,帅气的轰轰,0.197328,0,0,0.0,4.8008927852633245e-05,0,1,1,0,1,1,0,1,2848
2687404797,年兽的微笑,0.197328,0,0,0.0,4.8008927852633245e-05,0,1,1,0,1,1,0,1,2848
3085284881,苏微少,0.197328,0,0,0.0,4.8008927852633245e-05,0,1,1,0,1,1,0,1,2848
6346618705,Hanabi___,0.197328,0,0,0.0,4.8008927852633245e-05,0,1,1,0,1,1,0,1,2848
5262402500,凌晨又见江南雨,0.197328,0,0,0.0,4.8008927852633245e-05,0,1,1,0,1,1,0,1,2848
5538213563,和小源环游太空,0.197328,0,0,0.0,4.8008927852633245e-05,0,1,1,0,1,1,0,1,2848
2903455721,喜乐长安万事遂,0.197328,0,0,0.0,4.8008927852633245e-05,0,1,1,0,1,1,0,1,2848
6375864476,FFA500号饲养员,0.197328,0,0,0.0,4.8008927852633245e-05,0,1,1,0,1,1,0,1,2848
5833426192,不知名微博庸户,0.197328,0,0,0.0,4.8008927852633245e-05,0,1,1,0,1,1,0,1,2848
6992593942,是纸船阿,0.197328,0,0,0.0,4.8008927852633245e-05,0,1,1,0,1,1,0,1,2848
5885665766,在李现怀里撒个娇,0.197328,0,0,0.0,4.8008927852633245e-05,0,1,1,0,1,1,0,1,2848
2441977482,细胞厚壁障,0.197328,0,0,0.0,4.8008927852633245e-05,0,1,1,0,1,1,0,1,2848
6112997119,努力lucky1011,0.197328,0,0,0.0,4.8008927852633245e-05,0,1,1,0,1,1,0,1,2848
2828835274,坏男孩-晓雨,0.197328,0,0,0.0,4.8008927852633245e-05,0,1,1,0,1,1,0,1,2848
5590498308,糖渍溏心饭,0.197328,0,0,0.0,4.8008927852633245e-05,0,1,1,0,1,1,0,1,2848
5844362293,纯情娼年,0.197328,0,0,0.0,4.8008927852633245e-05,0,1,1,0,1,1,0,1,2848
2446930557,朱美吉Daisy,0.197328,0,0,0.0,4.8008927852633245e-05,0,1,1,0,1,1,0,1,2848
7238416666,困困困了yyy,0.197328,0,0,0.0,4.8008927852633245e-05,0,1,1,0,1,1,0,1,2848
6109841985,领袖xiao熊_,0.195313,0,0,0.0,4.8008927852633245e-05,0,1,1,0,1,1,0,1,2848
6269105454,李快快就是我,0.195313,0,0,0.0,4.8008927852633245e-05,0,1,1,0,1,1,0,1,2848
1609307762,很好吃的小月亮,0.195313,0,0,0.0,4.8008927852633245e-05,0,1,1,0,1,1,0,1,2848
5454305823,小芒果大口吃肉,0.195313,0,0,0.0,4.8008927852633245e-05,0,1,1,0,1,1,0,1,2848
7778713060,爱吃虾的捣蛋鬼,0.195313,0,0,0.0,4.8008927852633245e-05,0,1,1,0,1,1,0,1,2848
8007284230,-Marguerite-,0.195313,0,0,0.0,4.8008927852633245e-05,0,1,1,0,1,1,0,1,2848
5240008241,哔哩哔哩啊湫,0.195313,0,0,0.0,4.8008927852633245e-05,0,1,1,0,1,1,0,1,2848
2172731622,Just-Lo喵啊喵,0.195313,0,0,0.0,4.8008927852633245e-05,0,1,1,0,1,1,0,1,2848
7915423668,夏妍-夏天煎饼版,0.195313,0,0,0.0,4.8008927852633245e-05,0,1,1,0,1,1,0,1,2848
7537781271,生而不养是罪,0.195313,0,0,0.0,4.8008927852633245e-05,0,1,1,0,1,1,0,1,2848
2554148210,凯库拉奇特,0.195313,0,0,0.0,4.8008927852633245e-05,0,1,1,0,1,1,0,1,2848
1768665863,獾了个馒,0.195313,0,0,0.0,4.8008927852633245e-05,0,1,1,0,1,1,0,1,2848
7825290669,漫步在城市中,0.195313,0,0,0.0,4.8008927852633245e-05,0,1,1,0,1,1,0,1,2848
8009339655,貉子安,0.195313,0,0,0.0,4.8008927852633245e-05,0,1,1,0,1,1,0,1,2848
6988372508,野涧鱼逸游-,0.195313,0,0,0.0,4.8008927852633245e-05,0,1,1,0,1,1,0,1,2848
7431931977,yangang_1309,0.195313,0,0,0.0,4.8008927852633245e-05,0,1,1,0,1,1,0,1,2848
3720399483,韦霖童鞋,0.195313,0,0,0.0,4.8008927852633245e-05,0,1,1,0,1,1,0,1,2848
5794406144,超级小狗大侠,0.195313,0,0,0.0,4.8008927852633245e-05,0,1,1,0,1,1,0,1,2848
1450000950,SunnieCheung,0.195313,0,0,0.0,4.8008927852633245e-05,0,1,1,0,1,1,0,1,2848
3095061865,焦糖香菜·YIBO,0.195313,0,0,0.0,4.8008927852633245e-05,0,1,1,0,1,1,0,1,2848
7908520066,走着走着走着就散,0.195313,0,0,0.0,4.8008927852633245e-05,0,1,1,0,1,1,0,1,2848
7423471761,猫狗绝对值,0.195313,0,0,0.0,4.8008927852633245e-05,0,1,1,0,1,1,0,1,2848
5840182814,好想长出叶绿体_,0.195313,0,0,0.0,4.8008927852633245e-05,0,1,1,0,1,1,0,1,2848
8013707464,hilinnnc,0.195313,0,0,0.0,4.8008927852633245e-05,0,1,1,0,1,1,0,1,2848
7766655540,菠萝在西沙喝汤,0.195313,0,0,0.0,4.8008927852633245e-05,0,1,1,0,1,1,0,1,2848
5657354887,夜境凉风,0.195313,0,0,0.0,4.8008927852633245e-05,0,1,1,0,1,1,0,1,2848
5976071509,o真夏Oo花,0.195313,0,0,0.0,4.8008927852633245e-05,0,1,1,0,1,1,0,1,2848
1247843004,三彩宝,0.195313,0,0,0.0,4.8008927852633245e-05,0,1,1,0,1,1,0,1,2848
2057919773,Charlie_Millionaire,0.195313,0,0,0.0,4.8008927852633245e-05,0,1,1,0,1,1,0,1,2848
7741950618,楚南团子,0.195313,0,0,0.0,4.8008927852633245e-05,0,1,1,0,1,1,0,1,2848
6398285228,_边清挽,0.195313,0,0,0.0,4.8008927852633245e-05,0,1,1,0,1,1,0,1,2848
2714856004,茜罗亲亲老公,0.195313,0,0,0.0,4.8008927852633245e-05,0,1,1,0,1,1,0,1,2848
7706445442,为扣老公做延长美甲,0.195313,0,0,0.0,4.8008927852633245e-05,0,1,1,0,1,1,0,1,2848
2605298310,摸鱼学博士后征宝宝oo,0.195313,0,0,0.0,4.8008927852633245e-05,0,1,1,0,1,1,0,1,2848
3110038137,西风乍起tic,0.195313,0,0,0.0,4.8008927852633245e-05,0,1,1,0,1,1,0,1,2848
3965264431,减十斤换网名,0.195313,0,0,0.0,4.8008927852633245e-05,0,1,1,0,1,1,0,1,2848
7967988243,枕头底下压着星星,0.195313,0,0,0.0,4.8008927852633245e-05,0,1,1,0,1,1,0,1,2848
1370466901,痛者自知,0.195313,0,0,0.0,4.8008927852633245e-05,0,1,1,0,1,1,0,1,2848
7566197496,Rich_n_Rare,0.195313,0,0,0.0,4.8008927852633245e-05,0,1,1,0,1,1,0,1,2848
2345210947,49颗小汤圆儿,0.195313,0,0,0.0,4.8008927852633245e-05,0,1,1,0,1,1,0,1,2848
7284242348,AUT6120,0.195313,0,0,0.0,4.8008927852633245e-05,0,1,1,0,1,1,0,1,2848
1616988417,MissElsaaaaa,0.195313,0,0,0.0,4.8008927852633245e-05,0,1,1,0,1,1,0,1,2848
6084775524,淋点点1,0.195313,0,0,0.0,4.8008927852633245e-05,0,1,1,0,1,1,0,1,2848
3828293458,菜鸡画手mole,0.195313,0,0,0.0,4.8008927852633245e-05,0,1,1,0,1,1,0,1,2848
1298177241,仓库花Gina,0.195313,0,0,0.0,4.8008927852633245e-05,0,1,1,0,1,1,0,1,2848
5879096205,Crissiuuubhye,0.195313,0,0,0.0,4.8008927852633245e-05,0,1,1,0,1,1,0,1,2848
7879228080,出城的雪,0.195313,0,0,0.0,4.8008927852633245e-05,0,1,1,0,1,1,0,1,2848
7644647344,吴越正东脉,0.195313,0,0,0.0,4.8008927852633245e-05,0,1,1,0,1,1,0,1,2848
5668452912,蔓越莓抹茶二选一,0.195313,0,0,0.0,4.8008927852633245e-05,0,1,1,0,1,1,0,1,2848
3932700017,足球之神CR777,0.195313,0,0,0.0,4.8008927852633245e-05,0,1,1,0,1,1,0,1,2848
7509850858,玉米芭霏杯,0.195313,0,0,0.0,4.8008927852633245e-05,0,1,1,0,1,1,0,1,2848
7455186939,明日ashu_,0.195313,0,0,0.0,4.8008927852633245e-05,0,1,1,0,1,1,0,1,2848
7452211679,橙橙芋元耶,0.195313,0,0,0.0,4.8008927852633245e-05,0,1,1,0,1,1,0,1,2848
3969939552,已读不回博士后萌系防御型,0.195313,0,0,0.0,4.8008927852633245e-05,0,1,1,0,1,1,0,1,2848
6791173024,聪明宁利,0.195313,0,0,0.0,4.8008927852633245e-05,0,1,1,0,1,1,0,1,2848
2203458995,-比茄多耳-,0.195313,0,0,0.0,4.8008927852633245e-05,0,1,1,0,1,1,0,1,2848
2815252572,Helkin_,0.195313,0,0,0.0,4.8008927852633245e-05,0,1,1,0,1,1,0,1,2848
1730107171,AngelinaZhaoooo,0.195313,0,0,0.0,4.8008927852633245e-05,0,1,1,0,1,1,0,1,2848
6478883823,圈圈和Cris,0.195313,0,0,0.0,4.8008927852633245e-05,0,1,1,0,1,1,0,1,2848
7813943405,柠檬榴莲冻,0.195313,0,0,0.0,4.8008927852633245e-05,0,1,1,0,1,1,0,1,2848
5635952364,浅青色信笺,0.195313,0,0,0.0,4.8008927852633245e-05,0,1,1,0,1,1,0,1,2848
5183768805,我的眼睛说想你-,0.195313,0,0,0.0,4.8008927852633245e-05,0,1,1,0,1,1,0,1,2848
7149175323,chilriya,0.195313,0,0,0.0,4.8008927852633245e-05,0,1,1,0,1,1,0,1,2848
7806293863,樱花烙198010,0.195313,0,0,0.0,4.8008927852633245e-05,0,1,1,0,1,1,0,1,2848
7847010732,薄荷喵不能离开猫薄荷,0.195313,0,0,0.0,4.8008927852633245e-05,0,1,1,0,1,1,0,1,2848
7606618082,冬绒兔,0.195313,0,0,0.0,4.8008927852633245e-05,0,1,1,0,1,1,0,1,2848
1971294417,AKD趙雅芝影迷會,0.195313,0,0,0.0,4.8008927852633245e-05,0,1,1,0,1,1,0,1,2848
3027400661,防火火火兔,0.195313,0,0,0.0,4.8008927852633245e-05,0,1,1,0,1,1,0,1,2848
7549671723,小美别吃啦,0.195313,0,0,0.0,4.8008927852633245e-05,0,1,1,0,1,1,0,1,2848
6079322081,叛逆地行为艺术,0.195313,0,0,0.0,4.8008927852633245e-05,0,1,1,0,1,1,0,1,2848
7813287038,Vanruud2005,0.195313,0,0,0.0,4.8008927852633245e-05,0,1,1,0,1,1,0,1,2848
3830427922,Coral的小猫是酸菜土豆粉条和呆,0.195313,0,0,0.0,4.8008927852633245e-05,0,1,1,0,1,1,0,1,2848
6179345503,滅曱甴專家,0.195313,0,0,0.0,4.8008927852633245e-05,0,1,1,0,1,1,0,1,2848
7826761169,听一秒清脆,0.195313,0,0,0.0,4.8008927852633245e-05,0,1,1,0,1,1,0,1,2848
7322608923,用户7322608923,0.195313,0,0,0.0,4.8008927852633245e-05,0,1,1,0,1,1,0,1,2848
7310769975,花朝玄都,0.195313,0,0,0.0,4.8008927852633245e-05,0,1,1,0,1,1,0,1,2848
6169068936,周星星诶81,0.195313,0,0,0.0,4.8008927852633245e-05,0,1,1,0,1,1,0,1,2848
2868558324,快乐的ayuh,0.195313,0,0,0.0,4.8008927852633245e-05,0,1,1,0,1,1,0,1,2848
5280044647,imiaomao,0.195313,0,0,0.0,4.8008927852633245e-05,0,1,1,0,1,1,0,1,2848
2507350145,aomiz-,0.195313,0,0,0.0,4.8008927852633245e-05,0,1,1,0,1,1,0,1,2848
1589731661,五谷杂粮丰登登,0.195313,0,0,0.0,4.8008927852633245e-05,0,1,1,0,1,1,0,1,2848
1961240997,安夏是只糊涂的猫,0.195313,0,0,0.0,4.8008927852633245e-05,0,1,1,0,1,1,0,1,2848
6137827265,百错仍硕,0.195313,0,0,0.0,4.8008927852633245e-05,0,1,1,0,1,1,0,1,2848
6116624314,墨泇橭溪,0.195313,0,0,0.0,4.8008927852633245e-05,0,1,1,0,1,1,0,1,2848
7833972606,杨梅干千,0.195313,0,0,0.0,4.8008927852633245e-05,0,1,1,0,1,1,0,1,2848
6314231582,我的id雨女无瓜,0.193462,0,0,0.0,4.8008927852633245e-05,0,1,1,0,1,1,0,1,2848
5954821883,富绘香颂,0.193462,0,0,0.0,4.8008927852633245e-05,0,1,1,0,1,1,0,1,2848
7387102950,文文文文______,0.193462,0,0,0.0,4.8008927852633245e-05,0,1,1,0,1,1,0,1,2848
7812229281,桃子汽咆水,0.193462,0,0,0.0,4.8008927852633245e-05,0,1,1,0,1,1,0,1,2848
7458852208,三秒心动对视,0.193462,0,0,0.0,4.8008927852633245e-05,0,1,1,0,1,1,0,1,2848
2369923072,DC27252527,0.193462,0,0,0.0,4.8008927852633245e-05,0,1,1,0,1,1,0,1,2848
7801710188,神券无需天赋_,0.193462,0,0,0.0,4.8008927852633245e-05,0,1,1,0,1,1,0,1,2848
7738612889,深海藏着小鱼梦,0.193462,0,0,0.0,4.8008927852633245e-05,0,1,1,0,1,1,0,1,2848
3170533115,DawnImmerse,0.193462,0,0,0.0,4.8008927852633245e-05,0,1,1,0,1,1,0,1,2848
3932278797,油炸茄子与地瓜,0.193462,0,0,0.0,4.8008927852633245e-05,0,1,1,0,1,1,0,1,2848
6317004422,ImEmobot,0.193462,0,0,0.0,4.8008927852633245e-05,0,1,1,0,1,1,0,1,2848
6505442645,香酥冰淇零,0.193462,0,0,0.0,4.8008927852633245e-05,0,1,1,0,1,1,0,1,2848
6705887337,青璇21342,0.193462,0,0,0.0,4.8008927852633245e-05,0,1,1,0,1,1,0,1,2848
7887184487,吃板栗得剥壳,0.193462,0,0,0.0,4.8008927852633245e-05,0,1,1,0,1,1,0,1,2848
2716195911,Eutha_lia,0.193462,0,0,0.0,4.8008927852633245e-05,0,1,1,0,1,1,0,1,2848
7962008506,锦郁年,0.193462,0,0,0.0,4.8008927852633245e-05,0,1,1,0,1,1,0,1,2848
2128188492,April_布丁要勇敢,0.193462,0,0,0.0,4.8008927852633245e-05,0,1,1,0,1,1,0,1,2848
6384094120,Puppet-16738,0.193462,0,0,0.0,4.8008927852633245e-05,0,1,1,0,1,1,0,1,2848
7679863731,拒绝香菜10086次,0.193462,0,0,0.0,4.8008927852633245e-05,0,1,1,0,1,1,0,1,2848
7819586879,不习惯没有你的雨天,0.193462,0,0,0.0,4.8008927852633245e-05,0,1,1,0,1,1,0,1,2848
7719325369,珍昕之恋,0.193462,0,0,0.0,4.8008927852633245e-05,0,1,1,0,1,1,0,1,2848
7213001610,荷妮香约,0.193462,0,0,0.0,4.8008927852633245e-05,0,1,1,0,1,1,0,1,2848
7579178877,冷温猫,0.193462,0,0,0.0,4.8008927852633245e-05,0,1,1,0,1,1,0,1,2848
6642351307,Ss不是sS_,0.193462,0,0,0.0,4.8008927852633245e-05,0,1,1,0,1,1,0,1,2848
5520050647,艺雨不熬夜,0.193462,0,0,0.0,4.8008927852633245e-05,0,1,1,0,1,1,0,1,2848
7279598013,四海同学·,0.193462,0,0,0.0,4.8008927852633245e-05,0,1,1,0,1,1,0,1,2848
7332934349,若叶睦一动不动,0.193462,0,0,0.0,4.8008927852633245e-05,0,1,1,0,1,1,0,1,2848
7470733332,全MY面包,0.193462,0,0,0.0,4.8008927852633245e-05,0,1,1,0,1,1,0,1,2848
7469696114,醒无事,0.193462,0,0,0.0,4.8008927852633245e-05,0,1,1,0,1,1,0,1,2848
6124126982,榴莲抄手三花猫,0.193462,0,0,0.0,4.8008927852633245e-05,0,1,1,0,1,1,0,1,2848
2354722035,Hola9920,0.193462,0,0,0.0,4.8008927852633245e-05,0,1,1,0,1,1,0,1,2848
1425187440,天君KAZOKU,0.193462,0,0,0.0,4.8008927852633245e-05,0,1,1,0,1,1,0,1,2848
5212960198,旻悠_,0.193462,0,0,0.0,4.8008927852633245e-05,0,1,1,0,1,1,0,1,2848
2615607523,李小猴-Maliboo,0.193462,0,0,0.0,4.8008927852633245e-05,0,1,1,0,1,1,0,1,2848
7347005140,-红糖绒昀-,0.193462,0,0,0.0,4.8008927852633245e-05,0,1,1,0,1,1,0,1,2848
2262461494,大大大大Alan,0.193462,0,0,0.0,4.8008927852633245e-05,0,1,1,0,1,1,0,1,2848
7106057149,underCOOLed29,0.193462,0,0,0.0,4.8008927852633245e-05,0,1,1,0,1,1,0,1,2848
5646923398,看见好吃鱼,0.193462,0,0,0.0,4.8008927852633245e-05,0,1,1,0,1,1,0,1,2848
2627429093,阿修罗_a_xiu_luo_,0.193462,0,0,0.0,4.8008927852633245e-05,0,1,1,0,1,1,0,1,2848
5575629715,转身以沫笑,0.193462,0,0,0.0,4.8008927852633245e-05,0,1,1,0,1,1,0,1,2848
3314081325,只为珍惜每一刻,0.193462,0,0,0.0,4.8008927852633245e-05,0,1,1,0,1,1,0,1,2848
8211149352,BurntToast24,0.193462,0,0,0.0,4.8008927852633245e-05,0,1,1,0,1,1,0,1,2848
4056576928,Kir丶27,0.193462,0,0,0.0,4.8008927852633245e-05,0,1,1,0,1,1,0,1,2848
3224475965,Hogwarts魔药助理,0.193462,0,0,0.0,4.8008927852633245e-05,0,1,1,0,1,1,0,1,2848
1803625801,喜茶型西米露,0.193462,0,0,0.0,4.8008927852633245e-05,0,1,1,0,1,1,0,1,2848
6205989849,Wiir_R__0731,0.193462,0,0,0.0,4.8008927852633245e-05,0,1,1,0,1,1,0,1,2848
5384084688,唐六洲,0.193462,0,0,0.0,4.8008927852633245e-05,0,1,1,0,1,1,0,1,2848
7823928257,田里草田总,0.193462,0,0,0.0,4.8008927852633245e-05,0,1,1,0,1,1,0,1,2848
3543271013,爱网球的小狼,0.193462,0,0,0.0,4.8008927852633245e-05,0,1,1,0,1,1,0,1,2848
8219263300,小邓就是Jerry啊,0.193462,0,0,0.0,4.8008927852633245e-05,0,1,1,0,1,1,0,1,2848
7053735761,倩哒恬谧_,0.193462,0,0,0.0,4.8008927852633245e-05,0,1,1,0,1,1,0,1,2848
2012371701,白坨坨爱catcat,0.193462,0,0,0.0,4.8008927852633245e-05,0,1,1,0,1,1,0,1,2848
7001132329,盼儿CR,0.193462,0,0,0.0,4.8008927852633245e-05,0,1,1,0,1,1,0,1,2848
7492946383,布丁心媛,0.193462,0,0,0.0,4.8008927852633245e-05,0,1,1,0,1,1,0,1,2848
1079442750,撒哈拉的sun,0.193462,0,0,0.0,4.8008927852633245e-05,0,1,1,0,1,1,0,1,2848
6019443304,卡莱茵黄昏之星,0.193462,0,0,0.0,4.8008927852633245e-05,0,1,1,0,1,1,0,1,2848
7257086274,Oreo_KoKo,0.193462,0,0,0.0,4.8008927852633245e-05,0,1,1,0,1,1,0,1,2848
7375893207,信者得爱21838,0.193462,0,0,0.0,4.8008927852633245e-05,0,1,1,0,1,1,0,1,2848
1773011615,貓耳基德慢,0.193462,0,0,0.0,4.8008927852633245e-05,0,1,1,0,1,1,0,1,2848
5181491799,小尹的小小尹的尹,0.193462,0,0,0.0,4.8008927852633245e-05,0,1,1,0,1,1,0,1,2848
2586278350,宁暻,0.193462,0,0,0.0,4.8008927852633245e-05,0,1,1,0,1,1,0,1,2848
1744830973,love子,0.193462,0,0,0.0,4.8008927852633245e-05,0,1,1,0,1,1,0,1,2848
7842381926,撒哈拉的蜗牛ORZ,0.193462,0,0,0.0,4.8008927852633245e-05,0,1,1,0,1,1,0,1,2848
3396311052,海底潭与蜜柑星,0.193462,0,0,0.0,4.8008927852633245e-05,0,1,1,0,1,1,0,1,2848
4010388662,魔力鸟JM,0.193462,0,0,0.0,4.8008927852633245e-05,0,1,1,0,1,1,0,1,2848
7846057467,瞳儿超困吧,0.193462,0,0,0.0,4.8008927852633245e-05,0,1,1,0,1,1,0,1,2848
7517804299,鸿蒙智慧大脑研究院,0.193462,0,0,0.0,4.8008927852633245e-05,0,1,1,0,1,1,0,1,2848
6886079831,小琪别唱了,0.193462,0,0,0.0,4.8008927852633245e-05,0,1,1,0,1,1,0,1,2848
3030300431,疯狂的晗Zh,0.193462,0,0,0.0,4.8008927852633245e-05,0,1,1,0,1,1,0,1,2848
1908350853,88小时,0.193462,0,0,0.0,4.8008927852633245e-05,0,1,1,0,1,1,0,1,2848
5854104706,心心相悦rain,0.193462,0,0,0.0,4.8008927852633245e-05,0,1,1,0,1,1,0,1,2848
7429624522,晨曦7429624522,0.193462,0,0,0.0,4.8008927852633245e-05,0,1,1,0,1,1,0,1,2848
2406323612,北霂闲人,0.193462,0,0,0.0,4.8008927852633245e-05,0,1,1,0,1,1,0,1,2848
7496181974,卡进猫次元,0.191752,0,0,0.0,4.8008927852633245e-05,0,1,1,0,1,1,0,1,2848
7575201020,快乐的好运蛋,0.191752,0,0,0.0,4.8008927852633245e-05,0,1,1,0,1,1,0,1,2848
5839601203,Alex_0797,0.191752,0,0,0.0,4.8008927852633245e-05,0,1,1,0,1,1,0,1,2848
7642808608,沙漠龙王罗哥,0.191752,0,0,0.0,4.8008927852633245e-05,0,1,1,0,1,1,0,1,2848
7621922449,来颗海盐糖,0.191752,0,0,0.0,4.8008927852633245e-05,0,1,1,0,1,1,0,1,2848
7915373397,底波拉--水,0.191752,0,0,0.0,4.8008927852633245e-05,0,1,1,0,1,1,0,1,2848
7937414418,梦中赐我脸颊,0.191752,0,0,0.0,4.8008927852633245e-05,0,1,1,0,1,1,0,1,2848
6498096705,白茶清欢无别事_我在等风也等你-,0.191752,0,0,0.0,4.8008927852633245e-05,0,1,1,0,1,1,0,1,2848
2252557097,Hala_何塞,0.191752,0,0,0.0,4.8008927852633245e-05,0,1,1,0,1,1,0,1,2848
6463337564,我离都不离你,0.191752,0,0,0.0,4.8008927852633245e-05,0,1,1,0,1,1,0,1,2848
7560055382,爆米花味的炒河粉,0.191752,0,0,0.0,4.8008927852633245e-05,0,1,1,0,1,1,0,1,2848
7659191261,MU-RM战神,0.191752,0,0,0.0,4.8008927852633245e-05,0,1,1,0,1,1,0,1,2848
2616514835,可爱品儿,0.191752,0,0,0.0,4.8008927852633245e-05,0,1,1,0,1,1,0,1,2848
7915381295,用户7915381295,0.191752,0,0,0.0,4.8008927852633245e-05,0,1,1,0,1,1,0,1,2848
7930609215,小小酸梅龙,0.191752,0,0,0.0,4.8008927852633245e-05,0,1,1,0,1,1,0,1,2848
7547932059,一脸懵逼的猪儿,0.191752,0,0,0.0,4.8008927852633245e-05,0,1,1,0,1,1,0,1,2848
6490386317,不爱诠释的文美,0.191752,0,0,0.0,4.8008927852633245e-05,0,1,1,0,1,1,0,1,2848
7551339358,被人疯狂嫉妒是我的毕生目标,0.191752,0,0,0.0,4.8008927852633245e-05,0,1,1,0,1,1,0,1,2848
3126175622,苏灿的靶上没有箭-博达尔多获胜,0.191752,0,0,0.0,4.8008927852633245e-05,0,1,1,0,1,1,0,1,2848
6604114176,一瓢柠檬芝,0.191752,0,0,0.0,4.8008927852633245e-05,0,1,1,0,1,1,0,1,2848
6890984443,在早已终结的梦的末路,0.191752,0,0,0.0,4.8008927852633245e-05,0,1,1,0,1,1,0,1,2848
7415715226,BeloreDore,0.191752,0,0,0.0,4.8008927852633245e-05,0,1,1,0,1,1,0,1,2848
1757730393,万磁喵,0.191752,0,0,0.0,4.8008927852633245e-05,0,1,1,0,1,1,0,1,2848
7397201988,婷婷子的Jale,0.191752,0,0,0.0,4.8008927852633245e-05,0,1,1,0,1,1,0,1,2848
2012029167,微笑多多2011,0.191752,0,0,0.0,4.8008927852633245e-05,0,1,1,0,1,1,0,1,2848
7391809569,miffy同学乱糟糟,0.191752,0,0,0.0,4.8008927852633245e-05,0,1,1,0,1,1,0,1,2848
5654302190,芋泥泡芙烤布蕾,0.191752,0,0,0.0,4.8008927852633245e-05,0,1,1,0,1,1,0,1,2848
1159587683,小渔小蹊,0.191752,0,0,0.0,4.8008927852633245e-05,0,1,1,0,1,1,0,1,2848
6175234890,孤月醉雪,0.191752,0,0,0.0,4.8008927852633245e-05,0,1,1,0,1,1,0,1,2848
8419886976,咪有点猫饼,0.191752,0,0,0.0,4.8008927852633245e-05,0,1,1,0,1,1,0,1,2848
6156240739,一天为谁忙,0.191752,0,0,0.0,4.8008927852633245e-05,0,1,1,0,1,1,0,1,2848
7360146097,绒耳薇薇,0.191752,0,0,0.0,4.8008927852633245e-05,0,1,1,0,1,1,0,1,2848
7172014689,依赖姐姐有什么错,0.191752,0,0,0.0,4.8008927852633245e-05,0,1,1,0,1,1,0,1,2848
7350920887,心菲扬风吹,0.191752,0,0,0.0,4.8008927852633245e-05,0,1,1,0,1,1,0,1,2848
2425334477,简白jianbai,0.191752,0,0,0.0,4.8008927852633245e-05,0,1,1,0,1,1,0,1,2848
2495470277,雨幕风淋,0.191752,0,0,0.0,4.8008927852633245e-05,0,1,1,0,1,1,0,1,2848
7340966285,Mikayla-si,0.191752,0,0,0.0,4.8008927852633245e-05,0,1,1,0,1,1,0,1,2848
1923512540,风卷西沙实不知,0.191752,0,0,0.0,4.8008927852633245e-05,0,1,1,0,1,1,0,1,2848
2435125140,RosannaChoi,0.191752,0,0,0.0,4.8008927852633245e-05,0,1,1,0,1,1,0,1,2848
5568778089,哒哒哒upupupup,0.191752,0,0,0.0,4.8008927852633245e-05,0,1,1,0,1,1,0,1,2848
9099502556,认认真真当一棵树,0.191752,0,0,0.0,4.8008927852633245e-05,0,1,1,0,1,1,0,1,2848
7303946488,洪彤彤的小纸船,0.191752,0,0,0.0,4.8008927852633245e-05,0,1,1,0,1,1,0,1,2848
5576508908,中线投资之王,0.191752,0,0,0.0,4.8008927852633245e-05,0,1,1,0,1,1,0,1,2848
2458255731,一公斤的固执,0.191752,0,0,0.0,4.8008927852633245e-05,0,1,1,0,1,1,0,1,2848
7824255601,哎吆我了个去,0.191752,0,0,0.0,4.8008927852633245e-05,0,1,1,0,1,1,0,1,2848
1939907527,思念在雨中,0.191752,0,0,0.0,4.8008927852633245e-05,0,1,1,0,1,1,0,1,2848
7428374778,评伦罗伯歭,0.191752,0,0,0.0,4.8008927852633245e-05,0,1,1,0,1,1,0,1,2848
7402493747,你一句不记得我泪如雨,0.191752,0,0,0.0,4.8008927852633245e-05,0,1,1,0,1,1,0,1,2848
7854244030,BoangusBlack,0.191752,0,0,0.0,4.8008927852633245e-05,0,1,1,0,1,1,0,1,2848
5662310423,娘口三3三3,0.191752,0,0,0.0,4.8008927852633245e-05,0,1,1,0,1,1,0,1,2848
7701951239,开心天下第壹,0.191752,0,0,0.0,4.8008927852633245e-05,0,1,1,0,1,1,0,1,2848
7487253374,芝支枝,0.191752,0,0,0.0,4.8008927852633245e-05,0,1,1,0,1,1,0,1,2848
7714737214,Lira_33,0.191752,0,0,0.0,4.8008927852633245e-05,0,1,1,0,1,1,0,1,2848
2123003344,西风也解冻,0.191752,0,0,0.0,4.8008927852633245e-05,0,1,1,0,1,1,0,1,2848
6623716262,吞掉面包片,0.191752,0,0,0.0,4.8008927852633245e-05,0,1,1,0,1,1,0,1,2848
5915569287,木子矢口因心,0.191752,0,0,0.0,4.8008927852633245e-05,0,1,1,0,1,1,0,1,2848
7726183833,房东小姐你好,0.191752,0,0,0.0,4.8008927852633245e-05,0,1,1,0,1,1,0,1,2848
3291242315,W猫咪的排骨哪去了J,0.191752,0,0,0.0,4.8008927852633245e-05,0,1,1,0,1,1,0,1,2848
7886591297,404_NotFoundu,0.191752,0,0,0.0,4.8008927852633245e-05,0,1,1,0,1,1,0,1,2848
6326658563,勿忘心安lyi,0.191752,0,0,0.0,4.8008927852633245e-05,0,1,1,0,1,1,0,1,2848
7436489524,不吃金渔_,0.191752,0,0,0.0,4.8008927852633245e-05,0,1,1,0,1,1,0,1,2848
6739225264,烤红薯得快乐,0.191752,0,0,0.0,4.8008927852633245e-05,0,1,1,0,1,1,0,1,2848
7998360675,率真翡翠片拼乐高,0.191752,0,0,0.0,4.8008927852633245e-05,0,1,1,0,1,1,0,1,2848
7280330258,XiaoLiao___,0.191752,0,0,0.0,4.8008927852633245e-05,0,1,1,0,1,1,0,1,2848
3168329522,流泪只是一种排汗,0.191752,0,0,0.0,4.8008927852633245e-05,0,1,1,0,1,1,0,1,2848
6303169891,蒙德里安的花i,0.191752,0,0,0.0,4.8008927852633245e-05,0,1,1,0,1,1,0,1,2848
2566732253,一颗摇头玩玩玩,0.191752,0,0,0.0,4.8008927852633245e-05,0,1,1,0,1,1,0,1,2848
5348951316,我们一起的未来future,0.190164,0,0,0.0,4.8008927852633245e-05,0,1,1,0,1,1,0,1,2848
6414483665,热搜Queen张元英,0.190164,0,0,0.0,4.8008927852633245e-05,0,1,1,0,1,1,0,1,2848
7853488940,Hannyol,0.190164,0,0,0.0,4.8008927852633245e-05,0,1,1,0,1,1,0,1,2848
3980787859,放假刻不容缓,0.190164,0,0,0.0,4.8008927852633245e-05,0,1,1,0,1,1,0,1,2848
1729321410,鸟语白,0.190164,0,0,0.0,4.8008927852633245e-05,0,1,1,0,1,1,0,1,2848
6293602136,Oochun_,0.190164,0,0,0.0,4.8008927852633245e-05,0,1,1,0,1,1,0,1,2848
5911776487,耶耶要戒糖,0.190164,0,0,0.0,4.8008927852633245e-05,0,1,1,0,1,1,0,1,2848
7825501598,米修米修灰兔兔,0.190164,0,0,0.0,4.8008927852633245e-05,0,1,1,0,1,1,0,1,2848
6226325896,糯糯冰淇淋,0.190164,0,0,0.0,4.8008927852633245e-05,0,1,1,0,1,1,0,1,2848
6110450262,勇敢的LOUISA,0.190164,0,0,0.0,4.8008927852633245e-05,0,1,1,0,1,1,0,1,2848
6405574504,呆萌利姆露,0.190164,0,0,0.0,4.8008927852633245e-05,0,1,1,0,1,1,0,1,2848
6216067048,沉青-时光流年,0.190164,0,0,0.0,4.8008927852633245e-05,0,1,1,0,1,1,0,1,2848
7807173762,奶茶请多加芋圆_,0.190164,0,0,0.0,4.8008927852633245e-05,0,1,1,0,1,1,0,1,2848
5887235582,拼命奔跑的小小罗,0.190164,0,0,0.0,4.8008927852633245e-05,0,1,1,0,1,1,0,1,2848
5373599087,沈情smile,0.190164,0,0,0.0,4.8008927852633245e-05,0,1,1,0,1,1,0,1,2848
7847388571,再下一个星期的问候,0.190164,0,0,0.0,4.8008927852633245e-05,0,1,1,0,1,1,0,1,2848
7592894454,Athenavenusss,0.190164,0,0,0.0,4.8008927852633245e-05,0,1,1,0,1,1,0,1,2848
5309940962,不二遥Haruka,0.190164,0,0,0.0,4.8008927852633245e-05,0,1,1,0,1,1,0,1,2848
7750231581,Aaaa小鱼崽崽,0.190164,0,0,0.0,4.8008927852633245e-05,0,1,1,0,1,1,0,1,2848
7882327464,冰栀奶泡,0.190164,0,0,0.0,4.8008927852633245e-05,0,1,1,0,1,1,0,1,2848
7730715967,快乐的树将军,0.190164,0,0,0.0,4.8008927852633245e-05,0,1,1,0,1,1,0,1,2848
6203506040,东风吹影入帘来,0.190164,0,0,0.0,4.8008927852633245e-05,0,1,1,0,1,1,0,1,2848
1615724125,没想法的活人,0.190164,0,0,0.0,4.8008927852633245e-05,0,1,1,0,1,1,0,1,2848
7605213617,啊吧布朗熊_,0.190164,0,0,0.0,4.8008927852633245e-05,0,1,1,0,1,1,0,1,2848
7790816087,乖郁朋妹,0.190164,0,0,0.0,4.8008927852633245e-05,0,1,1,0,1,1,0,1,2848
7793450004,Lasu柚子皮,0.190164,0,0,0.0,4.8008927852633245e-05,0,1,1,0,1,1,0,1,2848
6094748382,捕风瓶Bfp,0.190164,0,0,0.0,4.8008927852633245e-05,0,1,1,0,1,1,0,1,2848
8004116279,打狗dg,0.190164,0,0,0.0,4.8008927852633245e-05,0,1,1,0,1,1,0,1,2848
6898195019,叽里咕噜米团,0.190164,0,0,0.0,4.8008927852633245e-05,0,1,1,0,1,1,0,1,2848
1843239054,青青翠草心,0.190164,0,0,0.0,4.8008927852633245e-05,0,1,1,0,1,1,0,1,2848
7331699774,咩表示肯定要说siii,0.190164,0,0,0.0,4.8008927852633245e-05,0,1,1,0,1,1,0,1,2848
7939240955,什么饺子馅儿,0.190164,0,0,0.0,4.8008927852633245e-05,0,1,1,0,1,1,0,1,2848
6960351193,终成陌路·,0.190164,0,0,0.0,4.8008927852633245e-05,0,1,1,0,1,1,0,1,2848
5540607334,来米之家,0.190164,0,0,0.0,4.8008927852633245e-05,0,1,1,0,1,1,0,1,2848
6927285178,爱茜总的rose,0.190164,0,0,0.0,4.8008927852633245e-05,0,1,1,0,1,1,0,1,2848
5817667427,嗑点葵花籽,0.190164,0,0,0.0,4.8008927852633245e-05,0,1,1,0,1,1,0,1,2848
5635802475,叶锦川,0.190164,0,0,0.0,4.8008927852633245e-05,0,1,1,0,1,1,0,1,2848
7932749382,蓬蓬碰运气,0.190164,0,0,0.0,4.8008927852633245e-05,0,1,1,0,1,1,0,1,2848
7261514048,东ksby,0.190164,0,0,0.0,4.8008927852633245e-05,0,1,1,0,1,1,0,1,2848
2052345502,不吃了以后不吃了,0.190164,0,0,0.0,4.8008927852633245e-05,0,1,1,0,1,1,0,1,2848
7541247263,Palpitate_TME,0.190164,0,0,0.0,4.8008927852633245e-05,0,1,1,0,1,1,0,1,2848
1367884197,连秋月0216,0.190164,0,0,0.0,4.8008927852633245e-05,0,1,1,0,1,1,0,1,2848
2124369041,雪梨冬瓜汤,0.190164,0,0,0.0,4.8008927852633245e-05,0,1,1,0,1,1,0,1,2848
6966606731,MadridR7,0.190164,0,0,0.0,4.8008927852633245e-05,0,1,1,0,1,1,0,1,2848
6666495820,Haneeyi,0.190164,0,0,0.0,4.8008927852633245e-05,0,1,1,0,1,1,0,1,2848
7964611847,zmy0803,0.190164,0,0,0.0,4.8008927852633245e-05,0,1,1,0,1,1,0,1,2848
2106690497,春风过牛耳,0.190164,0,0,0.0,4.8008927852633245e-05,0,1,1,0,1,1,0,1,2848
6577430644,A佳慧呦,0.190164,0,0,0.0,4.8008927852633245e-05,0,1,1,0,1,1,0,1,2848
1941013222,脆脆胡萝卜,0.190164,0,0,0.0,4.8008927852633245e-05,0,1,1,0,1,1,0,1,2848
5181838103,乱七八糟什么gui,0.188681,0,0,0.0,4.8008927852633245e-05,0,1,1,0,1,1,0,1,2848
5627055948,NeKoL_蔚蓝,0.188681,0,0,0.0,4.8008927852633245e-05,0,1,1,0,1,1,0,1,2848
1963189641,近语麻麻,0.188681,0,0,0.0,4.8008927852633245e-05,0,1,1,0,1,1,0,1,2848
7767385685,-是流星-,0.188681,0,0,0.0,4.8008927852633245e-05,0,1,1,0,1,1,0,1,2848
5168295981,痛吻笙歌,0.188681,0,0,0.0,4.8008927852633245e-05,0,1,1,0,1,1,0,1,2848
1868011571,柚柚柚子超好吃_,0.188681,0,0,0.0,4.8008927852633245e-05,0,1,1,0,1,1,0,1,2848
7717099613,淳颐_,0.188681,0,0,0.0,4.8008927852633245e-05,0,1,1,0,1,1,0,1,2848
7720465494,J村上春树,0.188681,0,0,0.0,4.8008927852633245e-05,0,1,1,0,1,1,0,1,2848
1428630687,莫莫的啊,0.188681,0,0,0.0,4.8008927852633245e-05,0,1,1,0,1,1,0,1,2848
6915113262,一见倾新Y,0.188681,0,0,0.0,4.8008927852633245e-05,0,1,1,0,1,1,0,1,2848
5508446127,ADaubster,0.188681,0,0,0.0,4.8008927852633245e-05,0,1,1,0,1,1,0,1,2848
5979153359,一位公主大小姐,0.188681,0,0,0.0,4.8008927852633245e-05,0,1,1,0,1,1,0,1,2848
6436432521,俊俊今天能吃辣了吗,0.188681,0,0,0.0,4.8008927852633245e-05,0,1,1,0,1,1,0,1,2848
7804957617,用户857wb4ljmx4yx,0.188681,0,0,0.0,4.8008927852633245e-05,0,1,1,0,1,1,0,1,2848
3506784664,没人感谢我罗辑,0.188681,0,0,0.0,4.8008927852633245e-05,0,1,1,0,1,1,0,1,2848
2281876423,清秋·廿陆,0.188681,0,0,0.0,4.8008927852633245e-05,0,1,1,0,1,1,0,1,2848
2138022740,阿浓--,0.188681,0,0,0.0,4.8008927852633245e-05,0,1,1,0,1,1,0,1,2848
3230571112,螺粉无母,0.188681,0,0,0.0,4.8008927852633245e-05,0,1,1,0,1,1,0,1,2848
5672816163,橘子画报,0.188681,0,0,0.0,4.8008927852633245e-05,0,1,1,0,1,1,0,1,2848
5345933644,她说晒黑的更健康,0.188681,0,0,0.0,4.8008927852633245e-05,0,1,1,0,1,1,0,1,2848
7630032876,茄汁猫狗,0.188681,0,0,0.0,4.8008927852633245e-05,0,1,1,0,1,1,0,1,2848
8451024598,雲迟TvT,0.188681,0,0,0.0,4.8008927852633245e-05,0,1,1,0,1,1,0,1,2848
5203707642,杏杏派,0.188681,0,0,0.0,4.8008927852633245e-05,0,1,1,0,1,1,0,1,2848
7345634569,小太阳就是这么美,0.188681,0,0,0.0,4.8008927852633245e-05,0,1,1,0,1,1,0,1,2848
2446831020,你们把名字都取了让我叫什么,0.188681,0,0,0.0,4.8008927852633245e-05,0,1,1,0,1,1,0,1,2848
3743780822,山寨在黄家花园,0.188681,0,0,0.0,4.8008927852633245e-05,0,1,1,0,1,1,0,1,2848
6979851760,Pedlv,0.188681,0,0,0.0,4.8008927852633245e-05,0,1,1,0,1,1,0,1,2848
6146790366,卷卷小彦,0.188681,0,0,0.0,4.8008927852633245e-05,0,1,1,0,1,1,0,1,2848
1891453755,_冷酸灵智取王世昌_,0.188681,0,0,0.0,4.8008927852633245e-05,0,1,1,0,1,1,0,1,2848
7928787146,风中的风19,0.188681,0,0,0.0,4.8008927852633245e-05,0,1,1,0,1,1,0,1,2848
7550533560,赵赵的赵zoz,0.188681,0,0,0.0,4.8008927852633245e-05,0,1,1,0,1,1,0,1,2848
6991873630,ALLPERFORM,0.188681,0,0,0.0,4.8008927852633245e-05,0,1,1,0,1,1,0,1,2848
6186387394,阿漓牌红番茄,0.188681,0,0,0.0,4.8008927852633245e-05,0,1,1,0,1,1,0,1,2848
7411473681,500毫升温水睡过头,0.188681,0,0,0.0,4.8008927852633245e-05,0,1,1,0,1,1,0,1,2848
5635660662,glodddddd,0.188681,0,0,0.0,4.8008927852633245e-05,0,1,1,0,1,1,0,1,2848
7278172326,奶盐奶源,0.188681,0,0,0.0,4.8008927852633245e-05,0,1,1,0,1,1,0,1,2848
5587461003,冷雨不想写作业,0.188681,0,0,0.0,4.8008927852633245e-05,0,1,1,0,1,1,0,1,2848
7816637580,魷魚不煎蛋,0.188681,0,0,0.0,4.8008927852633245e-05,0,1,1,0,1,1,0,1,2848
4053691655,美職聯賽有梅西,0.188681,0,0,0.0,4.8008927852633245e-05,0,1,1,0,1,1,0,1,2848
1686096563,澎和诺,0.188681,0,0,0.0,4.8008927852633245e-05,0,1,1,0,1,1,0,1,2848
2870372034,琳心月zzz,0.188681,0,0,0.0,4.8008927852633245e-05,0,1,1,0,1,1,0,1,2848
7185765833,每天烬步一瑞咪,0.188681,0,0,0.0,4.8008927852633245e-05,0,1,1,0,1,1,0,1,2848
7299299119,行有行规,0.188681,0,0,0.0,4.8008927852633245e-05,0,1,1,0,1,1,0,1,2848
7724580488,夏天都怪风太温柔,0.188681,0,0,0.0,4.8008927852633245e-05,0,1,1,0,1,1,0,1,2848
6457397933,唉兔又萌混过关,0.188681,0,0,0.0,4.8008927852633245e-05,0,1,1,0,1,1,0,1,2848
1400667804,江左步军,0.188681,0,0,0.0,4.8008927852633245e-05,0,1,1,0,1,1,0,1,2848
6313755319,朝露多一点幸福,0.188681,0,0,0.0,4.8008927852633245e-05,0,1,1,0,1,1,0,1,2848
5888366667,足坛第一可爱小小罗,0.188681,0,0,0.0,4.8008927852633245e-05,0,1,1,0,1,1,0,1,2848
7483190608,FeiFan霏凡丨王霏霏,0.187291,0,0,0.0,4.8008927852633245e-05,0,1,1,0,1,1,0,1,2848
7455890777,就叫围着你_,0.187291,0,0,0.0,4.8008927852633245e-05,0,1,1,0,1,1,0,1,2848
7872974655,笨猪202102,0.187291,0,0,0.0,4.8008927852633245e-05,0,1,1,0,1,1,0,1,2848
6058433126,BetterAt25,0.187291,0,0,0.0,4.8008927852633245e-05,0,1,1,0,1,1,0,1,2848
7721400511,ofeiDAZUAN,0.187291,0,0,0.0,4.8008927852633245e-05,0,1,1,0,1,1,0,1,2848
6807262165,井春予雨,0.187291,0,0,0.0,4.8008927852633245e-05,0,1,1,0,1,1,0,1,2848
1114182737,Cuccitinigo带,0.187291,0,0,0.0,4.8008927852633245e-05,0,1,1,0,1,1,0,1,2848
1777652265,狐狸城堡小太阳,0.187291,0,0,0.0,4.8008927852633245e-05,0,1,1,0,1,1,0,1,2848
1966296207,葉子先生酱,0.187291,0,0,0.0,4.8008927852633245e-05,0,1,1,0,1,1,0,1,2848
2422927235,我的清淡里,0.187291,0,0,0.0,4.8008927852633245e-05,0,1,1,0,1,1,0,1,2848
5695662845,谪仙岛岛,0.187291,0,0,0.0,4.8008927852633245e-05,0,1,1,0,1,1,0,1,2848
5899793873,陈天就爱喝美式多一点-_-,0.187291,0,0,0.0,4.8008927852633245e-05,0,1,1,0,1,1,0,1,2848
8007250332,Hiaksia,0.187291,0,0,0.0,4.8008927852633245e-05,0,1,1,0,1,1,0,1,2848
2538944930,腐喵的喵喵喵,0.187291,0,0,0.0,4.8008927852633245e-05,0,1,1,0,1,1,0,1,2848
1752419970,能猫学姐,0.187291,0,0,0.0,4.8008927852633245e-05,0,1,1,0,1,1,0,1,2848
7926300711,_yieven,0.187291,0,0,0.0,4.8008927852633245e-05,0,1,1,0,1,1,0,1,2848
4012576506,啤酒配风油精,0.187291,0,0,0.0,4.8008927852633245e-05,0,1,1,0,1,1,0,1,2848
7411414081,park青宜,0.187291,0,0,0.0,4.8008927852633245e-05,0,1,1,0,1,1,0,1,2848
6090527688,神一样的沐子,0.187291,0,0,0.0,4.8008927852633245e-05,0,1,1,0,1,1,0,1,2848
8233626356,万事都灵0v0,0.187291,0,0,0.0,4.8008927852633245e-05,0,1,1,0,1,1,0,1,2848
2838496032,大饼不上班,0.187291,0,0,0.0,4.8008927852633245e-05,0,1,1,0,1,1,0,1,2848
5998318099,我已置身於雨夜中,0.187291,0,0,0.0,4.8008927852633245e-05,0,1,1,0,1,1,0,1,2848
1491464164,幸福如猫起舞,0.187291,0,0,0.0,4.8008927852633245e-05,0,1,1,0,1,1,0,1,2848
7527843624,初恋是Ronnie啊,0.187291,0,0,0.0,4.8008927852633245e-05,0,1,1,0,1,1,0,1,2848
5370275584,cool_guy123,0.187291,0,0,0.0,4.8008927852633245e-05,0,1,1,0,1,1,0,1,2848
5510438425,Sunshine锦萱,0.187291,0,0,0.0,4.8008927852633245e-05,0,1,1,0,1,1,0,1,2848
2387690287,云舒_归去来兮,0.187291,0,0,0.0,4.8008927852633245e-05,0,1,1,0,1,1,0,1,2848
6277685000,Lumina_12,0.187291,0,0,0.0,4.8008927852633245e-05,0,1,1,0,1,1,0,1,2848
7217985577,璇转橘皮,0.187291,0,0,0.0,4.8008927852633245e-05,0,1,1,0,1,1,0,1,2848
5881066978,苗原Mark,0.187291,0,0,0.0,4.8008927852633245e-05,0,1,1,0,1,1,0,1,2848
6294239826,陈我轻尘,0.187291,0,0,0.0,4.8008927852633245e-05,0,1,1,0,1,1,0,1,2848
7948030979,又红温又砖,0.187291,0,0,0.0,4.8008927852633245e-05,0,1,1,0,1,1,0,1,2848
6034458929,左耳CYB,0.187291,0,0,0.0,4.8008927852633245e-05,0,1,1,0,1,1,0,1,2848
6572784019,鹿爱自由与美,0.187291,0,0,0.0,4.8008927852633245e-05,0,1,1,0,1,1,0,1,2848
5333217212,SomeBody_AD,0.187291,0,0,0.0,4.8008927852633245e-05,0,1,1,0,1,1,0,1,2848
7783499664,火猫三藏QAQ,0.187291,0,0,0.0,4.8008927852633245e-05,0,1,1,0,1,1,0,1,2848
1224397412,米胭脂,0.185984,0,0,0.0,4.8008927852633245e-05,0,1,1,0,1,1,0,1,2848
5636340038,猴子复活赛啥时打,0.185984,0,0,0.0,4.8008927852633245e-05,0,1,1,0,1,1,0,1,2848
1265389501,茶叶面包2009_fhy,0.185984,0,0,0.0,4.8008927852633245e-05,0,1,1,0,1,1,0,1,2848
7866218490,夜很黑妳看丶,0.185984,0,0,0.0,4.8008927852633245e-05,0,1,1,0,1,1,0,1,2848
3320792231,_黑玉米_,0.185984,0,0,0.0,4.8008927852633245e-05,0,1,1,0,1,1,0,1,2848
6276709484,经验加10086,0.185984,0,0,0.0,4.8008927852633245e-05,0,1,1,0,1,1,0,1,2848
1273590234,环球旅游攻略咖,0.185984,0,0,0.0,4.8008927852633245e-05,0,1,1,0,1,1,0,1,2848
2039509934,冷cool无情yuki酱,0.185984,0,0,0.0,4.8008927852633245e-05,0,1,1,0,1,1,0,1,2848
5648291201,钾肥老猫,0.185984,0,0,0.0,4.8008927852633245e-05,0,1,1,0,1,1,0,1,2848
2382554801,此夜不长,0.185984,0,0,0.0,4.8008927852633245e-05,0,1,1,0,1,1,0,1,2848
7107032825,我要养一只恐龙,0.185984,0,0,0.0,4.8008927852633245e-05,0,1,1,0,1,1,0,1,2848
7767667462,Aguamenti-白日沦西河,0.185984,0,0,0.0,4.8008927852633245e-05,0,1,1,0,1,1,0,1,2848
6990305140,爱吃爽脆莴笋的黄老板,0.185984,0,0,0.0,4.8008927852633245e-05,0,1,1,0,1,1,0,1,2848
2680664063,阿娟娟0326,0.185984,0,0,0.0,4.8008927852633245e-05,0,1,1,0,1,1,0,1,2848
7641917051,椰汁漫野-,0.185984,0,0,0.0,4.8008927852633245e-05,0,1,1,0,1,1,0,1,2848
7499839162,乐多多女孩没烦恼,0.185984,0,0,0.0,4.8008927852633245e-05,0,1,1,0,1,1,0,1,2848
5817169320,许时京,0.185984,0,0,0.0,4.8008927852633245e-05,0,1,1,0,1,1,0,1,2848
6612394647,糖三三l,0.185984,0,0,0.0,4.8008927852633245e-05,0,1,1,0,1,1,0,1,2848
7337866894,伟大的无限换防大师雷迪克,0.185984,0,0,0.0,4.8008927852633245e-05,0,1,1,0,1,1,0,1,2848
7965854567,R1-Rafayel,0.185984,0,0,0.0,4.8008927852633245e-05,0,1,1,0,1,1,0,1,2848
3270271044,djdl-笑口常开,0.185984,0,0,0.0,4.8008927852633245e-05,0,1,1,0,1,1,0,1,2848
2178709242,feel_wang,0.185984,0,0,0.0,4.8008927852633245e-05,0,1,1,0,1,1,0,1,2848
5189479929,一直YOLO,0.185984,0,0,0.0,4.8008927852633245e-05,0,1,1,0,1,1,0,1,2848
6380309035,寄给冬天给你,0.185984,0,0,0.0,4.8008927852633245e-05,0,1,1,0,1,1,0,1,2848
7637017967,只爱芷诺宝贝,0.185984,0,0,0.0,4.8008927852633245e-05,0,1,1,0,1,1,0,1,2848
7676807903,Camellyoloiaa,0.185984,0,0,0.0,4.8008927852633245e-05,0,1,1,0,1,1,0,1,2848
2630206251,大饼子_errr,0.185984,0,0,0.0,4.8008927852633245e-05,0,1,1,0,1,1,0,1,2848
7597265339,iuy生椰拿铁,0.185984,0,0,0.0,4.8008927852633245e-05,0,1,1,0,1,1,0,1,2848
1728543651,楼-该相逢的人会再相逢,0.185984,0,0,0.0,4.8008927852633245e-05,0,1,1,0,1,1,0,1,2848
5040702834,哈喽哈哈哈呀,0.185984,0,0,0.0,4.8008927852633245e-05,0,1,1,0,1,1,0,1,2848
3735427345,晨曦423452,0.185984,0,0,0.0,4.8008927852633245e-05,0,1,1,0,1,1,0,1,2848
2207438823,幼而圆,0.185984,0,0,0.0,4.8008927852633245e-05,0,1,1,0,1,1,0,1,2848
7358140854,看日月前世吃天理大钉钉,0.185984,0,0,0.0,4.8008927852633245e-05,0,1,1,0,1,1,0,1,2848
7826806862,别揪我兔耳0831,0.184749,0,0,0.0,4.8008927852633245e-05,0,1,1,0,1,1,0,1,2848
2778177631,人人吃瓜季节,0.184749,0,0,0.0,4.8008927852633245e-05,0,1,1,0,1,1,0,1,2848
3965875532,JOHNISMAN,0.184749,0,0,0.0,4.8008927852633245e-05,0,1,1,0,1,1,0,1,2848
7058928949,用户7058928949,0.184749,0,0,0.0,4.8008927852633245e-05,0,1,1,0,1,1,0,1,2848
1768036933,如果有一天豆豆变成扣扣,0.184749,0,0,0.0,4.8008927852633245e-05,0,1,1,0,1,1,0,1,2848
6447802185,心芝所向兮,0.184749,0,0,0.0,4.8008927852633245e-05,0,1,1,0,1,1,0,1,2848
1307484530,花脸猫cos路人饭饭,0.184749,0,0,0.0,4.8008927852633245e-05,0,1,1,0,1,1,0,1,2848
1926504564,天堂鸟hg,0.184749,0,0,0.0,4.8008927852633245e-05,0,1,1,0,1,1,0,1,2848
5802016175,DammiUnaSigaretta,0.184749,0,0,0.0,4.8008927852633245e-05,0,1,1,0,1,1,0,1,2848
1596126327,努力17蕾玖,0.184749,0,0,0.0,4.8008927852633245e-05,0,1,1,0,1,1,0,1,2848
5290077821,pp_西晕熏,0.184749,0,0,0.0,4.8008927852633245e-05,0,1,1,0,1,1,0,1,2848
6484237577,獬大蜗牛,0.184749,0,0,0.0,4.8008927852633245e-05,0,1,1,0,1,1,0,1,2848
5578434647,迷一样的azl,0.184749,0,0,0.0,4.8008927852633245e-05,0,1,1,0,1,1,0,1,2848
6008980086,颓废中的T,0.184749,0,0,0.0,4.8008927852633245e-05,0,1,1,0,1,1,0,1,2848
6493599725,CHilLliiiL,0.184749,0,0,0.0,4.8008927852633245e-05,0,1,1,0,1,1,0,1,2848
7309334237,冰冻热带渝,0.184749,0,0,0.0,4.8008927852633245e-05,0,1,1,0,1,1,0,1,2848
6023319559,踢球很烂的小球迷201609,0.184749,0,0,0.0,4.8008927852633245e-05,0,1,1,0,1,1,0,1,2848
2668466183,Xuan_璇x,0.184749,0,0,0.0,4.8008927852633245e-05,0,1,1,0,1,1,0,1,2848
3082343995,煎饼果子多刷酱233,0.184749,0,0,0.0,4.8008927852633245e-05,0,1,1,0,1,1,0,1,2848
7796705641,布劳瑙的美术生,0.184749,0,0,0.0,4.8008927852633245e-05,0,1,1,0,1,1,0,1,2848
3089241893,温暖五十七,0.184749,0,0,0.0,4.8008927852633245e-05,0,1,1,0,1,1,0,1,2848
7876468820,Im-sasa,0.184749,0,0,0.0,4.8008927852633245e-05,0,1,1,0,1,1,0,1,2848
2588284800,旮旯的旮旯,0.184749,0,0,0.0,4.8008927852633245e-05,0,1,1,0,1,1,0,1,2848
7737391119,happy开心串串香,0.184749,0,0,0.0,4.8008927852633245e-05,0,1,1,0,1,1,0,1,2848
7995635576,我一定可以学会的,0.184749,0,0,0.0,4.8008927852633245e-05,0,1,1,0,1,1,0,1,2848
6045628829,Alicelmdx,0.184749,0,0,0.0,4.8008927852633245e-05,0,1,1,0,1,1,0,1,2848
6498488519,贵妃好梦,0.184749,0,0,0.0,4.8008927852633245e-05,0,1,1,0,1,1,0,1,2848
7689789831,永远不是复制粘贴_,0.184749,0,0,0.0,4.8008927852633245e-05,0,1,1,0,1,1,0,1,2848
2729492305,我真是很紧张,0.184749,0,0,0.0,4.8008927852633245e-05,0,1,1,0,1,1,0,1,2848
6296595060,jay的小泽,0.184749,0,0,0.0,4.8008927852633245e-05,0,1,1,0,1,1,0,1,2848
6183449684,振素吧,0.184749,0,0,0.0,4.8008927852633245e-05,0,1,1,0,1,1,0,1,2848
2296824232,Freya__qin,0.184749,0,0,0.0,4.8008927852633245e-05,0,1,1,0,1,1,0,1,2848
3194863717,Phoebeaj,0.184749,0,0,0.0,4.8008927852633245e-05,0,1,1,0,1,1,0,1,2848
3187665272,佛系宝宝Y,0.184749,0,0,0.0,4.8008927852633245e-05,0,1,1,0,1,1,0,1,2848
2539581455,杰哥哥94,0.183579,0,0,0.0,4.8008927852633245e-05,0,1,1,0,1,1,0,1,2848
5165396337,用户5165396337,0.183579,0,0,0.0,4.8008927852633245e-05,0,1,1,0,1,1,0,1,2848
1136385381,Jelling萌,0.183579,0,0,0.0,4.8008927852633245e-05,0,1,1,0,1,1,0,1,2848
7284042601,瓶瓶子03,0.183579,0,0,0.0,4.8008927852633245e-05,0,1,1,0,1,1,0,1,2848
6065305919,口菇口口菇,0.183579,0,0,0.0,4.8008927852633245e-05,0,1,1,0,1,1,0,1,2848
1713156365,猪扒包117,0.183579,0,0,0.0,4.8008927852633245e-05,0,1,1,0,1,1,0,1,2848
1935780510,东南有隅,0.183579,0,0,0.0,4.8008927852633245e-05,0,1,1,0,1,1,0,1,2848
7795079347,青青草原懒大王w,0.183579,0,0,0.0,4.8008927852633245e-05,0,1,1,0,1,1,0,1,2848
1925124973,水月Kid,0.183579,0,0,0.0,4.8008927852633245e-05,0,1,1,0,1,1,0,1,2848
7271506780,ZephyrLin_0311,0.183579,0,0,0.0,4.8008927852633245e-05,0,1,1,0,1,1,0,1,2848
7304349878,了不起的小野兽,0.183579,0,0,0.0,4.8008927852633245e-05,0,1,1,0,1,1,0,1,2848
7810066172,橘悠QAQ,0.183579,0,0,0.0,4.8008927852633245e-05,0,1,1,0,1,1,0,1,2848
3517908584,挖宝可可里,0.183579,0,0,0.0,4.8008927852633245e-05,0,1,1,0,1,1,0,1,2848
7915842643,91朱先生全球92帅,0.183579,0,0,0.0,4.8008927852633245e-05,0,1,1,0,1,1,0,1,2848
7741165443,不能没有章鱼烧_,0.183579,0,0,0.0,4.8008927852633245e-05,0,1,1,0,1,1,0,1,2848
6982878899,好笨啦,0.183579,0,0,0.0,4.8008927852633245e-05,0,1,1,0,1,1,0,1,2848
7745490704,草蓝乳酪小蛋糕,0.183579,0,0,0.0,4.8008927852633245e-05,0,1,1,0,1,1,0,1,2848
7915093325,养了一只猫和兔,0.183579,0,0,0.0,4.8008927852633245e-05,0,1,1,0,1,1,0,1,2848
1580736222,摄影师--山川,0.183579,0,0,0.0,4.8008927852633245e-05,0,1,1,0,1,1,0,1,2848
7602090486,Manzana_421,0.183579,0,0,0.0,4.8008927852633245e-05,0,1,1,0,1,1,0,1,2848
1588019775,prince-mj,0.183579,0,0,0.0,4.8008927852633245e-05,0,1,1,0,1,1,0,1,2848
5270244136,smile阳光爱,0.183579,0,0,0.0,4.8008927852633245e-05,0,1,1,0,1,1,0,1,2848
5833155053,念念向远,0.183579,0,0,0.0,4.8008927852633245e-05,0,1,1,0,1,1,0,1,2848
2628602713,双子binger,0.183579,0,0,0.0,4.8008927852633245e-05,0,1,1,0,1,1,0,1,2848
5866117746,六夜M一夜喵,0.183579,0,0,0.0,4.8008927852633245e-05,0,1,1,0,1,1,0,1,2848
1846119637,大蜜桃桃,0.183579,0,0,0.0,4.8008927852633245e-05,0,1,1,0,1,1,0,1,2848
2887477154,等到了我的她,0.183579,0,0,0.0,4.8008927852633245e-05,0,1,1,0,1,1,0,1,2848
3276247902,steven-koko,0.183579,0,0,0.0,4.8008927852633245e-05,0,1,1,0,1,1,0,1,2848
2657931011,遇见太阳的star,0.183579,0,0,0.0,4.8008927852633245e-05,0,1,1,0,1,1,0,1,2848
7960211604,林安愉,0.183579,0,0,0.0,4.8008927852633245e-05,0,1,1,0,1,1,0,1,2848
7773908510,失语症漫记,0.183579,0,0,0.0,4.8008927852633245e-05,0,1,1,0,1,1,0,1,2848
1569465592,等下一个晴天day,0.183579,0,0,0.0,4.8008927852633245e-05,0,1,1,0,1,1,0,1,2848
7434755124,Itherich,0.183579,0,0,0.0,4.8008927852633245e-05,0,1,1,0,1,1,0,1,2848
3224220842,寨儿令,0.183579,0,0,0.0,4.8008927852633245e-05,0,1,1,0,1,1,0,1,2848
7435063227,Hope是我啊,0.183579,0,0,0.0,4.8008927852633245e-05,0,1,1,0,1,1,0,1,2848
7345289195,乃糕贝果,0.182468,0,0,0.0,4.8008927852633245e-05,0,1,1,0,1,1,0,1,2848
2191030060,Whatif99,0.182468,0,0,0.0,4.8008927852633245e-05,0,1,1,0,1,1,0,1,2848
7814377206,碎西红柿,0.182468,0,0,0.0,4.8008927852633245e-05,0,1,1,0,1,1,0,1,2848
7724532733,给小杨写情书,0.182468,0,0,0.0,4.8008927852633245e-05,0,1,1,0,1,1,0,1,2848
5555204906,初延龙,0.182468,0,0,0.0,4.8008927852633245e-05,0,1,1,0,1,1,0,1,2848
1796941592,Micky_小草莓,0.182468,0,0,0.0,4.8008927852633245e-05,0,1,1,0,1,1,0,1,2848
2044075367,cerlinla,0.182468,0,0,0.0,4.8008927852633245e-05,0,1,1,0,1,1,0,1,2848
7312677265,懒大王爱吃青草蛋糕oTuTo,0.182468,0,0,0.0,4.8008927852633245e-05,0,1,1,0,1,1,0,1,2848
7483477615,用户7483477615,0.182468,0,0,0.0,4.8008927852633245e-05,0,1,1,0,1,1,0,1,2848
5689394728,我的傀儡68,0.182468,0,0,0.0,4.8008927852633245e-05,0,1,1,0,1,1,0,1,2848
5691923498,哈喽睿乐坏2,0.182468,0,0,0.0,4.8008927852633245e-05,0,1,1,0,1,1,0,1,2848
8319102561,甜菜259695,0.182468,0,0,0.0,4.8008927852633245e-05,0,1,1,0,1,1,0,1,2848
1962937910,饼干_cccccccccc,0.182468,0,0,0.0,4.8008927852633245e-05,0,1,1,0,1,1,0,1,2848
6408628409,yukisuenoviajera,0.182468,0,0,0.0,4.8008927852633245e-05,0,1,1,0,1,1,0,1,2848
5346401119,momo醉流年,0.182468,0,0,0.0,4.8008927852633245e-05,0,1,1,0,1,1,0,1,2848
3060536095,弁袭君的拖鞋w-酒池剑泉售票处,0.182468,0,0,0.0,4.8008927852633245e-05,0,1,1,0,1,1,0,1,2848
6786220966,-梨莓柿吧-,0.182468,0,0,0.0,4.8008927852633245e-05,0,1,1,0,1,1,0,1,2848
6250516046,勇敢水豚向前冲,0.182468,0,0,0.0,4.8008927852633245e-05,0,1,1,0,1,1,0,1,2848
1760266180,WorldPeak记录者,0.182468,0,0,0.0,4.8008927852633245e-05,0,1,1,0,1,1,0,1,2848
6488790498,芭乐汁饮鹅汁,0.182468,0,0,0.0,4.8008927852633245e-05,0,1,1,0,1,1,0,1,2848
7284126993,赤甲·火龍,0.182468,0,0,0.0,4.8008927852633245e-05,0,1,1,0,1,1,0,1,2848
6300132860,智旼--YBW,0.182468,0,0,0.0,4.8008927852633245e-05,0,1,1,0,1,1,0,1,2848
5299247507,鹤望黄,0.182468,0,0,0.0,4.8008927852633245e-05,0,1,1,0,1,1,0,1,2848
5261117446,回村种地不上网每天24h掉线中88,0.182468,0,0,0.0,4.8008927852633245e-05,0,1,1,0,1,1,0,1,2848
3697808905,雜食屋,0.182468,0,0,0.0,4.8008927852633245e-05,0,1,1,0,1,1,0,1,2848
2526563811,郑小秌,0.182468,0,0,0.0,4.8008927852633245e-05,0,1,1,0,1,1,0,1,2848
7908794522,月岛萤之光,0.182468,0,0,0.0,4.8008927852633245e-05,0,1,1,0,1,1,0,1,2848
2875862284,鹿儿鹿鹿,0.182468,0,0,0.0,4.8008927852633245e-05,0,1,1,0,1,1,0,1,2848
5110800687,诚澈-,0.181409,0,0,0.0,4.8008927852633245e-05,0,1,1,0,1,1,0,1,2848
7767545174,本本小晴,0.181409,0,0,0.0,4.8008927852633245e-05,0,1,1,0,1,1,0,1,2848
7772234669,飞飞飞飞飞啊啊啊啊啊,0.181409,0,0,0.0,4.8008927852633245e-05,0,1,1,0,1,1,0,1,2848
7932264578,车机智能王,0.181409,0,0,0.0,4.8008927852633245e-05,0,1,1,0,1,1,0,1,2848
7915013151,鹈鹕镇冰钓比赛永远的queen,0.181409,0,0,0.0,4.8008927852633245e-05,0,1,1,0,1,1,0,1,2848
3256979595,三鲤鱼汤licha,0.181409,0,0,0.0,4.8008927852633245e-05,0,1,1,0,1,1,0,1,2848
2280966885,美丽咸咸的招牌菜_,0.181409,0,0,0.0,4.8008927852633245e-05,0,1,1,0,1,1,0,1,2848
5710030423,我是岛岛__,0.181409,0,0,0.0,4.8008927852633245e-05,0,1,1,0,1,1,0,1,2848
6838053383,低卡小明仔,0.181409,0,0,0.0,4.8008927852633245e-05,0,1,1,0,1,1,0,1,2848
7207742336,Evedesu,0.181409,0,0,0.0,4.8008927852633245e-05,0,1,1,0,1,1,0,1,2848
7727940188,Butterfly2324,0.181409,0,0,0.0,4.8008927852633245e-05,0,1,1,0,1,1,0,1,2848
6166627165,璐芭比芭比芭比,0.181409,0,0,0.0,4.8008927852633245e-05,0,1,1,0,1,1,0,1,2848
5171954592,慢一拍的洪涛,0.181409,0,0,0.0,4.8008927852633245e-05,0,1,1,0,1,1,0,1,2848
1771726321,紫倾91-芝芝大王女工1115号,0.181409,0,0,0.0,4.8008927852633245e-05,0,1,1,0,1,1,0,1,2848
8435641726,在厨房做手工的月亮,0.181409,0,0,0.0,4.8008927852633245e-05,0,1,1,0,1,1,0,1,2848
2526590643,柴柴89888,0.181409,0,0,0.0,4.8008927852633245e-05,0,1,1,0,1,1,0,1,2848
1269335542,Oo鱼儿乖乖oO,0.181409,0,0,0.0,4.8008927852633245e-05,0,1,1,0,1,1,0,1,2848
6314571178,牛熊佩股市多雷,0.181409,0,0,0.0,4.8008927852633245e-05,0,1,1,0,1,1,0,1,2848
7461936114,小猫泡芙_Milouos,0.181409,0,0,0.0,4.8008927852633245e-05,0,1,1,0,1,1,0,1,2848
2954325032,咸橙多,0.181409,0,0,0.0,4.8008927852633245e-05,0,1,1,0,1,1,0,1,2848
6646212653,清纯女人味发财幸运狐狸宝宝,0.181409,0,0,0.0,4.8008927852633245e-05,0,1,1,0,1,1,0,1,2848
5677811513,用户5677811513,0.181409,0,0,0.0,4.8008927852633245e-05,0,1,1,0,1,1,0,1,2848
7727702368,千金敝帚_,0.181409,0,0,0.0,4.8008927852633245e-05,0,1,1,0,1,1,0,1,2848
5214400755,远哥我的妈妈咪呀,0.181409,0,0,0.0,4.8008927852633245e-05,0,1,1,0,1,1,0,1,2848
7089887695,再来一瓶果粒橙_,0.181409,0,0,0.0,4.8008927852633245e-05,0,1,1,0,1,1,0,1,2848
2608144250,helene886,0.181409,0,0,0.0,4.8008927852633245e-05,0,1,1,0,1,1,0,1,2848
3733983767,土豆也是醉了,0.181409,0,0,0.0,4.8008927852633245e-05,0,1,1,0,1,1,0,1,2848
2122890604,暧芝情燊,0.181409,0,0,0.0,4.8008927852633245e-05,0,1,1,0,1,1,0,1,2848
7804152685,卡卡卡卡带了啊,0.181409,0,0,0.0,4.8008927852633245e-05,0,1,1,0,1,1,0,1,2848
3949137663,Barca-tktk,0.181409,0,0,0.0,4.8008927852633245e-05,0,1,1,0,1,1,0,1,2848
7835933857,鱼要每天开开心心_,0.181409,0,0,0.0,4.8008927852633245e-05,0,1,1,0,1,1,0,1,2848
8013853792,板板来份虾仁卷饼,0.180398,0,0,0.0,4.8008927852633245e-05,0,1,1,0,1,1,0,1,2848
8427289383,甜味焦糖小蛋糕,0.180398,0,0,0.0,4.8008927852633245e-05,0,1,1,0,1,1,0,1,2848
3799376175,冰岛红茶加冰啊,0.180398,0,0,0.0,4.8008927852633245e-05,0,1,1,0,1,1,0,1,2848
6036587429,柠檬果瀑茶,0.180398,0,0,0.0,4.8008927852633245e-05,0,1,1,0,1,1,0,1,2848
1289060530,JaniceMan紫月星尘,0.180398,0,0,0.0,4.8008927852633245e-05,0,1,1,0,1,1,0,1,2848
5688504186,Mr_劉152,0.180398,0,0,0.0,4.8008927852633245e-05,0,1,1,0,1,1,0,1,2848
5838388931,谌予歌,0.180398,0,0,0.0,4.8008927852633245e-05,0,1,1,0,1,1,0,1,2848
7895530036,姜鱼小丸子_J,0.180398,0,0,0.0,4.8008927852633245e-05,0,1,1,0,1,1,0,1,2848
5581294810,欧阳紫月Devil,0.180398,0,0,0.0,4.8008927852633245e-05,0,1,1,0,1,1,0,1,2848
1774490543,小羊不打烊w,0.180398,0,0,0.0,4.8008927852633245e-05,0,1,1,0,1,1,0,1,2848
6289102385,雪大宝000000,0.180398,0,0,0.0,4.8008927852633245e-05,0,1,1,0,1,1,0,1,2848
7604206089,十方句,0.180398,0,0,0.0,4.8008927852633245e-05,0,1,1,0,1,1,0,1,2848
3078105095,每天的心情都要美美哒,0.180398,0,0,0.0,4.8008927852633245e-05,0,1,1,0,1,1,0,1,2848
7783602000,不是福尔马林液,0.180398,0,0,0.0,4.8008927852633245e-05,0,1,1,0,1,1,0,1,2848
6417311813,网抑云会员01,0.180398,0,0,0.0,4.8008927852633245e-05,0,1,1,0,1,1,0,1,2848
1774609563,jhjk玫瑰花,0.180398,0,0,0.0,4.8008927852633245e-05,0,1,1,0,1,1,0,1,2848
2150638832,西南居士,0.180398,0,0,0.0,4.8008927852633245e-05,0,1,1,0,1,1,0,1,2848
1773588075,达摩流浪者_GY,0.180398,0,0,0.0,4.8008927852633245e-05,0,1,1,0,1,1,0,1,2848
7815891292,康来坤去,0.180398,0,0,0.0,4.8008927852633245e-05,0,1,1,0,1,1,0,1,2848
7818362155,晒太阳的红可乐,0.180398,0,0,0.0,4.8008927852633245e-05,0,1,1,0,1,1,0,1,2848
7046928643,xenon_zinc,0.180398,0,0,0.0,4.8008927852633245e-05,0,1,1,0,1,1,0,1,2848
7039369410,七个福灵剂,0.179431,0,0,0.0,4.8008927852633245e-05,0,1,1,0,1,1,0,1,2848
7653443152,把地球坐标发给外星人,0.179431,0,0,0.0,4.8008927852633245e-05,0,1,1,0,1,1,0,1,2848
2598494601,你个小山炮00,0.179431,0,0,0.0,4.8008927852633245e-05,0,1,1,0,1,1,0,1,2848
1483050955,电线杆cherry爱自己,0.179431,0,0,0.0,4.8008927852633245e-05,0,1,1,0,1,1,0,1,2848
7730106133,小快乐的乐乐,0.179431,0,0,0.0,4.8008927852633245e-05,0,1,1,0,1,1,0,1,2848
1008219412,疯狂的爱狗雯雯妈,0.179431,0,0,0.0,4.8008927852633245e-05,0,1,1,0,1,1,0,1,2848
5952970349,甜蜜桂花糖,0.179431,0,0,0.0,4.8008927852633245e-05,0,1,1,0,1,1,0,1,2848
7209976143,九月回西凉,0.179431,0,0,0.0,4.8008927852633245e-05,0,1,1,0,1,1,0,1,2848
7215453518,多畦韭菜,0.179431,0,0,0.0,4.8008927852633245e-05,0,1,1,0,1,1,0,1,2848
7566055835,米芙果果,0.179431,0,0,0.0,4.8008927852633245e-05,0,1,1,0,1,1,0,1,2848
2138536734,番茄少女妈,0.179431,0,0,0.0,4.8008927852633245e-05,0,1,1,0,1,1,0,1,2848
7803564732,绮窗伊人,0.179431,0,0,0.0,4.8008927852633245e-05,0,1,1,0,1,1,0,1,2848
1706497993,丘山的五百年,0.179431,0,0,0.0,4.8008927852633245e-05,0,1,1,0,1,1,0,1,2848
7576330878,一颦一肖皆是你,0.179431,0,0,0.0,4.8008927852633245e-05,0,1,1,0,1,1,0,1,2848
7351998196,nonoman46605,0.179431,0,0,0.0,4.8008927852633245e-05,0,1,1,0,1,1,0,1,2848
8455663383,爱喝可乐的橘猫_,0.179431,0,0,0.0,4.8008927852633245e-05,0,1,1,0,1,1,0,1,2848
3606864955,bec的鱼丸,0.179431,0,0,0.0,4.8008927852633245e-05,0,1,1,0,1,1,0,1,2848
6516655185,记得明天多喝水,0.178505,0,0,0.0,4.8008927852633245e-05,0,1,1,0,1,1,0,1,2848
6207770619,黑梦高手,0.178505,0,0,0.0,4.8008927852633245e-05,0,1,1,0,1,1,0,1,2848
7780144098,文海妮妮,0.178505,0,0,0.0,4.8008927852633245e-05,0,1,1,0,1,1,0,1,2848
2394197215,孤独之星空,0.178505,0,0,0.0,4.8008927852633245e-05,0,1,1,0,1,1,0,1,2848
1887929805,S_n_o_w1011,0.178505,0,0,0.0,4.8008927852633245e-05,0,1,1,0,1,1,0,1,2848
6495291341,Minjisooyaaa_,0.178505,0,0,0.0,4.8008927852633245e-05,0,1,1,0,1,1,0,1,2848
6501435323,Fernwehhhhhhhh,0.178505,0,0,0.0,4.8008927852633245e-05,0,1,1,0,1,1,0,1,2848
5180004160,Im_Sturz_erstickt,0.178505,0,0,0.0,4.8008927852633245e-05,0,1,1,0,1,1,0,1,2848
1824681991,你可以叫我老壁灯,0.178505,0,0,0.0,4.8008927852633245e-05,0,1,1,0,1,1,0,1,2848
7841417954,咔吱咔吱碎,0.178505,0,0,0.0,4.8008927852633245e-05,0,1,1,0,1,1,0,1,2848
8006593040,白猫和海棠花,0.178505,0,0,0.0,4.8008927852633245e-05,0,1,1,0,1,1,0,1,2848
1724962892,李心洁,0.178505,0,0,0.0,4.8008927852633245e-05,0,1,1,0,1,1,0,1,2848
5411287384,赵雅芝工作室,0.178505,0,0,0.0,4.8008927852633245e-05,0,1,1,0,1,1,0,1,2848
5243857206,万了一骂句hhh,0.178505,0,0,0.0,4.8008927852633245e-05,0,1,1,0,1,1,0,1,2848
7798731230,好爱白兔蜜桃,0.178505,0,0,0.0,4.8008927852633245e-05,0,1,1,0,1,1,0,1,2848
2085049023,德哥84wz,0.178505,0,0,0.0,4.8008927852633245e-05,0,1,1,0,1,1,0,1,2848
7815645651,书香秀恩,0.178505,0,0,0.0,4.8008927852633245e-05,0,1,1,0,1,1,0,1,2848
2616558492,______猪兔子,0.178505,0,0,0.0,4.8008927852633245e-05,0,1,1,0,1,1,0,1,2848
7815357647,TonySpiderPool,0.178505,0,0,0.0,4.8008927852633245e-05,0,1,1,0,1,1,0,1,2848
7647042605,基海扬帆,0.17768,0,0,0.0,4.8008927852633245e-05,0,1,1,0,2,1,0,2,2848
5032446204,cannonkkk,0.177615,0,0,0.0,4.8008927852633245e-05,0,1,1,0,1,1,0,1,2848
5140583411,无敌妙妙喵喵,0.177615,0,0,0.0,4.8008927852633245e-05,0,1,1,0,1,1,0,1,2848
7920289808,用户7920289808,0.177615,0,0,0.0,4.8008927852633245e-05,0,1,1,0,1,1,0,1,2848
2159256052,Kaneshiro星星,0.177615,0,0,0.0,4.8008927852633245e-05,0,1,1,0,1,1,0,1,2848
2217284714,meibean,0.177615,0,0,0.0,4.8008927852633245e-05,0,1,1,0,1,1,0,1,2848
1737765801,七个孩子,0.177615,0,0,0.0,4.8008927852633245e-05,0,1,1,0,1,1,0,1,2848
6478296291,NEOSERPENT_,0.177615,0,0,0.0,4.8008927852633245e-05,0,1,1,0,1,1,0,1,2848
5851199591,_煜次方_,0.177615,0,0,0.0,4.8008927852633245e-05,0,1,1,0,1,1,0,1,2848
7294004188,今日限定的冰镇蓝莓气泡水,0.177615,0,0,0.0,4.8008927852633245e-05,0,1,1,0,1,1,0,1,2848
6536752832,惊鸿不夜侯,0.177615,0,0,0.0,4.8008927852633245e-05,0,1,1,0,1,1,0,1,2848
5709863449,Dearelice,0.177615,0,0,0.0,4.8008927852633245e-05,0,1,1,0,1,1,0,1,2848
2129407751,JeanBeeniii,0.177615,0,0,0.0,4.8008927852633245e-05,0,1,1,0,1,1,0,1,2848
5286204909,春天旅行册,0.177615,0,0,0.0,4.8008927852633245e-05,0,1,1,0,1,1,0,1,2848
6027928294,爱钩小鱼,0.177615,0,0,0.0,4.8008927852633245e-05,0,1,1,0,1,1,0,1,2848
7025526778,顾珼,0.17676,0,0,0.0,4.8008927852633245e-05,0,1,1,0,1,1,0,1,2848
7907162073,小灯牌追范路漫漫,0.17676,0,0,0.0,4.8008927852633245e-05,0,1,1,0,1,1,0,1,2848
5678631487,琑儿爸爸,0.17676,0,0,0.0,4.8008927852633245e-05,0,1,1,0,1,1,0,1,2848
1789723081,喜拿摩肉,0.17676,0,0,0.0,4.8008927852633245e-05,0,1,1,0,1,1,0,1,2848
7881413313,七朵羊毛卷儿_,0.17676,0,0,0.0,4.8008927852633245e-05,0,1,1,0,1,1,0,1,2848
6627837181,大街小雨55555,0.17676,0,0,0.0,4.8008927852633245e-05,0,1,1,0,1,1,0,1,2848
7912750208,爱你老己明天见-强强全肯定版,0.17676,0,0,0.0,4.8008927852633245e-05,0,1,1,0,1,1,0,1,2848
6343545114,饭圈的日记,0.17676,0,0,0.0,4.8008927852633245e-05,0,1,1,0,1,1,0,1,2848
5892577411,MagicLM8Goat_此生皆樊喜,0.17676,0,0,0.0,4.8008927852633245e-05,0,1,1,0,1,1,0,1,2848
7821629567,乐家一生,0.17676,0,0,0.0,4.8008927852633245e-05,0,1,1,0,1,1,0,1,2848
5832125986,野马蜀黍,0.17676,0,0,0.0,4.8008927852633245e-05,0,1,1,0,1,1,0,1,2848
1961811461,叶昭菡Veritas,0.17676,0,0,0.0,4.8008927852633245e-05,0,1,1,0,1,1,0,1,2848
6556190979,是人的自救计划,0.17676,0,0,0.0,4.8008927852633245e-05,0,1,1,0,1,1,0,1,2848
7271800506,莲藕排骨汤stars,0.17676,0,0,0.0,4.8008927852633245e-05,0,1,1,0,1,1,0,1,2848
5376705709,蛐蛐亚麻大XXX,0.17676,0,0,0.0,4.8008927852633245e-05,0,1,1,0,1,1,0,1,2848
7951235674,我他么吃吃吃,0.175937,0,0,0.0,4.8008927852633245e-05,0,1,1,0,1,1,0,1,2848
3165143097,GOZIMN,0.175937,0,0,0.0,4.8008927852633245e-05,0,1,1,0,1,1,0,1,2848
6140103743,CR7_siuuuuuuu,0.175937,0,0,0.0,4.8008927852633245e-05,0,1,1,0,1,1,0,1,2848
6981458823,七颗车厘,0.175937,0,0,0.0,4.8008927852633245e-05,0,1,1,0,1,1,0,1,2848
7799409469,啥都不知道诺娃,0.175937,0,0,0.0,4.8008927852633245e-05,0,1,1,0,1,1,0,1,2848
3872689121,oebeheis,0.175937,0,0,0.0,4.8008927852633245e-05,0,1,1,0,1,1,0,1,2848
2011253384,DimilaRRR,0.175937,0,0,0.0,4.8008927852633245e-05,0,1,1,0,1,1,0,1,2848
7419207923,植寒寒之,0.175937,0,0,0.0,4.8008927852633245e-05,0,1,1,0,1,1,0,1,2848
2423493665,EddieSnyder,0.175937,0,0,0.0,4.8008927852633245e-05,0,1,1,0,1,1,0,1,2848
1832054540,吃草的猫是我,0.175937,0,0,0.0,4.8008927852633245e-05,0,1,1,0,1,1,0,1,2848
5326483526,boboTOT,0.175937,0,0,0.0,4.8008927852633245e-05,0,1,1,0,1,1,0,1,2848
7565713094,战场原多多木,0.175937,0,0,0.0,4.8008927852633245e-05,0,1,1,0,1,1,0,1,2848
8302069509,枕梦观荧惑,0.175937,0,0,0.0,4.8008927852633245e-05,0,1,1,0,1,1,0,1,2848
5215856388,1apprec1ate,0.175937,0,0,0.0,4.8008927852633245e-05,0,1,1,0,1,1,0,1,2848
5659216419,丿都哥们儿丿,0.175144,0,0,0.0,4.8008927852633245e-05,0,1,1,0,1,1,0,1,2848
2372300315,哇啦哇啦诶咦诶,0.175144,0,0,0.0,4.8008927852633245e-05,0,1,1,0,1,1,0,1,2848
7278732469,请给咖啡因猫投喂抹茶冰激凌,0.175144,0,0,0.0,4.8008927852633245e-05,0,1,1,0,1,1,0,1,2848
6614830196,宝宝睡了,0.175144,0,0,0.0,4.8008927852633245e-05,0,1,1,0,1,1,0,1,2848
1657098895,左手抱羊少年-Mini,0.175144,0,0,0.0,4.8008927852633245e-05,0,1,1,0,1,1,0,1,2848
5125090408,A33王,0.175144,0,0,0.0,4.8008927852633245e-05,0,1,1,0,1,1,0,1,2848
5553194302,绿茵冲浪手,0.175144,0,0,0.0,4.8008927852633245e-05,0,1,1,0,1,1,0,1,2848
7609612347,沈初琼-Y,0.175144,0,0,0.0,4.8008927852633245e-05,0,1,1,0,1,1,0,1,2848
2698284755,小梅西2018,0.175144,0,0,0.0,4.8008927852633245e-05,0,1,1,0,1,1,0,1,2848
5190589411,整个互联网最细心的人,0.174379,0,0,0.0,4.8008927852633245e-05,0,1,1,0,1,1,0,1,2848
1960107865,卷毛大绵羊是斗鸡眼,0.174379,0,0,0.0,4.8008927852633245e-05,0,1,1,0,1,1,0,1,2848
6979349835,W幻幻_,0.174379,0,0,0.0,4.8008927852633245e-05,0,1,1,0,1,1,0,1,2848
3720929930,旧城里落笛声,0.174379,0,0,0.0,4.8008927852633245e-05,0,1,1,0,1,1,0,1,2848
7534912537,CR777_MJ,0.174379,0,0,0.0,4.8008927852633245e-05,0,1,1,0,1,1,0,1,2848
6157526046,74看书的猫头鹰,0.174379,0,0,0.0,4.8008927852633245e-05,0,1,1,0,1,1,0,1,2848
6485104230,贝拉爱吃蛋炒饭,0.174379,0,0,0.0,4.8008927852633245e-05,0,1,1,0,1,1,0,1,2848
5439230597,星淇小怪,0.174379,0,0,0.0,4.8008927852633245e-05,0,1,1,0,1,1,0,1,2848
5824796643,东苏西梅,0.17364,0,0,0.0,4.8008927852633245e-05,0,1,1,0,1,1,0,1,2848
7971958423,不是上周刚上过班吗,0.17364,0,0,0.0,4.8008927852633245e-05,0,1,1,0,1,1,0,1,2848
7744334254,卡比是我的猫,0.17364,0,0,0.0,4.8008927852633245e-05,0,1,1,0,1,1,0,1,2848
5216359040,昭昭如愿o岁岁安澜,0.17364,0,0,0.0,4.8008927852633245e-05,0,1,1,0,1,1,0,1,2848
7644965866,何人江边初见月-江月何年初照人,0.17364,0,0,0.0,4.8008927852633245e-05,0,1,1,0,1,1,0,1,2848
7730973077,300PAk,0.17364,0,0,0.0,4.8008927852633245e-05,0,1,1,0,1,1,0,1,2848
5964122679,於昼_,0.17364,0,0,0.0,4.8008927852633245e-05,0,1,1,0,1,1,0,1,2848
7965175957,塔米诺好帅啊,0.17364,0,0,0.0,4.8008927852633245e-05,0,1,1,0,1,1,0,1,2848
6054638721,ScottchengCR7,0.17364,0,0,0.0,4.8008927852633245e-05,0,1,1,0,1,1,0,1,2848
1863031164,西平郡御史,0.17364,0,0,0.0,4.8008927852633245e-05,0,1,1,0,1,1,0,1,2848
6520649510,-LlwWy,0.17364,0,0,0.0,4.8008927852633245e-05,0,1,1,0,1,1,0,1,2848
7914638137,好人一梅,0.172925,0,0,0.0,4.8008927852633245e-05,0,1,1,0,1,1,0,1,2848
7472830039,Goodkarmarayesaesthetic,0.172925,0,0,0.0,4.8008927852633245e-05,0,1,1,0,1,1,0,1,2848
2237183641,章鱼终结者,0.172925,0,0,0.0,4.8008927852633245e-05,0,1,1,0,1,1,0,1,2848
5263608538,后腰梅西,0.172925,0,0,0.0,4.8008927852633245e-05,0,1,1,0,1,1,0,1,2848
5830301013,冒险旅途中,0.172925,0,0,0.0,4.8008927852633245e-05,0,1,1,0,1,1,0,1,2848
6573938570,争辩毫无意义,0.172925,0,0,0.0,4.8008927852633245e-05,0,1,1,0,1,1,0,1,2848
5997339059,翻车鱼又喝拿铁了,0.172925,0,0,0.0,4.8008927852633245e-05,0,1,1,0,1,1,0,1,2848
7244689731,fifi小狗日记,0.172925,0,0,0.0,4.8008927852633245e-05,0,1,1,0,1,1,0,1,2848
1911378152,伟大的26号,0.172925,0,0,0.0,4.8008927852633245e-05,0,1,1,0,1,1,0,1,2848
2791403543,It__happens,0.172925,0,0,0.0,4.8008927852633245e-05,0,1,1,0,1,1,0,1,2848
7214862704,键盘侠killer,0.172925,0,0,0.0,4.8008927852633245e-05,0,1,1,0,1,1,0,1,2848
1694760504,盈盈和黄黄,0.172925,0,0,0.0,4.8008927852633245e-05,0,1,1,0,1,1,0,1,2848
1913382064,玖亿少女噩梦,0.172925,0,0,0.0,4.8008927852633245e-05,0,1,1,0,1,1,0,1,2848
2381760717,鸫鸦,0.172925,0,0,0.0,4.8008927852633245e-05,0,1,1,0,1,1,0,1,2848
1226232803,名字就是朵浮云,0.172233,0,0,0.0,4.8008927852633245e-05,0,1,1,0,1,1,0,1,2848
5434665240,o0喵小毛0o,0.172233,0,0,0.0,4.8008927852633245e-05,0,1,1,0,1,1,0,1,2848
5632181477,SudyJoshSudia,0.172233,0,0,0.0,4.8008927852633245e-05,0,1,1,0,1,1,0,1,2848
5455245489,蒙马特树梢猫,0.172233,0,0,0.0,4.8008927852633245e-05,0,1,1,0,1,1,0,1,2848
1665074831,谢楠,0.172233,0,0,0.0,4.8008927852633245e-05,0,1,1,0,1,1,0,1,2848
7825263438,-tegrof-,0.172233,0,0,0.0,4.8008927852633245e-05,0,1,1,0,1,1,0,1,2848
7904076213,用户7904076213,0.172233,0,0,0.0,4.8008927852633245e-05,0,1,1,0,1,1,0,1,2848
7571662162,一粒小清尘,0.172233,0,0,0.0,4.8008927852633245e-05,0,1,1,0,1,1,0,1,2848
1840772337,快乐晓朗,0.171562,0,0,0.0,4.8008927852633245e-05,0,1,1,0,1,1,0,1,2848
5054920537,zzzz浣熊,0.171562,0,0,0.0,4.8008927852633245e-05,0,1,1,0,1,1,0,1,2848
5618034425,魏love周,0.171562,0,0,0.0,4.8008927852633245e-05,0,1,1,0,1,1,0,1,2848
1102009707,垂杨柳倒拔秦始皇,0.171562,0,0,0.0,4.8008927852633245e-05,0,1,1,0,1,1,0,1,2848
3197881575,2024_Lcc途安,0.171562,0,0,0.0,4.8008927852633245e-05,0,1,1,0,1,1,0,1,2848
6694550947,文咏珊的手帖,0.171562,0,0,0.0,4.8008927852633245e-05,0,1,1,0,1,1,0,1,2848
2335120563,又懒又sang的胖子,0.171562,0,0,0.0,4.8008927852633245e-05,0,1,1,0,1,1,0,1,2848
3833957011,寒蝉凄霜,0.171562,0,0,0.0,4.8008927852633245e-05,0,1,1,0,1,1,0,1,2848
5235392814,萌萌菡菡20140131,0.170912,0,0,0.0,4.8008927852633245e-05,0,1,1,0,1,1,0,1,2848
1947995494,左右逢源oO,0.170912,0,0,0.0,4.8008927852633245e-05,0,1,1,0,1,1,0,1,2848
7977411762,大胆仙人掌在旅行,0.170912,0,0,0.0,4.8008927852633245e-05,0,1,1,0,1,1,0,1,2848
1266362847,英超只有一个男主角,0.170912,0,0,0.0,4.8008927852633245e-05,0,1,1,0,1,1,0,1,2848
2204491133,木桶镇秘密基地,0.170912,0,0,0.0,4.8008927852633245e-05,0,1,1,0,1,1,0,1,2848
2986592521,BonNid,0.170912,0,0,0.0,4.8008927852633245e-05,0,1,1,0,1,1,0,1,2848
3444444394,永恒的爱_克里斯,0.170912,0,0,0.0,4.8008927852633245e-05,0,1,1,0,1,1,0,1,2848
1745304521,大谷棒儿,0.170281,0,0,0.0,4.8008927852633245e-05,0,1,1,0,1,1,0,1,2848
7732028676,蛋糕没有豆乳,0.170281,0,0,0.0,4.8008927852633245e-05,0,1,1,0,1,1,0,1,2848
5803376323,zmy的熊熊,0.170281,0,0,0.0,4.8008927852633245e-05,0,1,1,0,1,1,0,1,2848
2062738765,上银泽,0.170281,0,0,0.0,4.8008927852633245e-05,0,1,1,0,1,1,0,1,2848
1102882352,Red_cherry,0.170281,0,0,0.0,4.8008927852633245e-05,0,1,1,0,1,1,0,1,2848
8409177419,一枝嫩雅,0.170281,0,0,0.0,4.8008927852633245e-05,0,1,1,0,1,1,0,1,2848
2136036001,好想做女孩,0.170281,0,0,0.0,4.8008927852633245e-05,0,1,1,0,1,1,0,1,2848
5854479332,我真的不馋-,0.169668,0,0,0.0,4.8008927852633245e-05,0,1,1,0,1,1,0,1,2848
5878418570,英雄的478团,0.169668,0,0,0.0,4.8008927852633245e-05,0,1,1,0,1,1,0,1,2848
6506720881,传奇人物k,0.169668,0,0,0.0,4.8008927852633245e-05,0,1,1,0,1,1,0,1,2848
2287649464,安达小充-,0.169668,0,0,0.0,4.8008927852633245e-05,0,1,1,0,1,1,0,1,2848
3177549032,淼哥-罗莱家纺-投资家-金属大神,0.169668,0,0,0.0,4.8008927852633245e-05,0,1,1,0,1,1,0,1,2848
7802091155,娃小莉,0.169668,0,0,0.0,4.8008927852633245e-05,0,1,1,0,1,1,0,1,2848
2109746983,小小coffe,0.169668,0,0,0.0,4.8008927852633245e-05,0,1,1,0,1,1,0,1,2848
2737296227,格尔尼卡的落日,0.169668,0,0,0.0,4.8008927852633245e-05,0,1,1,0,1,1,0,1,2848
5090404359,小骨头Dong,0.169668,0,0,0.0,4.8008927852633245e-05,0,1,1,0,1,1,0,1,2848
7412975351,故人容颜,0.169668,0,0,0.0,4.8008927852633245e-05,0,1,1,0,1,1,0,1,2848
7742345529,Jubar-tree,0.169668,0,0,0.0,4.8008927852633245e-05,0,1,1,0,1,1,0,1,2848
6607882366,然哥LHR,0.169072,0,0,0.0,4.8008927852633245e-05,0,1,1,0,1,1,0,1,2848
7727446595,悠悠球来也yo,0.169072,0,0,0.0,4.8008927852633245e-05,0,1,1,0,1,1,0,1,2848
7797581524,202210牧鱼,0.169072,0,0,0.0,4.8008927852633245e-05,0,1,1,0,1,1,0,1,2848
7319463318,张艺凡官方后援会,0.169072,0,0,0.0,4.8008927852633245e-05,0,1,1,0,1,1,0,1,2848
6311847543,碧落烬,0.168493,0,0,0.0,4.8008927852633245e-05,0,1,1,0,1,1,0,1,2848
7611291619,手沖蒔花劉一杯,0.168493,0,0,0.0,4.8008927852633245e-05,0,1,1,0,1,1,0,1,2848
1816555811,曾沛慈吧_PetsBar,0.168493,0,0,0.0,4.8008927852633245e-05,0,1,1,0,1,1,0,1,2848
2151047035,张鼎鼎一步又一步,0.168493,0,0,0.0,4.8008927852633245e-05,0,1,1,0,1,1,0,1,2848
3719057297,静待花开1968,0.168493,0,0,0.0,4.8008927852633245e-05,0,1,1,0,1,1,0,1,2848
2599391064,艾迪Eddie_猛男版,0.168493,0,0,0.0,4.8008927852633245e-05,0,1,1,0,1,1,0,1,2848
5177758106,哈哈哈别搜着我,0.168493,0,0,0.0,4.8008927852633245e-05,0,1,1,0,1,1,0,1,2848
2954703322,今天也在攒金币的ber,0.168493,0,0,0.0,4.8008927852633245e-05,0,1,1,0,1,1,0,1,2848
3083845235,足坛跳水goat,0.168493,0,0,0.0,4.8008927852633245e-05,0,1,1,0,1,1,0,1,2848
2948804022,无冬之旅,0.167929,0,0,0.0,4.8008927852633245e-05,0,1,1,0,1,1,0,1,2848
2046531181,专灭四害,0.167929,0,0,0.0,4.8008927852633245e-05,0,1,1,0,1,1,0,1,2848
2561103161,怒领便当的cc君,0.167929,0,0,0.0,4.8008927852633245e-05,0,1,1,0,1,1,0,1,2848
3206959331,星辰铁锈,0.167929,0,0,0.0,4.8008927852633245e-05,0,1,1,0,1,1,0,1,2848
5578440317,我们真的需要月亮吗,0.167929,0,0,0.0,4.8008927852633245e-05,0,1,1,0,1,1,0,1,2848
1802626467,M孟佳J,0.167929,0,0,0.0,4.8008927852633245e-05,0,1,1,0,1,1,0,1,2848
9176144845,用户9176144845,0.167379,0,0,0.0,4.8008927852633245e-05,0,1,1,0,1,1,0,1,2848
6285933371,裙霸1231,0.167379,0,0,0.0,4.8008927852633245e-05,0,1,1,0,1,1,0,1,2848
4053237920,三年十五亿拿了一座傻超,0.167379,0,0,0.0,4.8008927852633245e-05,0,1,1,0,1,1,0,1,2848
7835311407,小呈帽,0.167379,0,0,0.0,4.8008927852633245e-05,0,1,1,0,1,1,0,1,2848
6964621326,iamee_,0.166844,0,0,0.0,4.8008927852633245e-05,0,1,1,0,1,1,0,1,2848
5228243570,杜松树之鸟,0.166844,0,0,0.0,4.8008927852633245e-05,0,1,1,0,1,1,0,1,2848
5457962032,Angie芝兰,0.166844,0,0,0.0,4.8008927852633245e-05,0,1,1,0,1,1,0,1,2848
8004481588,OmyGosh_SY,0.166844,0,0,0.0,4.8008927852633245e-05,0,1,1,0,1,1,0,1,2848
7570811435,世纪有雪,0.166322,0,0,0.0,4.8008927852633245e-05,0,1,1,0,1,1,0,1,2848
1105009104,四处游走的咖啡,0.166322,0,0,0.0,4.8008927852633245e-05,0,1,1,0,1,1,0,1,2848
7461741263,尚且不可告知,0.166322,0,0,0.0,4.8008927852633245e-05,0,1,1,0,1,1,0,1,2848
5944541098,不等于不要命,0.166322,0,0,0.0,4.8008927852633245e-05,0,1,1,0,1,1,0,1,2848
6134563997,C壳郎,0.166322,0,0,0.0,4.8008927852633245e-05,0,1,1,0,1,1,0,1,2848
7171066659,氢气球会带着猫猫飞上天空,0.166322,0,0,0.0,4.8008927852633245e-05,0,1,1,0,1,1,0,1,2848
7519048740,前说,0.166322,0,0,0.0,4.8008927852633245e-05,0,1,1,0,1,1,0,1,2848
7783386411,江南富嫂,0.166322,0,0,0.0,4.8008927852633245e-05,0,1,1,0,1,1,0,1,2848
5756594539,10Religion,0.165812,0,0,0.0,4.8008927852633245e-05,0,1,1,0,1,1,0,1,2848
6179930798,被Leo萌翻,0.165812,0,0,0.0,4.8008927852633245e-05,0,1,1,0,1,1,0,1,2848
6499886509,桔咩味,0.165812,0,0,0.0,4.8008927852633245e-05,0,1,1,0,1,1,0,1,2848
6417288728,怪兽儿食堂-,0.165812,0,0,0.0,4.8008927852633245e-05,0,1,1,0,1,1,0,1,2848
7940348893,此亦有光,0.165812,0,0,0.0,4.8008927852633245e-05,0,1,1,0,1,1,0,1,2848
1903813533,余生终也晚,0.165315,0,0,0.0,4.8008927852633245e-05,0,1,1,0,1,1,0,1,2848
7787155246,这微博咋用啊,0.165315,0,0,0.0,4.8008927852633245e-05,0,1,1,0,1,1,0,1,2848
5344059989,立体123,0.165315,0,0,0.0,4.8008927852633245e-05,0,1,1,0,1,1,0,1,2848
6586873489,星纯檬子,0.165315,0,0,0.0,4.8008927852633245e-05,0,1,1,0,1,1,0,1,2848
7808484457,阴暗爬行呼呼哈哈嘿,0.165315,0,0,0.0,4.8008927852633245e-05,0,1,1,0,1,1,0,1,2848
7742062007,萨摩耶酥普渡世人,0.165315,0,0,0.0,4.8008927852633245e-05,0,1,1,0,1,1,0,1,2848
7237042134,李斯特是个软妹,0.165315,0,0,0.0,4.8008927852633245e-05,0,1,1,0,1,1,0,1,2848
1781568237,綦貂蝉,0.164829,0,0,0.0,4.8008927852633245e-05,0,1,1,0,1,1,0,1,2848
2343236425,我恨微积分呐,0.164829,0,0,0.0,4.8008927852633245e-05,0,1,1,0,1,1,0,1,2848
6065250621,_Amorfati_,0.164829,0,0,0.0,4.8008927852633245e-05,0,1,1,0,1,1,0,1,2848
6522321411,在庭院里没有庭院,0.164829,0,0,0.0,4.8008927852633245e-05,0,1,1,0,1,1,0,1,2848
5516825585,Ludwin张,0.164829,0,0,0.0,4.8008927852633245e-05,0,1,1,0,1,1,0,1,2848
6026418121,死鸭子嘴瓢,0.164354,0,0,0.0,4.8008927852633245e-05,0,1,1,0,1,1,0,1,2848
2006967744,雄赳赳的小伙伴不叫气昂昂,0.16389,0,0,0.0,4.8008927852633245e-05,0,1,1,0,1,1,0,1,2848
7503747153,想成为别人的风,0.16389,0,0,0.0,4.8008927852633245e-05,0,1,1,0,1,1,0,1,2848
1798738522,肉丝高R,0.16389,0,0,0.0,4.8008927852633245e-05,0,1,1,0,1,1,0,1,2848
7852255647,Acumularcoraje,0.16389,0,0,0.0,4.8008927852633245e-05,0,1,1,0,1,1,0,1,2848
6312726041,零白明,0.163436,0,0,0.0,4.8008927852633245e-05,0,1,1,0,1,1,0,1,2848
5180414133,那是我们的平原,0.162992,0,0,0.0,4.8008927852633245e-05,0,1,1,0,1,1,0,1,2848
5873220619,徐梦洁,0.162992,0,0,0.0,4.8008927852633245e-05,0,1,1,0,1,1,0,1,2848
6123208888,路遥星意词,0.162992,0,0,0.0,4.8008927852633245e-05,0,1,1,0,1,1,0,1,2848
7591441737,simpleinuchan,0.162992,0,0,0.0,4.8008927852633245e-05,0,1,1,0,1,1,0,1,2848
7455326161,JzG哈哈,0.162557,0,0,0.0,4.8008927852633245e-05,0,1,1,0,1,1,0,1,2848
2063018362,等我自己醒来,0.162557,0,0,0.0,4.8008927852633245e-05,0,1,1,0,1,1,0,1,2848
7867663616,无情吃饭机动装置,0.162557,0,0,0.0,4.8008927852633245e-05,0,1,1,0,1,1,0,1,2848
6580786502,N-baekhyun,0.162131,0,0,0.0,4.8008927852633245e-05,0,1,1,0,1,1,0,1,2848
7906460339,是队友捏,0.162131,0,0,0.0,4.8008927852633245e-05,0,1,1,0,1,1,0,1,2848
2739916933,maymaymay7,0.162131,0,0,0.0,4.8008927852633245e-05,0,1,1,0,1,1,0,1,2848
6283616615,禾吱雀,0.162131,0,0,0.0,4.8008927852633245e-05,0,1,1,0,1,1,0,1,2848
7498398920,徐若晗官方后援会,0.162131,0,0,0.0,4.8008927852633245e-05,0,1,1,0,1,1,0,1,2848
6242587462,用户6242587462,0.161714,0,0,0.0,4.8008927852633245e-05,0,1,1,0,1,1,0,1,2848
5303426500,千机不篆,0.161305,0,0,0.0,4.8008927852633245e-05,0,1,1,0,1,1,0,1,2848
7432435668,青浅向上,0.161305,0,0,0.0,4.8008927852633245e-05,0,1,1,0,1,1,0,1,2848
7123441373,阴阳二气十分沉重,0.160904,0,0,0.0,4.8008927852633245e-05,0,1,1,0,1,1,0,1,2848
3828097315,微凉仨词牌P酱,0.160904,0,0,0.0,4.8008927852633245e-05,0,1,1,0,1,1,0,1,2848
1846614551,花田梨下,0.160904,0,0,0.0,4.8008927852633245e-05,0,1,1,0,1,1,0,1,2848
2319237264,韩宣子2010,0.160511,0,0,0.0,4.8008927852633245e-05,0,1,1,0,1,1,0,1,2848
2057315464,丸子大人o-o喵,0.160511,0,0,0.0,4.8008927852633245e-05,0,1,1,0,1,1,0,1,2848
2419767744,皮蛋solo粥_晓佰,0.160511,0,0,0.0,4.8008927852633245e-05,0,1,1,0,1,1,0,1,2848
2108758754,笔书William颜,0.160125,0,0,0.0,4.8008927852633245e-05,0,1,1,0,1,1,0,1,2848
7852767785,脚踢反贼拳打美分手撕1450给爷爬,0.160125,0,0,0.0,4.8008927852633245e-05,0,1,1,0,1,1,0,1,2848
5778761561,陌头杨柳吹成雪,0.159747,0,0,0.0,4.8008927852633245e-05,0,1,1,0,1,1,0,1,2848
2884540223,N丶说的都对,0.159747,0,0,0.0,4.8008927852633245e-05,0,1,1,0,1,1,0,1,2848
6502847479,用户6502847479,0.159747,0,0,0.0,4.8008927852633245e-05,0,1,1,0,1,1,0,1,2848
5845694399,暮往_,0.159375,0,0,0.0,4.8008927852633245e-05,0,1,1,0,1,1,0,1,2848
5660648279,限定然然er,0.159375,0,0,0.0,4.8008927852633245e-05,0,1,1,0,1,1,0,1,2848
7658908040,996优秀员工,0.159375,0,0,0.0,4.8008927852633245e-05,0,1,1,0,1,1,0,1,2848
5957497363,气若幽兰拿铁,0.15901,0,0,0.0,4.8008927852633245e-05,0,1,1,0,1,1,0,1,2848
2095733924,糖糖爱蔻蔻,0.15901,0,0,0.0,4.8008927852633245e-05,0,1,1,0,1,1,0,1,2848
6514492322,李紫婷MiMi官方粉丝团,0.15901,0,0,0.0,4.8008927852633245e-05,0,1,1,0,1,1,0,1,2848
7481054233,想去宇宙的尽头航行,0.15901,0,0,0.0,4.8008927852633245e-05,0,1,1,0,1,1,0,1,2848
5697540134,望月桥--,0.15901,0,0,0.0,4.8008927852633245e-05,0,1,1,0,1,1,0,1,2848
1583856372,rcelfkygeyxm,0.158651,0,0,0.0,4.8008927852633245e-05,0,1,1,0,1,1,0,1,2848
3266191104,我就是开不了口让他知道,0.158651,0,0,0.0,4.8008927852633245e-05,0,1,1,0,1,1,0,1,2848
3549498150,甜柳叁橙子,0.158299,0,0,0.0,4.8008927852633245e-05,0,1,1,0,1,1,0,1,2848
6341263455,熊猫大侠1327,0.158299,0,0,0.0,4.8008927852633245e-05,0,1,1,0,1,1,0,1,2848
1949571457,忧郁的精神病宅男,0.157953,0,0,0.0,4.8008927852633245e-05,0,1,1,0,1,1,0,1,2848
7325042768,reset漫游试验,0.157613,0,0,0.0,4.8008927852633245e-05,0,1,1,0,1,1,0,1,2848
7714701957,永不缺乏尝试的勇气,0.157278,0,0,0.0,4.8008927852633245e-05,0,1,1,0,1,1,0,1,2848
7728935639,风中有朵雨做的云多多,0.157278,0,0,0.0,4.8008927852633245e-05,0,1,1,0,1,1,0,1,2848
6532009767,我爱火锅啊啊啊啊123,0.157278,0,0,0.0,4.8008927852633245e-05,0,1,1,0,1,1,0,1,2848
6614528596,忱影,0.156624,0,0,0.0,4.8008927852633245e-05,0,1,1,0,1,1,0,1,2848
7387161612,蒲公英茉莉花,0.156306,0,0,0.0,4.8008927852633245e-05,0,1,1,0,1,1,0,1,2848
5078335381,Lily酱爱捉迷藏,0.155683,0,0,0.0,4.8008927852633245e-05,0,1,1,0,1,1,0,1,2848
6375869841,种个木木得大树,0.155683,0,0,0.0,4.8008927852633245e-05,0,1,1,0,1,1,0,1,2848
5681753497,咕噜农汤,0.155683,0,0,0.0,4.8008927852633245e-05,0,1,1,0,1,1,0,1,2848
1381089144,美抓她是少女Max,0.155079,0,0,0.0,4.8008927852633245e-05,0,1,1,0,1,1,0,1,2848
7503863946,潘恩的荒原,0.154784,0,0,0.0,4.8008927852633245e-05,0,1,1,0,1,1,0,1,2848
7723389990,纯美路边安德森,0.154206,0,0,0.0,4.8008927852633245e-05,0,1,1,0,1,1,0,1,2848
5853492283,二次元萌荐,0.153923,0,0,0.0,4.8008927852633245e-05,0,1,1,0,1,1,0,1,2848
5360267657,没写完明天再写,0.153645,0,0,0.0,4.8008927852633245e-05,0,1,1,0,1,1,0,1,2848
1660689347,潜水中的牛肉,0.15337,0,0,0.0,4.8008927852633245e-05,0,1,1,0,1,1,0,1,2848
7672433302,沈小婷后援会官博,0.153099,0,0,0.0,4.8008927852633245e-05,0,1,1,0,1,1,0,1,2848
7616728356,用户7616728356,0.153099,0,0,0.0,4.8008927852633245e-05,0,1,1,0,1,1,0,1,2848
7800766830,蓝色老妖姬009,0.152307,0,0,0.0,4.8008927852633245e-05,0,1,1,0,1,1,0,1,2848
2654117967,微博影像年,0.152307,0,0,0.0,4.8008927852633245e-05,0,1,1,0,1,1,0,1,2848
5392590669,桃花仙人乄,0.152307,0,0,0.0,4.8008927852633245e-05,0,1,1,0,1,1,0,1,2848
5281409415,沙雕网名真难取啊,0.15205,0,0,0.0,4.8008927852633245e-05,0,1,1,0,1,1,0,1,2848
2315321560,雅赞小铺,0.15205,0,0,0.0,4.8008927852633245e-05,0,1,1,0,1,1,0,1,2848
1084377574,Leilei-rae,0.151546,0,0,0.0,4.8008927852633245e-05,0,1,1,0,1,1,0,1,2848
3016651517,绒毛鸭儿_,0.151299,0,0,0.0,4.8008927852633245e-05,0,1,1,0,1,1,0,1,2848
7805336245,用户7805336245,0.151299,0,0,0.0,4.8008927852633245e-05,0,1,1,0,1,1,0,1,2848
5966495566,秣偕,0.150814,0,0,0.0,4.8008927852633245e-05,0,1,1,0,1,1,0,1,2848
6116297971,Lijiahui卉,0.150814,0,0,0.0,4.8008927852633245e-05,0,1,1,0,1,1,0,1,2848
7470908541,Nine9酿久,0.150576,0,0,0.0,4.8008927852633245e-05,0,1,1,0,1,1,0,1,2848
6128111861,勤奋seeyouagain775,0.150108,0,0,0.0,4.8008927852633245e-05,0,1,1,0,1,1,0,1,2848
5203157774,山林和河海,0.149651,0,0,0.0,4.8008927852633245e-05,0,1,1,0,1,1,0,1,2848
5327980588,晴天里灿烂,0.149427,0,0,0.0,4.8008927852633245e-05,0,1,1,0,1,1,0,1,2848
3750067004,胖子摩羯座,0.149205,0,0,0.0,4.8008927852633245e-05,0,1,1,0,1,1,0,1,2848
6613325275,用户6613325275,0.148986,0,0,0.0,4.8008927852633245e-05,0,1,1,0,1,1,0,1,2848
1902855323,Jimmy刀客,0.147925,0,0,0.0,4.8008927852633245e-05,0,1,1,0,1,1,0,1,2848
7940862064,-小小果粒橙,0.147517,0,0,0.0,4.8008927852633245e-05,0,1,1,0,1,1,0,1,2848
7833775310,hardwork_always_paysoff,0.147316,0,0,0.0,4.8008927852633245e-05,0,1,1,0,1,1,0,1,2848
3201134251,呼呼_6074,0.145234,0,0,0.0,4.8008927852633245e-05,0,1,1,0,1,1,0,1,2848
6174051169,PN_Su,0.145056,0,0,0.0,4.8008927852633245e-05,0,1,1,0,1,1,0,1,2848
6652974634,知名唠嗑艺术家,0.144704,0,0,0.0,4.8008927852633245e-05,0,1,1,0,1,1,0,1,2848
7497587655,Apovia,0.144531,0,0,0.0,4.8008927852633245e-05,0,1,1,0,1,1,0,1,2848
6126717712,bubble九九,0.144359,0,0,0.0,4.8008927852633245e-05,0,1,1,0,1,1,0,1,2848
2553585884,咖啡OOCOOC,0.143687,0,0,0.0,4.8008927852633245e-05,0,1,1,0,1,1,0,1,2848
2035192127,小龙虾螺蛳粉123,0.142721,0,0,0.0,4.8008927852633245e-05,0,1,1,0,1,1,0,1,2848
5536408380,梦小暖小小兔,0.142721,0,0,0.0,4.8008927852633245e-05,0,1,1,0,1,1,0,1,2848
2044556797,秦始皇Parody,0.14241,0,0,0.0,4.8008927852633245e-05,0,1,1,0,1,1,0,1,2848
3095801057,晓燕312,0.141953,0,0,0.0,4.8008927852633245e-05,0,1,1,0,1,1,0,1,2848
2280862092,summer-muu,0.141655,0,0,0.0,4.8008927852633245e-05,0,1,1,0,1,1,0,1,2848
5893992672,想逃离这个疯狂世界__,0.141072,0,0,0.0,4.8008927852633245e-05,0,1,1,0,1,1,0,1,2848
7821254691,Godblessm米,0.140368,0,0,0.0,4.8008927852633245e-05,0,1,1,0,1,1,0,1,2848
7475688423,偷三次閒,0.130915,0,0,0.0,4.8008927852633245e-05,0,1,1,0,1,1,0,1,2848
